run_id,split,semantic_label,benchmark_label,drift_gate_pass,control_shift_label,change_family_id,implementation_id,component_id,change_target_component_id,affected_component_ids,oracle_component_ids,used_for_protocol_development,windows,events,sequence_unit,original_split,source_generation,protocol_role,window_event_occurrences,original_run_id,target_benchmark_label,label_source,workload_seed
baseline_no_change_all_cloud_controls_v0_1_20260703_151500_r01,train,expected,baseline_normal,,baseline_no_shift,baseline,cloud_baseline_no_change_v0_1,all,none,all-observed-services,"ts-gateway-service,ts-price-service,ts-route-service,ts-train-service,ts-station-service",false,26,1052,run_id+phase+service_name,train,legacy_v0_4,normal_reference,,,,,
noop_redeploy_ts-price-service_cloud_controls_v0_1_20260703_151500_r02,train,expected,no_op_control,,no_op_no_shift,noop_redeployment,ts-price-service_rollout_restart_same_spec_cloud_v0_1,ts-price-service,ts-price-service,"ts-price-service,ts-gateway-service","ts-gateway-service,ts-price-service",false,26,1048,run_id+phase+service_name,train,legacy_v0_4,normal_reference,,,,,
baseline_no_change_all_cloud_controls_v0_1_20260703_151500_r04,train,expected,baseline_normal,,baseline_no_shift,baseline,cloud_baseline_no_change_v0_1,all,none,all-observed-services,"ts-gateway-service,ts-price-service,ts-route-service,ts-train-service,ts-station-service",false,26,1048,run_id+phase+service_name,train,legacy_v0_4,normal_reference,,,,,
noop_redeploy_ts-route-service_cloud_controls_v0_1_20260703_151500_r06,train,expected,no_op_control,,no_op_no_shift,noop_redeployment,ts-route-service_rollout_restart_same_spec_cloud_v0_1,ts-route-service,ts-route-service,"ts-route-service,ts-gateway-service","ts-gateway-service,ts-route-service",false,26,1050,run_id+phase+service_name,train,legacy_v0_4,normal_reference,,,,,
baseline_no_change_all_cloud_controls_v0_1_20260703_151500_r08,train,expected,baseline_normal,,baseline_no_shift,baseline,cloud_baseline_no_change_v0_1,all,none,all-observed-services,"ts-gateway-service,ts-price-service,ts-route-service,ts-train-service,ts-station-service",false,26,1049,run_id+phase+service_name,train,legacy_v0_4,normal_reference,,,,,
baseline_no_change_all_cloud_controls_v0_1_20260703_151500_r09,train,expected,baseline_normal,,baseline_no_shift,baseline,cloud_baseline_no_change_v0_1,all,none,all-observed-services,"ts-gateway-service,ts-price-service,ts-route-service,ts-train-service,ts-station-service",false,26,1049,run_id+phase+service_name,train,legacy_v0_4,normal_reference,,,,,
noop_redeploy_ts-price-service_cloud_controls_v0_1_20260703_151500_r11,train,expected,no_op_control,,no_op_no_shift,noop_redeployment,ts-price-service_rollout_restart_same_spec_cloud_v0_1,ts-price-service,ts-price-service,"ts-price-service,ts-gateway-service","ts-gateway-service,ts-price-service",false,26,1052,run_id+phase+service_name,train,legacy_v0_4,normal_reference,,,,,
baseline_no_change_all_cloud_controls_v0_1_20260703_151500_r12,train,expected,baseline_normal,,baseline_no_shift,baseline,cloud_baseline_no_change_v0_1,all,none,all-observed-services,"ts-gateway-service,ts-price-service,ts-route-service,ts-train-service,ts-station-service",false,26,1049,run_id+phase+service_name,train,legacy_v0_4,normal_reference,,,,,
baseline_no_change_all_cloud_controls_v0_1_20260703_151500_r13,train,expected,baseline_normal,,baseline_no_shift,baseline,cloud_baseline_no_change_v0_1,all,none,all-observed-services,"ts-gateway-service,ts-price-service,ts-route-service,ts-train-service,ts-station-service",false,26,1050,run_id+phase+service_name,train,legacy_v0_4,normal_reference,,,,,
baseline_no_change_all_cloud_controls_v0_1_20260703_151500_r03,development_archive,expected,baseline_normal,,baseline_no_shift,baseline,cloud_baseline_no_change_v0_1,all,none,all-observed-services,"ts-gateway-service,ts-price-service,ts-route-service,ts-train-service,ts-station-service",false,26,1049,run_id+phase+service_name,dev,legacy_v0_4,development_archive,,,,,
baseline_no_change_all_cloud_controls_v0_1_20260703_151500_r05,development_archive,expected,baseline_normal,,baseline_no_shift,baseline,cloud_baseline_no_change_v0_1,all,none,all-observed-services,"ts-gateway-service,ts-price-service,ts-route-service,ts-train-service,ts-station-service",false,26,1047,run_id+phase+service_name,dev,legacy_v0_4,development_archive,,,,,
noop_redeploy_ts-train-service_cloud_controls_v0_1_20260703_151500_r07,development_archive,expected,no_op_control,,no_op_no_shift,noop_redeployment,ts-train-service_rollout_restart_same_spec_cloud_v0_1,ts-train-service,ts-train-service,"ts-train-service,ts-gateway-service","ts-gateway-service,ts-train-service",false,26,1050,run_id+phase+service_name,dev,legacy_v0_4,development_archive,,,,,
baseline_no_change_all_cloud_controls_v0_1_20260703_151500_r10,development_archive,expected,baseline_normal,,baseline_no_shift,baseline,cloud_baseline_no_change_v0_1,all,none,all-observed-services,"ts-gateway-service,ts-price-service,ts-route-service,ts-train-service,ts-station-service",false,26,1051,run_id+phase+service_name,dev,legacy_v0_4,development_archive,,,,,
noop_redeploy_ts-station-service_cloud_controls_v0_1_20260703_151500_r14_retry1,development_archive,expected,no_op_control,,no_op_no_shift,noop_redeployment,ts-station-service_rollout_restart_same_spec_cloud_v0_1,ts-station-service,ts-station-service,"ts-station-service,ts-gateway-service","ts-gateway-service,ts-station-service",false,26,1049,run_id+phase+service_name,dev,legacy_v0_4,development_archive,,,,,
baseline_no_change_all_cloud_controls_v0_1_20260703_151500_r15,development_archive,expected,baseline_normal,,baseline_no_shift,baseline,cloud_baseline_no_change_v0_1,all,none,all-observed-services,"ts-gateway-service,ts-price-service,ts-route-service,ts-train-service,ts-station-service",false,26,1049,run_id+phase+service_name,dev,legacy_v0_4,development_archive,,,,,
expected_route_mix_cloud_mini_v0_1_20260704_r01,development_archive,expected,expected_drift,1,,expected_workload_mix,w1_to_route_query_heavy_cloud_v1,workload_profile,workload-generator,"ts-gateway-service,ts-route-service,ts-station-service","ts-gateway-service,ts-route-service,ts-station-service",false,15,624,run_id+phase+service_name,dev,legacy_v0_4,development_archive,,,,,
expected_train_station_mix_cloud_mini_v0_1_20260704_r02,development_archive,expected,expected_drift,1,,expected_workload_mix,w1_to_train_station_query_heavy_cloud_v1,workload_profile,workload-generator,"ts-gateway-service,ts-train-service,ts-station-service","ts-gateway-service,ts-train-service,ts-station-service",false,15,624,run_id+phase+service_name,dev,legacy_v0_4,development_archive,,,,,
expected_price_scale_cloud_mini_v0_1_20260704_r03,development_archive,expected,expected_drift,1,,expected_resource_scale,price_replicas_1_to_2_cloud_v1,ts-price-service,ts-price-service,"ts-price-service,ts-gateway-service","ts-gateway-service,ts-price-service",false,15,629,run_id+phase+service_name,dev,legacy_v0_4,development_archive,,,,,
expected_low_impact_ui_annotation_cloud_mini_v0_1_20260704_r04,development_archive,expected,successful_no_drift,0,,expected_low_impact_config,ui_dashboard_metadata_annotation_cloud_v1,ts-ui-dashboard,ts-ui-dashboard,ts-ui-dashboard,"ts-gateway-service,ts-price-service,ts-route-service,ts-train-service,ts-station-service",false,15,629,run_id+phase+service_name,dev,legacy_v0_4,development_archive,,,,,
unexpected_price_bad_db_port_cloud_mini_v0_1_20260704_r05,development_archive,unexpected,unexpected_drift,1,,unexpected_bad_port,price_wrong_db_port_3399_cloud_v1,ts-price-service,ts-price-service,"ts-price-service,ts-gateway-service","ts-gateway-service,ts-price-service",false,152,7470,run_id+phase+service_name,dev,legacy_v0_4,development_archive,,,,,
unexpected_price_scale_zero_cloud_mini_v0_1_20260704_r06,development_archive,unexpected,unexpected_drift,1,,unexpected_service_termination,price_replicas_1_to_0_cloud_v1,ts-price-service,ts-price-service,"ts-price-service,ts-gateway-service","ts-gateway-service,ts-price-service",false,15,608,run_id+phase+service_name,dev,legacy_v0_4,development_archive,,,,,
unexpected_route_scale_zero_cloud_mini_v0_1_20260704_r07,development_archive,unexpected,unexpected_drift,1,,unexpected_service_termination,route_replicas_1_to_0_cloud_v1,ts-route-service,ts-route-service,"ts-route-service,ts-gateway-service","ts-gateway-service,ts-route-service",false,15,626,run_id+phase+service_name,dev,legacy_v0_4,development_archive,,,,,
unexpected_seat_scale_zero_weak_cloud_mini_v0_1_20260704_r08,development_archive,unexpected,unexpected_without_observable_log_drift,0,,unexpected_low_coverage_service_loss,seat_replicas_1_to_0_cloud_v1,ts-seat-service,ts-seat-service,"ts-seat-service,ts-gateway-service","ts-gateway-service,ts-seat-service",false,16,641,run_id+phase+service_name,dev,legacy_v0_4,development_archive,,,,,
expected_route_heavy_cloud_formal_v0_2_20260704_r01,development_archive,expected,expected_drift,1,,expected_workload_mix,w1_to_route_query_heavy_cloud_v1,workload_profile,workload-generator,"ts-gateway-service,ts-route-service,ts-station-service","ts-gateway-service,ts-route-service,ts-station-service",false,15,624,run_id+phase+service_name,test,legacy_v0_4,development_archive,,,,,
expected_li_ui_annotation_cloud_formal_v0_2_20260704_r02,development_archive,expected,successful_no_drift,0,,expected_low_impact_config,ui_dashboard_metadata_annotation_cloud_v1,ts-ui-dashboard,ts-ui-dashboard,ts-ui-dashboard,"ts-gateway-service,ts-price-service,ts-route-service,ts-train-service,ts-station-service",false,15,629,run_id+phase+service_name,test,legacy_v0_4,development_archive,,,,,
unexp_price_bad_db_port_cloud_formal_v0_2_20260704_r03,development_archive,unexpected,unexpected_drift,1,,unexpected_bad_port,price_wrong_db_port_3399_cloud_v1,ts-price-service,ts-price-service,"ts-price-service,ts-gateway-service","ts-gateway-service,ts-price-service",false,152,7469,run_id+phase+service_name,test,legacy_v0_4,development_archive,,,,,
unexp_seat_zero_weak_cloud_formal_v0_2_20260704_r04,development_archive,unexpected,unexpected_drift,1,,unexpected_low_coverage_service_loss,seat_replicas_1_to_0_cloud_v1,ts-seat-service,ts-seat-service,"ts-seat-service,ts-gateway-service","ts-gateway-service,ts-seat-service",false,16,641,run_id+phase+service_name,test,legacy_v0_4,development_archive,,,,,
expected_train_station_heavy_cloud_formal_v0_2_20260704_r05,development_archive,expected,expected_drift,1,,expected_workload_mix,w1_to_train_station_query_heavy_cloud_v1,workload_profile,workload-generator,"ts-gateway-service,ts-train-service,ts-station-service","ts-gateway-service,ts-train-service,ts-station-service",false,15,624,run_id+phase+service_name,test,legacy_v0_4,development_archive,,,,,
expected_li_price_annotation_cloud_formal_v0_2_20260704_r06,development_archive,expected,successful_no_drift,0,,expected_low_impact_config,price_metadata_annotation_cloud_v1,ts-price-service,ts-price-service,ts-price-service,"ts-gateway-service,ts-price-service,ts-route-service,ts-train-service,ts-station-service",false,15,626,run_id+phase+service_name,test,legacy_v0_4,development_archive,,,,,
unexp_price_zero_cloud_formal_v0_2_20260704_r07,development_archive,unexpected,unexpected_drift,1,,unexpected_service_termination,price_replicas_1_to_0_cloud_v1,ts-price-service,ts-price-service,"ts-price-service,ts-gateway-service","ts-gateway-service,ts-price-service",false,15,608,run_id+phase+service_name,test,legacy_v0_4,development_archive,,,,,
unexp_user_zero_weak_cloud_formal_v0_2_20260704_r08,development_archive,unexpected,unexpected_without_observable_log_drift,0,,unexpected_low_coverage_service_loss,user_replicas_1_to_0_cloud_v1,ts-user-service,ts-user-service,"ts-user-service,ts-gateway-service","ts-gateway-service,ts-user-service",false,16,650,run_id+phase+service_name,test,legacy_v0_4,development_archive,,,,,
expected_scale_price_scale2_cloud_formal_v0_2_20260704_r09,development_archive,expected,successful_no_drift,0,,expected_resource_scale,price_replicas_1_to_2_cloud_v1,ts-price-service,ts-price-service,"ts-price-service,ts-gateway-service","ts-gateway-service,ts-price-service",false,15,629,run_id+phase+service_name,test,legacy_v0_4,development_archive,,,,,
expected_li_route_annotation_cloud_formal_v0_2_20260704_r10,development_archive,expected,successful_no_drift,0,,expected_low_impact_config,route_metadata_annotation_cloud_v1,ts-route-service,ts-route-service,ts-route-service,"ts-gateway-service,ts-price-service,ts-route-service,ts-train-service,ts-station-service",false,15,628,run_id+phase+service_name,test,legacy_v0_4,development_archive,,,,,
unexp_route_zero_cloud_formal_v0_2_20260704_r11,development_archive,unexpected,unexpected_drift,1,,unexpected_service_termination,route_replicas_1_to_0_cloud_v1,ts-route-service,ts-route-service,"ts-route-service,ts-gateway-service","ts-gateway-service,ts-route-service",false,15,620,run_id+phase+service_name,test,legacy_v0_4,development_archive,,,,,
unexp_basic_zero_weak_cloud_formal_v0_2_20260704_r12,development_archive,unexpected,unexpected_without_observable_log_drift,0,,unexpected_low_coverage_service_loss,basic_replicas_1_to_0_cloud_v1,ts-basic-service,ts-basic-service,"ts-basic-service,ts-gateway-service","ts-gateway-service,ts-basic-service",false,16,647,run_id+phase+service_name,test,legacy_v0_4,development_archive,,,,,
expected_scale_route_scale2_cloud_formal_v0_2_20260704_r13,development_archive,expected,successful_no_drift,0,,expected_resource_scale,route_replicas_1_to_2_cloud_v1,ts-route-service,ts-route-service,"ts-route-service,ts-gateway-service","ts-gateway-service,ts-route-service",false,15,629,run_id+phase+service_name,test,legacy_v0_4,development_archive,,,,,
expected_li_train_annotation_cloud_formal_v0_2_20260704_r14,development_archive,expected,successful_no_drift,0,,expected_low_impact_config,train_metadata_annotation_cloud_v1,ts-train-service,ts-train-service,ts-train-service,"ts-gateway-service,ts-price-service,ts-route-service,ts-train-service,ts-station-service",false,15,629,run_id+phase+service_name,test,legacy_v0_4,development_archive,,,,,
unexp_train_zero_cloud_formal_v0_2_20260704_r15,development_archive,unexpected,unexpected_drift,1,,unexpected_service_termination,train_replicas_1_to_0_cloud_v1,ts-train-service,ts-train-service,"ts-train-service,ts-gateway-service","ts-gateway-service,ts-train-service",false,15,621,run_id+phase+service_name,test,legacy_v0_4,development_archive,,,,,
unexp_config_zero_weak_cloud_formal_v0_2_20260704_r16,development_archive,unexpected,unexpected_drift,1,,unexpected_low_coverage_service_loss,config_replicas_1_to_0_cloud_v1,ts-config-service,ts-config-service,"ts-config-service,ts-gateway-service","ts-gateway-service,ts-config-service",false,16,650,run_id+phase+service_name,test,legacy_v0_4,development_archive,,,,,
expected_route_heavy_cloud_formal_v0_2_20260704_r17,development_archive,expected,expected_drift,1,,expected_workload_mix,w1_to_route_query_heavy_cloud_v1,workload_profile,workload-generator,"ts-gateway-service,ts-route-service,ts-station-service","ts-gateway-service,ts-route-service,ts-station-service",false,15,624,run_id+phase+service_name,test,legacy_v0_4,development_archive,,,,,
expected_li_station_annotation_cloud_formal_v0_2_20260704_r18,development_archive,expected,successful_no_drift,0,,expected_low_impact_config,station_metadata_annotation_cloud_v1,ts-station-service,ts-station-service,ts-station-service,"ts-gateway-service,ts-price-service,ts-route-service,ts-train-service,ts-station-service",false,15,629,run_id+phase+service_name,test,legacy_v0_4,development_archive,,,,,
unexp_station_zero_cloud_formal_v0_2_20260704_r19,development_archive,unexpected,unexpected_without_observable_log_drift,0,,unexpected_service_termination,station_replicas_1_to_0_cloud_v1,ts-station-service,ts-station-service,"ts-station-service,ts-gateway-service","ts-gateway-service,ts-station-service",false,16,644,run_id+phase+service_name,test,legacy_v0_4,development_archive,,,,,
unexp_seat_zero_weak_cloud_formal_v0_2_20260704_r20,development_archive,unexpected,unexpected_without_observable_log_drift,0,,unexpected_low_coverage_service_loss,seat_replicas_1_to_0_cloud_v1,ts-seat-service,ts-seat-service,"ts-seat-service,ts-gateway-service","ts-gateway-service,ts-seat-service",false,16,641,run_id+phase+service_name,test,legacy_v0_4,development_archive,,,,,
expected_train_station_heavy_cloud_formal_v0_2_20260704_r21,development_archive,expected,expected_drift,1,,expected_workload_mix,w1_to_train_station_query_heavy_cloud_v1,workload_profile,workload-generator,"ts-gateway-service,ts-train-service,ts-station-service","ts-gateway-service,ts-train-service,ts-station-service",false,15,624,run_id+phase+service_name,test,legacy_v0_4,development_archive,,,,,
expected_li_ui_annotation_cloud_formal_v0_2_20260704_r22,development_archive,expected,successful_no_drift,0,,expected_low_impact_config,ui_dashboard_metadata_annotation_cloud_v1,ts-ui-dashboard,ts-ui-dashboard,ts-ui-dashboard,"ts-gateway-service,ts-price-service,ts-route-service,ts-train-service,ts-station-service",false,15,629,run_id+phase+service_name,test,legacy_v0_4,development_archive,,,,,
unexp_price_bad_db_port_cloud_formal_v0_2_20260704_r23,development_archive,unexpected,unexpected_drift,1,,unexpected_bad_port,price_wrong_db_port_3399_cloud_v1,ts-price-service,ts-price-service,"ts-price-service,ts-gateway-service","ts-gateway-service,ts-price-service",false,155,7593,run_id+phase+service_name,test,legacy_v0_4,development_archive,,,,,
unexp_user_zero_weak_cloud_formal_v0_2_20260704_r24,development_archive,unexpected,unexpected_without_observable_log_drift,0,,unexpected_low_coverage_service_loss,user_replicas_1_to_0_cloud_v1,ts-user-service,ts-user-service,"ts-user-service,ts-gateway-service","ts-gateway-service,ts-user-service",false,16,650,run_id+phase+service_name,test,legacy_v0_4,development_archive,,,,,
expected_scale_train_scale2_cloud_formal_v0_2_20260704_r25,development_archive,expected,successful_no_drift,0,,expected_resource_scale,train_replicas_1_to_2_cloud_v1,ts-train-service,ts-train-service,"ts-train-service,ts-gateway-service","ts-gateway-service,ts-train-service",false,15,629,run_id+phase+service_name,test,legacy_v0_4,development_archive,,,,,
expected_li_price_annotation_cloud_formal_v0_2_20260704_r26,development_archive,expected,expected_drift,1,,expected_low_impact_config,price_metadata_annotation_cloud_v1,ts-price-service,ts-price-service,ts-price-service,"ts-gateway-service,ts-price-service,ts-route-service,ts-train-service,ts-station-service",false,15,629,run_id+phase+service_name,test,legacy_v0_4,development_archive,,,,,
unexp_price_zero_cloud_formal_v0_2_20260704_r27,development_archive,unexpected,unexpected_drift,1,,unexpected_service_termination,price_replicas_1_to_0_cloud_v1,ts-price-service,ts-price-service,"ts-price-service,ts-gateway-service","ts-gateway-service,ts-price-service",false,15,608,run_id+phase+service_name,test,legacy_v0_4,development_archive,,,,,
unexp_basic_zero_weak_cloud_formal_v0_2_20260704_r28,development_archive,unexpected,unexpected_without_observable_log_drift,0,,unexpected_low_coverage_service_loss,basic_replicas_1_to_0_cloud_v1,ts-basic-service,ts-basic-service,"ts-basic-service,ts-gateway-service","ts-gateway-service,ts-basic-service",false,16,647,run_id+phase+service_name,test,legacy_v0_4,development_archive,,,,,
expected_scale_station_scale2_cloud_formal_v0_2_20260704_r29,development_archive,expected,successful_no_drift,0,,expected_resource_scale,station_replicas_1_to_2_cloud_v1,ts-station-service,ts-station-service,"ts-station-service,ts-gateway-service","ts-gateway-service,ts-station-service",false,15,627,run_id+phase+service_name,test,legacy_v0_4,development_archive,,,,,
expected_li_route_annotation_cloud_formal_v0_2_20260704_r30,development_archive,expected,successful_no_drift,0,,expected_low_impact_config,route_metadata_annotation_cloud_v1,ts-route-service,ts-route-service,ts-route-service,"ts-gateway-service,ts-price-service,ts-route-service,ts-train-service,ts-station-service",false,15,629,run_id+phase+service_name,test,legacy_v0_4,development_archive,,,,,
unexp_route_zero_cloud_formal_v0_2_20260704_r31,development_archive,unexpected,unexpected_drift,1,,unexpected_service_termination,route_replicas_1_to_0_cloud_v1,ts-route-service,ts-route-service,"ts-route-service,ts-gateway-service","ts-gateway-service,ts-route-service",false,15,620,run_id+phase+service_name,test,legacy_v0_4,development_archive,,,,,
unexp_config_zero_weak_cloud_formal_v0_2_20260704_r32,development_archive,unexpected,unexpected_without_observable_log_drift,0,,unexpected_low_coverage_service_loss,config_replicas_1_to_0_cloud_v1,ts-config-service,ts-config-service,"ts-config-service,ts-gateway-service","ts-gateway-service,ts-config-service",false,16,650,run_id+phase+service_name,test,legacy_v0_4,development_archive,,,,,
expected_route_heavy_cloud_formal_v0_2_targetedC_r33,development_archive,expected,expected_drift,1,,expected_workload_mix,w1_to_route_query_heavy_cloud_v1,workload_profile,workload-generator,"ts-gateway-service,ts-route-service,ts-station-service","ts-gateway-service,ts-route-service,ts-station-service",false,15,623,run_id+phase+service_name,test,legacy_v0_4,development_archive,,,,,
expected_train_station_heavy_cloud_formal_v0_2_targetedC_r34,development_archive,expected,expected_drift,1,,expected_workload_mix,w1_to_train_station_query_heavy_cloud_v1,workload_profile,workload-generator,"ts-gateway-service,ts-train-service,ts-station-service","ts-gateway-service,ts-train-service,ts-station-service",false,15,624,run_id+phase+service_name,test,legacy_v0_4,development_archive,,,,,
expected_route_heavy_cloud_formal_v0_2_targetedC_r35,development_archive,expected,expected_drift,1,,expected_workload_mix,w1_to_route_query_heavy_cloud_v1,workload_profile,workload-generator,"ts-gateway-service,ts-route-service,ts-station-service","ts-gateway-service,ts-route-service,ts-station-service",false,15,622,run_id+phase+service_name,test,legacy_v0_4,development_archive,,,,,
unexp_user_zero_weak_cloud_formal_v0_2_targetedC_r36,development_archive,unexpected,unexpected_without_observable_log_drift,0,,unexpected_low_coverage_service_loss,user_replicas_1_to_0_cloud_v1,ts-user-service,ts-user-service,"ts-user-service,ts-gateway-service","ts-gateway-service,ts-user-service",false,16,665,run_id+phase+service_name,test,legacy_v0_4,development_archive,,,,,
exp_route_heavy_cloud_formal_v0_3_1_20260708_r01,development_archive,expected,expected_drift,1,,expected_workload_mix,w1_to_route_query_heavy_cloud_v2,workload_profile,workload-generator,"ts-gateway-service,ts-route-service,ts-station-service","ts-gateway-service,ts-route-service,ts-station-service",false,15,618,run_id+phase+service_name,test,legacy_v0_4,development_archive,,,,,
exp_li_ui_cloud_formal_v0_3_1_20260708_r02,development_archive,expected,successful_no_drift,0,,expected_low_impact_config,ui_dashboard_metadata_annotation_cloud_v2,ts-ui-dashboard,ts-ui-dashboard,ts-ui-dashboard,"ts-gateway-service,ts-price-service,ts-route-service,ts-train-service,ts-station-service",false,15,624,run_id+phase+service_name,test,legacy_v0_4,development_archive,,,,,
unexp_price_bad_port_cloud_formal_v0_3_1_20260708_r03,development_archive,unexpected,unexpected_drift,1,,unexpected_bad_port,price_wrong_db_port_3399_cloud_v2,ts-price-service,ts-price-service,"ts-price-service,ts-gateway-service","ts-gateway-service,ts-price-service",false,171,8406,run_id+phase+service_name,test,legacy_v0_4,development_archive,,,,,
unexp_seat_zero_weak_cloud_formal_v0_3_1_20260708_r04,development_archive,unexpected,unexpected_without_observable_log_drift,0,,unexpected_low_coverage_service_loss,seat_replicas_1_to_0_cloud_v2,ts-seat-service,ts-seat-service,"ts-seat-service,ts-gateway-service","ts-gateway-service,ts-seat-service",false,15,611,run_id+phase+service_name,test,legacy_v0_4,development_archive,,,,,
exp_train_station_heavy_cloud_formal_v0_3_1_20260708_r06,development_archive,expected,expected_drift,1,,expected_workload_mix,w1_to_train_station_query_heavy_cloud_v2,workload_profile,workload-generator,"ts-gateway-service,ts-train-service,ts-station-service","ts-gateway-service,ts-train-service,ts-station-service",false,15,617,run_id+phase+service_name,test,legacy_v0_4,development_archive,,,,,
exp_li_price_cloud_formal_v0_3_1_20260708_r07,development_archive,expected,successful_no_drift,0,,expected_low_impact_config,price_metadata_annotation_cloud_v2,ts-price-service,ts-price-service,ts-price-service,"ts-gateway-service,ts-price-service,ts-route-service,ts-train-service,ts-station-service",false,15,625,run_id+phase+service_name,test,legacy_v0_4,development_archive,,,,,
unexp_route_bad_port_cloud_formal_v0_3_1_20260708_r08,development_archive,unexpected,unexpected_drift,1,,unexpected_bad_port,route_wrong_db_port_cloud_v1,ts-route-service,ts-route-service,"ts-route-service,ts-gateway-service","ts-gateway-service,ts-route-service",false,153,7556,run_id+phase+service_name,test,legacy_v0_4,development_archive,,,,,
unexp_user_zero_weak_cloud_formal_v0_3_1_20260708_r09,development_archive,unexpected,unexpected_without_observable_log_drift,0,,unexpected_low_coverage_service_loss,user_replicas_1_to_0_cloud_v2,ts-user-service,ts-user-service,"ts-user-service,ts-gateway-service","ts-gateway-service,ts-user-service",false,15,610,run_id+phase+service_name,test,legacy_v0_4,development_archive,,,,,
exp_price_heavy_cloud_formal_v0_3_1_20260708_r11,development_archive,expected,expected_drift,1,,expected_workload_mix,w1_to_price_query_heavy_cloud_v1,workload_profile,workload-generator,"ts-gateway-service,ts-price-service,ts-route-service,ts-train-service","ts-gateway-service,ts-price-service,ts-route-service,ts-train-service",false,16,666,run_id+phase+service_name,test,legacy_v0_4,development_archive,,,,,
exp_li_route_cloud_formal_v0_3_1_20260708_r12,development_archive,expected,successful_no_drift,0,,expected_low_impact_config,route_metadata_annotation_cloud_v2,ts-route-service,ts-route-service,ts-route-service,"ts-gateway-service,ts-price-service,ts-route-service,ts-train-service,ts-station-service",false,15,626,run_id+phase+service_name,test,legacy_v0_4,development_archive,,,,,
unexp_train_bad_port_cloud_formal_v0_3_1_20260708_r13,development_archive,unexpected,unexpected_drift,1,,unexpected_bad_port,train_wrong_db_port_cloud_v1,ts-train-service,ts-train-service,"ts-train-service,ts-gateway-service","ts-gateway-service,ts-train-service",false,151,7432,run_id+phase+service_name,test,legacy_v0_4,development_archive,,,,,
unexp_basic_zero_weak_cloud_formal_v0_3_1_20260708_r14,development_archive,unexpected,unexpected_without_observable_log_drift,0,,unexpected_low_coverage_service_loss,basic_replicas_1_to_0_cloud_v2,ts-basic-service,ts-basic-service,"ts-basic-service,ts-gateway-service","ts-gateway-service,ts-basic-service",false,15,609,run_id+phase+service_name,test,legacy_v0_4,development_archive,,,,,
exp_scale_price_cloud_formal_v0_3_1_20260708_r16,development_archive,expected,expected_drift,1,,expected_resource_scale,price_replicas_1_to_2_cloud_v2,ts-price-service,ts-price-service,"ts-price-service,ts-gateway-service","ts-gateway-service,ts-price-service",false,15,627,run_id+phase+service_name,test,legacy_v0_4,development_archive,,,,,
exp_li_train_cloud_formal_v0_3_1_20260708_r17,development_archive,expected,successful_no_drift,0,,expected_low_impact_config,train_metadata_annotation_cloud_v2,ts-train-service,ts-train-service,ts-train-service,"ts-gateway-service,ts-price-service,ts-route-service,ts-train-service,ts-station-service",false,15,624,run_id+phase+service_name,test,legacy_v0_4,development_archive,,,,,
unexp_price_zero_cloud_formal_v0_3_1_20260708_r18,development_archive,unexpected,unexpected_drift,1,,unexpected_service_termination,price_replicas_1_to_0_cloud_v2,ts-price-service,ts-price-service,"ts-price-service,ts-gateway-service","ts-gateway-service,ts-price-service",false,14,579,run_id+phase+service_name,test,legacy_v0_4,development_archive,,,,,
unexp_config_zero_weak_cloud_formal_v0_3_1_20260708_r19,development_archive,unexpected,unexpected_without_observable_log_drift,0,,unexpected_low_coverage_service_loss,config_replicas_1_to_0_cloud_v2,ts-config-service,ts-config-service,"ts-config-service,ts-gateway-service","ts-gateway-service,ts-config-service",false,15,610,run_id+phase+service_name,test,legacy_v0_4,development_archive,,,,,
exp_scale_route_cloud_formal_v0_3_1_20260708_r21,development_archive,expected,expected_drift,1,,expected_resource_scale,route_replicas_1_to_2_cloud_v2,ts-route-service,ts-route-service,"ts-route-service,ts-gateway-service","ts-gateway-service,ts-route-service",false,15,626,run_id+phase+service_name,test,legacy_v0_4,development_archive,,,,,
exp_li_station_cloud_formal_v0_3_1_20260708_r22,development_archive,expected,successful_no_drift,0,,expected_low_impact_config,station_metadata_annotation_cloud_v2,ts-station-service,ts-station-service,ts-station-service,"ts-gateway-service,ts-price-service,ts-route-service,ts-train-service,ts-station-service",false,15,625,run_id+phase+service_name,test,legacy_v0_4,development_archive,,,,,
unexp_route_zero_cloud_formal_v0_3_1_20260708_r23,development_archive,unexpected,unexpected_drift,1,,unexpected_service_termination,route_replicas_1_to_0_cloud_v2,ts-route-service,ts-route-service,"ts-route-service,ts-gateway-service","ts-gateway-service,ts-route-service",false,14,594,run_id+phase+service_name,test,legacy_v0_4,development_archive,,,,,
unexp_basic_zero_weak_cloud_formal_v0_3_1_20260708_r24,development_archive,unexpected,unexpected_without_observable_log_drift,0,,unexpected_low_coverage_service_loss,basic_replicas_1_to_0_cloud_v2,ts-basic-service,ts-basic-service,"ts-basic-service,ts-gateway-service","ts-gateway-service,ts-basic-service",false,15,609,run_id+phase+service_name,test,legacy_v0_4,development_archive,,,,,
exp_scale_train_cloud_formal_v0_3_1_20260708_r26,development_archive,expected,expected_drift,1,,expected_resource_scale,train_replicas_1_to_2_cloud_v2,ts-train-service,ts-train-service,"ts-train-service,ts-gateway-service","ts-gateway-service,ts-train-service",false,15,628,run_id+phase+service_name,test,legacy_v0_4,development_archive,,,,,
exp_price_pool_valid_cloud_formal_v0_3_1_20260708_r27,development_archive,expected,successful_no_drift,0,,expected_compatible_config,price_hikari_pool_valid_increase_cloud_v1,ts-price-service,ts-price-service,ts-price-service,"ts-gateway-service,ts-price-service",false,15,628,run_id+phase+service_name,test,legacy_v0_4,development_archive,,,,,
unexp_train_zero_cloud_formal_v0_3_1_20260708_r28,development_archive,unexpected,unexpected_drift,1,,unexpected_service_termination,train_replicas_1_to_0_cloud_v2,ts-train-service,ts-train-service,"ts-train-service,ts-gateway-service","ts-gateway-service,ts-train-service",false,14,592,run_id+phase+service_name,test,legacy_v0_4,development_archive,,,,,
exp_scale_station_cloud_formal_v0_3_1_20260708_r31,development_archive,expected,expected_drift,1,,expected_resource_scale,station_replicas_1_to_2_cloud_v2,ts-station-service,ts-station-service,"ts-station-service,ts-gateway-service","ts-gateway-service,ts-station-service",false,15,628,run_id+phase+service_name,test,legacy_v0_4,development_archive,,,,,
exp_pod_migrate_price_cloud_formal_v0_3_1_20260708_r32,development_archive,expected,expected_drift,1,,expected_pod_migration,delete_one_price_pod_replicas_2_cloud_v1,ts-price-service,ts-price-service,"ts-price-service,ts-gateway-service,node","ts-gateway-service,ts-price-service",false,15,635,run_id+phase+service_name,test,legacy_v0_4,development_archive,,,,,
exp_price_heavy_cloud_formal_v0_3_1_20260708_r34,development_archive,expected,expected_drift,1,,expected_workload_mix,w1_to_price_query_heavy_cloud_v1,workload_profile,workload-generator,"ts-gateway-service,ts-price-service,ts-route-service,ts-train-service","ts-gateway-service,ts-price-service,ts-route-service,ts-train-service",false,16,668,run_id+phase+service_name,test,legacy_v0_4,development_archive,,,,,
exp_route_timeout_valid_cloud_formal_v0_3_1_20260708_r35,development_archive,expected,successful_no_drift,0,,expected_compatible_config,route_client_timeout_valid_cloud_v1,ts-route-service,ts-route-service,ts-route-service,"ts-gateway-service,ts-route-service",false,15,629,run_id+phase+service_name,test,legacy_v0_4,development_archive,,,,,
unexp_price_limit_small_cloud_formal_v0_3_1_20260708_r36,development_archive,unexpected,unexpected_drift,1,,unexpected_resource_limit,price_cpu_memory_too_small_cloud_v1,ts-price-service,ts-price-service,"ts-price-service,ts-gateway-service,node","ts-gateway-service,ts-price-service",false,14,594,run_id+phase+service_name,test,legacy_v0_4,development_archive,,,,,
unexp_price_pool_exhaust_cloud_formal_v0_3_1_20260708_r37,development_archive,unexpected,unexpected_drift,1,,unexpected_pool_exhaustion,price_pool_too_small_cloud_v1,ts-price-service,ts-price-service,"ts-price-service,ts-gateway-service,tsdb-mysql","ts-gateway-service,ts-price-service",false,162,7989,run_id+phase+service_name,test,legacy_v0_4,development_archive,,,,,
unexp_seat_zero_weak_cloud_formal_v0_3_1_20260708_r41,development_archive,unexpected,unexpected_without_observable_log_drift,0,,unexpected_low_coverage_service_loss,seat_replicas_1_to_0_cloud_v2,ts-seat-service,ts-seat-service,"ts-seat-service,ts-gateway-service","ts-gateway-service,ts-seat-service",false,15,609,run_id+phase+service_name,test,legacy_v0_4,development_archive,,,,,
unexp_user_zero_weak_cloud_formal_v0_3_1_20260708_r42,development_archive,unexpected,unexpected_without_observable_log_drift,0,,unexpected_low_coverage_service_loss,user_replicas_1_to_0_cloud_v2,ts-user-service,ts-user-service,"ts-user-service,ts-gateway-service","ts-gateway-service,ts-user-service",false,15,611,run_id+phase+service_name,test,legacy_v0_4,development_archive,,,,,
baseline_no_change_all_cloud_expansion_v0_4_20260709_trainref_r01,train,expected,baseline_normal,0,baseline_no_shift,baseline,cloud_baseline_no_change_v0_1,all,none,all-observed-services,"ts-gateway-service,ts-price-service,ts-route-service,ts-train-service,ts-station-service",false,30,1247,run_id+phase+service_name,train,legacy_v0_4,normal_reference,,,,,
noop_redeploy_ts-price-service_cloud_expansion_v0_4_20260709_trainref_r02,train,expected,no_op_control,0,no_op_no_shift,noop_redeployment,ts-price-service_rollout_restart_same_spec_cloud_v0_1,ts-price-service,ts-price-service,"ts-price-service,ts-gateway-service","ts-gateway-service,ts-price-service",false,32,1339,run_id+phase+service_name,train,legacy_v0_4,normal_reference,,,,,
baseline_no_change_all_cloud_expansion_v0_4_20260709_trainref_r03,train,expected,baseline_normal,0,baseline_no_shift,baseline,cloud_baseline_no_change_v0_1,all,none,all-observed-services,"ts-gateway-service,ts-price-service,ts-route-service,ts-train-service,ts-station-service",false,30,1247,run_id+phase+service_name,train,legacy_v0_4,normal_reference,,,,,
baseline_no_change_all_cloud_expansion_v0_4_20260709_trainref_r04,train,expected,baseline_normal,0,baseline_no_shift,baseline,cloud_baseline_no_change_v0_1,all,none,all-observed-services,"ts-gateway-service,ts-price-service,ts-route-service,ts-train-service,ts-station-service",false,30,1247,run_id+phase+service_name,train,legacy_v0_4,normal_reference,,,,,
noop_redeploy_ts-route-service_cloud_expansion_v0_4_20260709_trainref_r05,train,expected,no_op_control,0,no_op_no_shift,noop_redeployment,ts-route-service_rollout_restart_same_spec_cloud_v0_1,ts-route-service,ts-route-service,"ts-route-service,ts-gateway-service","ts-gateway-service,ts-route-service",false,32,1339,run_id+phase+service_name,train,legacy_v0_4,normal_reference,,,,,
baseline_no_change_all_cloud_expansion_v0_4_20260709_trainref_r06,train,expected,baseline_normal,0,baseline_no_shift,baseline,cloud_baseline_no_change_v0_1,all,none,all-observed-services,"ts-gateway-service,ts-price-service,ts-route-service,ts-train-service,ts-station-service",false,30,1247,run_id+phase+service_name,train,legacy_v0_4,normal_reference,,,,,
baseline_no_change_all_cloud_expansion_v0_4_20260709_trainref_r07,train,expected,baseline_normal,0,baseline_no_shift,baseline,cloud_baseline_no_change_v0_1,all,none,all-observed-services,"ts-gateway-service,ts-price-service,ts-route-service,ts-train-service,ts-station-service",false,30,1247,run_id+phase+service_name,train,legacy_v0_4,normal_reference,,,,,
noop_redeploy_ts-train-service_cloud_expansion_v0_4_20260709_trainref_r08,train,expected,no_op_control,0,no_op_no_shift,noop_redeployment,ts-train-service_rollout_restart_same_spec_cloud_v0_1,ts-train-service,ts-train-service,"ts-train-service,ts-gateway-service","ts-gateway-service,ts-train-service",false,32,1335,run_id+phase+service_name,train,legacy_v0_4,normal_reference,,,,,
baseline_no_change_all_cloud_expansion_v0_4_20260709_trainref_r09,train,expected,baseline_normal,0,baseline_no_shift,baseline,cloud_baseline_no_change_v0_1,all,none,all-observed-services,"ts-gateway-service,ts-price-service,ts-route-service,ts-train-service,ts-station-service",false,30,1247,run_id+phase+service_name,train,legacy_v0_4,normal_reference,,,,,
baseline_no_change_all_cloud_expansion_v0_4_20260709_trainref_r10,train,expected,baseline_normal,0,baseline_no_shift,baseline,cloud_baseline_no_change_v0_1,all,none,all-observed-services,"ts-gateway-service,ts-price-service,ts-route-service,ts-train-service,ts-station-service",false,30,1247,run_id+phase+service_name,train,legacy_v0_4,normal_reference,,,,,
noop_redeploy_ts-station-service_cloud_expansion_v0_4_20260709_trainref_r11,train,expected,no_op_control,0,no_op_no_shift,noop_redeployment,ts-station-service_rollout_restart_same_spec_cloud_v0_1,ts-station-service,ts-station-service,"ts-station-service,ts-gateway-service","ts-gateway-service,ts-station-service",false,33,1357,run_id+phase+service_name,train,legacy_v0_4,normal_reference,,,,,
baseline_no_change_all_cloud_expansion_v0_4_20260709_trainref_r12,train,expected,baseline_normal,0,baseline_no_shift,baseline,cloud_baseline_no_change_v0_1,all,none,all-observed-services,"ts-gateway-service,ts-price-service,ts-route-service,ts-train-service,ts-station-service",false,30,1247,run_id+phase+service_name,train,legacy_v0_4,normal_reference,,,,,
baseline_no_change_all_cloud_expansion_v0_4_20260709_trainref_r13,train,expected,baseline_normal,0,baseline_no_shift,baseline,cloud_baseline_no_change_v0_1,all,none,all-observed-services,"ts-gateway-service,ts-price-service,ts-route-service,ts-train-service,ts-station-service",false,30,1247,run_id+phase+service_name,train,legacy_v0_4,normal_reference,,,,,
noop_redeploy_ts-user-service_cloud_expansion_v0_4_20260709_trainref_r14,train,expected,no_op_control,0,no_op_no_shift,noop_redeployment,ts-user-service_rollout_restart_same_spec_cloud_v0_1,ts-user-service,ts-user-service,"ts-user-service,ts-gateway-service","ts-gateway-service,ts-user-service",false,32,1328,run_id+phase+service_name,train,legacy_v0_4,normal_reference,,,,,
baseline_no_change_all_cloud_expansion_v0_4_20260709_trainref_r15,train,expected,baseline_normal,0,baseline_no_shift,baseline,cloud_baseline_no_change_v0_1,all,none,all-observed-services,"ts-gateway-service,ts-price-service,ts-route-service,ts-train-service,ts-station-service",false,30,1246,run_id+phase+service_name,train,legacy_v0_4,normal_reference,,,,,
baseline_no_change_all_cloud_expansion_v0_4_20260709_trainref_r16,train,expected,baseline_normal,0,baseline_no_shift,baseline,cloud_baseline_no_change_v0_1,all,none,all-observed-services,"ts-gateway-service,ts-price-service,ts-route-service,ts-train-service,ts-station-service",false,30,1245,run_id+phase+service_name,train,legacy_v0_4,normal_reference,,,,,
noop_redeploy_ts-seat-service_cloud_expansion_v0_4_20260709_trainref_r17,train,expected,no_op_control,0,no_op_no_shift,noop_redeployment,ts-seat-service_rollout_restart_same_spec_cloud_v0_1,ts-seat-service,ts-seat-service,"ts-seat-service,ts-gateway-service","ts-gateway-service,ts-seat-service",false,32,1315,run_id+phase+service_name,train,legacy_v0_4,normal_reference,,,,,
baseline_no_change_all_cloud_expansion_v0_4_20260709_trainref_r18,train,expected,baseline_normal,0,baseline_no_shift,baseline,cloud_baseline_no_change_v0_1,all,none,all-observed-services,"ts-gateway-service,ts-price-service,ts-route-service,ts-train-service,ts-station-service",false,30,1247,run_id+phase+service_name,train,legacy_v0_4,normal_reference,,,,,
baseline_no_change_all_cloud_expansion_v0_4_20260709_trainref_r19,train,expected,baseline_normal,0,baseline_no_shift,baseline,cloud_baseline_no_change_v0_1,all,none,all-observed-services,"ts-gateway-service,ts-price-service,ts-route-service,ts-train-service,ts-station-service",false,30,1247,run_id+phase+service_name,train,legacy_v0_4,normal_reference,,,,,
noop_redeploy_ts-price-service_cloud_expansion_v0_4_20260709_trainref_r20,train,expected,no_op_control,0,no_op_no_shift,noop_redeployment,ts-price-service_rollout_restart_same_spec_cloud_v0_1,ts-price-service,ts-price-service,"ts-price-service,ts-gateway-service","ts-gateway-service,ts-price-service",false,32,1341,run_id+phase+service_name,train,legacy_v0_4,normal_reference,,,,,
baseline_no_change_all_cloud_expansion_v0_4_20260709_trainref_r21,train,expected,baseline_normal,0,baseline_no_shift,baseline,cloud_baseline_no_change_v0_1,all,none,all-observed-services,"ts-gateway-service,ts-price-service,ts-route-service,ts-train-service,ts-station-service",false,30,1249,run_id+phase+service_name,train,legacy_v0_4,normal_reference,,,,,
exp_route_heavy_cloud_expansion_v0_4_20260709_dev_r01,development_archive,expected,expected_drift,1,,expected_workload_mix,w1_to_route_query_heavy_cloud_v1,workload_profile,workload-generator,"ts-gateway-service,ts-route-service,ts-station-service","ts-gateway-service,ts-route-service,ts-station-service",false,15,617,run_id+phase+service_name,dev,legacy_v0_4,development_archive,,,,,
exp_train_station_heavy_cloud_expansion_v0_4_20260709_dev_r02,development_archive,expected,expected_drift,1,,expected_workload_mix,w1_to_train_station_query_heavy_cloud_v1,workload_profile,workload-generator,"ts-gateway-service,ts-train-service,ts-station-service","ts-gateway-service,ts-train-service,ts-station-service",false,15,617,run_id+phase+service_name,dev,legacy_v0_4,development_archive,,,,,
exp_price_heavy_cloud_expansion_v0_4_20260709_dev_r03,development_archive,expected,expected_drift,1,,expected_workload_mix,w1_to_price_query_heavy_cloud_v1,workload_profile,workload-generator,"ts-gateway-service,ts-price-service,ts-route-service,ts-train-service","ts-gateway-service,ts-price-service,ts-route-service,ts-train-service",false,16,667,run_id+phase+service_name,dev,legacy_v0_4,development_archive,,,,,
exp_scale_route_cloud_expansion_v0_4_20260709_dev_r04,development_archive,expected,expected_drift,1,,expected_resource_scale,route_replicas_1_to_2_cloud_v1,ts-route-service,ts-route-service,"ts-route-service,ts-gateway-service","ts-gateway-service,ts-route-service",false,15,629,run_id+phase+service_name,dev,legacy_v0_4,development_archive,,,,,
exp_scale_station_cloud_expansion_v0_4_20260709_dev_r05,development_archive,expected,expected_drift,1,,expected_resource_scale,station_replicas_1_to_2_cloud_v1,ts-station-service,ts-station-service,"ts-station-service,ts-gateway-service","ts-gateway-service,ts-station-service",false,15,626,run_id+phase+service_name,dev,legacy_v0_4,development_archive,,,,,
exp_li_ui_cloud_expansion_v0_4_20260709_dev_r06,development_archive,expected,successful_no_drift,0,,expected_low_impact_config,ui_dashboard_metadata_annotation_cloud_v1,ts-ui-dashboard,ts-ui-dashboard,ts-ui-dashboard,"ts-gateway-service,ts-price-service,ts-route-service,ts-train-service,ts-station-service",false,15,625,run_id+phase+service_name,dev,legacy_v0_4,development_archive,,,,,
exp_li_price_cloud_expansion_v0_4_20260709_dev_r07,development_archive,expected,successful_no_drift,0,,expected_low_impact_config,price_metadata_annotation_cloud_v1,ts-price-service,ts-price-service,ts-price-service,"ts-gateway-service,ts-price-service,ts-route-service,ts-train-service,ts-station-service",false,15,625,run_id+phase+service_name,dev,legacy_v0_4,development_archive,,,,,
exp_li_route_cloud_expansion_v0_4_20260709_dev_r08,development_archive,expected,successful_no_drift,0,,expected_low_impact_config,route_metadata_annotation_cloud_v1,ts-route-service,ts-route-service,ts-route-service,"ts-gateway-service,ts-price-service,ts-route-service,ts-train-service,ts-station-service",false,15,623,run_id+phase+service_name,dev,legacy_v0_4,development_archive,,,,,
exp_li_train_cloud_expansion_v0_4_20260709_dev_r09,development_archive,expected,successful_no_drift,0,,expected_low_impact_config,train_metadata_annotation_cloud_v1,ts-train-service,ts-train-service,ts-train-service,"ts-gateway-service,ts-price-service,ts-route-service,ts-train-service,ts-station-service",false,15,624,run_id+phase+service_name,dev,legacy_v0_4,development_archive,,,,,
exp_li_station_cloud_expansion_v0_4_20260709_dev_r10,development_archive,expected,successful_no_drift,0,,expected_low_impact_config,station_metadata_annotation_cloud_v1,ts-station-service,ts-station-service,ts-station-service,"ts-gateway-service,ts-price-service,ts-route-service,ts-train-service,ts-station-service",false,15,624,run_id+phase+service_name,dev,legacy_v0_4,development_archive,,,,,
exp_price_pool_valid_cloud_expansion_v0_4_20260709_dev_r11,development_archive,expected,successful_no_drift,0,,expected_compatible_config,price_hikari_pool_valid_increase_cloud_v1,ts-price-service,ts-price-service,ts-price-service,"ts-gateway-service,ts-price-service",false,15,629,run_id+phase+service_name,dev,legacy_v0_4,development_archive,,,,,
exp_route_timeout_valid_cloud_expansion_v0_4_20260709_dev_r12,development_archive,expected,successful_no_drift,0,,expected_compatible_config,route_hikari_connection_timeout_valid_cloud_v1,ts-route-service,ts-route-service,ts-route-service,"ts-gateway-service,ts-route-service",false,15,626,run_id+phase+service_name,dev,legacy_v0_4,development_archive,,,,,
unexp_price_bad_port_cloud_expansion_v0_4_20260709_dev_r13,development_archive,unexpected,unexpected_drift,1,,unexpected_bad_port,price_wrong_db_port_3399_cloud_v1,ts-price-service,ts-price-service,"ts-price-service,ts-gateway-service","ts-gateway-service,ts-price-service",false,168,8282,run_id+phase+service_name,dev,legacy_v0_4,development_archive,,,,,
unexp_route_bad_port_cloud_expansion_v0_4_20260709_dev_r14,development_archive,unexpected,unexpected_drift,1,,unexpected_bad_port,route_wrong_db_port_cloud_v1,ts-route-service,ts-route-service,"ts-route-service,ts-gateway-service","ts-gateway-service,ts-route-service",false,155,7619,run_id+phase+service_name,dev,legacy_v0_4,development_archive,,,,,
unexp_train_bad_port_cloud_expansion_v0_4_20260709_dev_r15,development_archive,unexpected,unexpected_drift,1,,unexpected_bad_port,train_wrong_db_port_cloud_v1,ts-train-service,ts-train-service,"ts-train-service,ts-gateway-service","ts-gateway-service,ts-train-service",false,155,7619,run_id+phase+service_name,dev,legacy_v0_4,development_archive,,,,,
unexp_price_zero_cloud_expansion_v0_4_20260709_dev_r16,development_archive,unexpected,unexpected_drift,1,,unexpected_service_termination,price_replicas_1_to_0_cloud_v1,ts-price-service,ts-price-service,"ts-price-service,ts-gateway-service","ts-gateway-service,ts-price-service",false,14,580,run_id+phase+service_name,dev,legacy_v0_4,development_archive,,,,,
unexp_price_limit_small_cloud_expansion_v0_4_20260709_dev_r17,development_archive,unexpected,unexpected_drift,1,,unexpected_resource_limit,price_cpu_memory_too_small_cloud_v1,ts-price-service,ts-price-service,"ts-price-service,ts-gateway-service,node","ts-gateway-service,ts-price-service",false,14,593,run_id+phase+service_name,dev,legacy_v0_4,development_archive,,,,,
unexp_seat_zero_weak_cloud_expansion_v0_4_20260709_dev_r18,development_archive,unexpected,unexpected_without_observable_log_drift,0,,unexpected_low_coverage_service_loss,seat_replicas_1_to_0_cloud_v1,ts-seat-service,ts-seat-service,"ts-seat-service,ts-gateway-service","ts-gateway-service,ts-seat-service",false,15,610,run_id+phase+service_name,dev,legacy_v0_4,development_archive,,,,,
unexp_user_zero_weak_cloud_expansion_v0_4_20260709_dev_r19,development_archive,unexpected,unexpected_without_observable_log_drift,0,,unexpected_low_coverage_service_loss,user_replicas_1_to_0_cloud_v1,ts-user-service,ts-user-service,"ts-user-service,ts-gateway-service","ts-gateway-service,ts-user-service",false,15,609,run_id+phase+service_name,dev,legacy_v0_4,development_archive,,,,,
unexp_basic_zero_weak_cloud_expansion_v0_4_20260709_dev_r20,development_archive,unexpected,unexpected_without_observable_log_drift,0,,unexpected_low_coverage_service_loss,basic_replicas_1_to_0_cloud_v1,ts-basic-service,ts-basic-service,"ts-basic-service,ts-gateway-service","ts-gateway-service,ts-basic-service",false,15,610,run_id+phase+service_name,dev,legacy_v0_4,development_archive,,,,,
unexp_config_zero_weak_cloud_expansion_v0_4_20260709_dev_r21,development_archive,unexpected,unexpected_without_observable_log_drift,0,,unexpected_low_coverage_service_loss,config_replicas_1_to_0_cloud_v1,ts-config-service,ts-config-service,"ts-config-service,ts-gateway-service","ts-gateway-service,ts-config-service",false,15,608,run_id+phase+service_name,dev,legacy_v0_4,development_archive,,,,,
unexp_seat_zero_weak_cloud_expansion_v0_4_20260709_dev_r22,development_archive,unexpected,unexpected_without_observable_log_drift,0,,unexpected_low_coverage_service_loss,seat_replicas_1_to_0_cloud_v1,ts-seat-service,ts-seat-service,"ts-seat-service,ts-gateway-service","ts-gateway-service,ts-seat-service",false,15,610,run_id+phase+service_name,dev,legacy_v0_4,development_archive,,,,,
unexp_user_zero_weak_cloud_expansion_v0_4_20260709_dev_r23,development_archive,unexpected,unexpected_without_observable_log_drift,0,,unexpected_low_coverage_service_loss,user_replicas_1_to_0_cloud_v1,ts-user-service,ts-user-service,"ts-user-service,ts-gateway-service","ts-gateway-service,ts-user-service",false,15,611,run_id+phase+service_name,dev,legacy_v0_4,development_archive,,,,,
unexp_basic_zero_weak_cloud_expansion_v0_4_20260709_dev_r24,development_archive,unexpected,unexpected_without_observable_log_drift,0,,unexpected_low_coverage_service_loss,basic_replicas_1_to_0_cloud_v1,ts-basic-service,ts-basic-service,"ts-basic-service,ts-gateway-service","ts-gateway-service,ts-basic-service",false,15,609,run_id+phase+service_name,dev,legacy_v0_4,development_archive,,,,,
exp_route_heavy_cloud_expansion_v0_4_20260709_test_r01,development_archive,expected,expected_drift,1,,expected_workload_mix,w1_to_route_query_heavy_cloud_v1,workload_profile,workload-generator,"ts-gateway-service,ts-route-service,ts-station-service","ts-gateway-service,ts-route-service,ts-station-service",false,15,618,run_id+phase+service_name,test,legacy_v0_4,development_archive,,,,,
exp_train_station_heavy_cloud_expansion_v0_4_20260709_test_r02,development_archive,expected,expected_drift,1,,expected_workload_mix,w1_to_train_station_query_heavy_cloud_v1,workload_profile,workload-generator,"ts-gateway-service,ts-train-service,ts-station-service","ts-gateway-service,ts-train-service,ts-station-service",false,15,617,run_id+phase+service_name,test,legacy_v0_4,development_archive,,,,,
exp_price_heavy_cloud_expansion_v0_4_20260709_test_r03,development_archive,expected,expected_drift,1,,expected_workload_mix,w1_to_price_query_heavy_cloud_v1,workload_profile,workload-generator,"ts-gateway-service,ts-price-service,ts-route-service,ts-train-service","ts-gateway-service,ts-price-service,ts-route-service,ts-train-service",false,16,667,run_id+phase+service_name,test,legacy_v0_4,development_archive,,,,,
exp_scale_price_cloud_expansion_v0_4_20260709_test_r04,development_archive,expected,expected_drift,1,,expected_resource_scale,price_replicas_1_to_2_cloud_v1,ts-price-service,ts-price-service,"ts-price-service,ts-gateway-service","ts-gateway-service,ts-price-service",false,15,628,run_id+phase+service_name,test,legacy_v0_4,development_archive,,,,,
exp_scale_route_cloud_expansion_v0_4_20260709_test_r05,development_archive,expected,expected_drift,1,,expected_resource_scale,route_replicas_1_to_2_cloud_v1,ts-route-service,ts-route-service,"ts-route-service,ts-gateway-service","ts-gateway-service,ts-route-service",false,15,629,run_id+phase+service_name,test,legacy_v0_4,development_archive,,,,,
exp_scale_train_cloud_expansion_v0_4_20260709_test_r06,development_archive,expected,expected_drift,1,,expected_resource_scale,train_replicas_1_to_2_cloud_v1,ts-train-service,ts-train-service,"ts-train-service,ts-gateway-service","ts-gateway-service,ts-train-service",false,15,626,run_id+phase+service_name,test,legacy_v0_4,development_archive,,,,,
exp_scale_station_cloud_expansion_v0_4_20260709_test_r07,development_archive,expected,expected_drift,1,,expected_resource_scale,station_replicas_1_to_2_cloud_v1,ts-station-service,ts-station-service,"ts-station-service,ts-gateway-service","ts-gateway-service,ts-station-service",false,15,627,run_id+phase+service_name,test,legacy_v0_4,development_archive,,,,,
exp_pod_migrate_price_cloud_expansion_v0_4_20260709_test_r08,development_archive,expected,expected_drift,1,,expected_pod_migration,delete_one_price_pod_replicas_2_cloud_v1,ts-price-service,ts-price-service,"ts-price-service,ts-gateway-service,node","ts-gateway-service,ts-price-service",false,15,637,run_id+phase+service_name,test,legacy_v0_4,development_archive,,,,,
exp_li_ui_cloud_expansion_v0_4_20260709_test_r09,development_archive,expected,successful_no_drift,0,,expected_low_impact_config,ui_dashboard_metadata_annotation_cloud_v1,ts-ui-dashboard,ts-ui-dashboard,ts-ui-dashboard,"ts-gateway-service,ts-price-service,ts-route-service,ts-train-service,ts-station-service",false,15,624,run_id+phase+service_name,test,legacy_v0_4,development_archive,,,,,
exp_li_price_cloud_expansion_v0_4_20260709_test_r10,development_archive,expected,successful_no_drift,0,,expected_low_impact_config,price_metadata_annotation_cloud_v1,ts-price-service,ts-price-service,ts-price-service,"ts-gateway-service,ts-price-service,ts-route-service,ts-train-service,ts-station-service",false,15,624,run_id+phase+service_name,test,legacy_v0_4,development_archive,,,,,
exp_li_route_cloud_expansion_v0_4_20260709_test_r11,development_archive,expected,successful_no_drift,0,,expected_low_impact_config,route_metadata_annotation_cloud_v1,ts-route-service,ts-route-service,ts-route-service,"ts-gateway-service,ts-price-service,ts-route-service,ts-train-service,ts-station-service",false,15,625,run_id+phase+service_name,test,legacy_v0_4,development_archive,,,,,
exp_li_train_cloud_expansion_v0_4_20260709_test_r12,development_archive,expected,successful_no_drift,0,,expected_low_impact_config,train_metadata_annotation_cloud_v1,ts-train-service,ts-train-service,ts-train-service,"ts-gateway-service,ts-price-service,ts-route-service,ts-train-service,ts-station-service",false,15,623,run_id+phase+service_name,test,legacy_v0_4,development_archive,,,,,
exp_li_station_cloud_expansion_v0_4_20260709_test_r13,development_archive,expected,successful_no_drift,0,,expected_low_impact_config,station_metadata_annotation_cloud_v1,ts-station-service,ts-station-service,ts-station-service,"ts-gateway-service,ts-price-service,ts-route-service,ts-train-service,ts-station-service",false,15,624,run_id+phase+service_name,test,legacy_v0_4,development_archive,,,,,
exp_price_pool_valid_cloud_expansion_v0_4_20260709_test_r14,development_archive,expected,successful_no_drift,0,,expected_compatible_config,price_hikari_pool_valid_increase_cloud_v1,ts-price-service,ts-price-service,ts-price-service,"ts-gateway-service,ts-price-service",false,15,628,run_id+phase+service_name,test,legacy_v0_4,development_archive,,,,,
exp_route_timeout_valid_cloud_expansion_v0_4_20260709_test_r15,development_archive,expected,successful_no_drift,0,,expected_compatible_config,route_hikari_connection_timeout_valid_cloud_v1,ts-route-service,ts-route-service,ts-route-service,"ts-gateway-service,ts-route-service",false,15,628,run_id+phase+service_name,test,legacy_v0_4,development_archive,,,,,
unexp_price_bad_port_cloud_expansion_v0_4_20260709_test_r16,development_archive,unexpected,unexpected_drift,1,,unexpected_bad_port,price_wrong_db_port_3399_cloud_v1,ts-price-service,ts-price-service,"ts-price-service,ts-gateway-service","ts-gateway-service,ts-price-service",false,168,8281,run_id+phase+service_name,test,legacy_v0_4,development_archive,,,,,
unexp_route_bad_port_cloud_expansion_v0_4_20260709_test_r17,development_archive,unexpected,unexpected_drift,1,,unexpected_bad_port,route_wrong_db_port_cloud_v1,ts-route-service,ts-route-service,"ts-route-service,ts-gateway-service","ts-gateway-service,ts-route-service",false,153,7556,run_id+phase+service_name,test,legacy_v0_4,development_archive,,,,,
unexp_train_bad_port_cloud_expansion_v0_4_20260709_test_r18,development_archive,unexpected,unexpected_drift,1,,unexpected_bad_port,train_wrong_db_port_cloud_v1,ts-train-service,ts-train-service,"ts-train-service,ts-gateway-service","ts-gateway-service,ts-train-service",false,153,7556,run_id+phase+service_name,test,legacy_v0_4,development_archive,,,,,
unexp_price_zero_cloud_expansion_v0_4_20260709_test_r19,development_archive,unexpected,unexpected_drift,1,,unexpected_service_termination,price_replicas_1_to_0_cloud_v1,ts-price-service,ts-price-service,"ts-price-service,ts-gateway-service","ts-gateway-service,ts-price-service",false,14,580,run_id+phase+service_name,test,legacy_v0_4,development_archive,,,,,
unexp_route_zero_cloud_expansion_v0_4_20260709_test_r20,development_archive,unexpected,unexpected_drift,1,,unexpected_service_termination,route_replicas_1_to_0_cloud_v1,ts-route-service,ts-route-service,"ts-route-service,ts-gateway-service","ts-gateway-service,ts-route-service",false,14,594,run_id+phase+service_name,test,legacy_v0_4,development_archive,,,,,
unexp_train_zero_cloud_expansion_v0_4_20260709_test_r21,development_archive,unexpected,unexpected_drift,1,,unexpected_service_termination,train_replicas_1_to_0_cloud_v1,ts-train-service,ts-train-service,"ts-train-service,ts-gateway-service","ts-gateway-service,ts-train-service",false,14,593,run_id+phase+service_name,test,legacy_v0_4,development_archive,,,,,
unexp_price_limit_small_cloud_expansion_v0_4_20260709_test_r22,development_archive,unexpected,unexpected_drift,1,,unexpected_resource_limit,price_cpu_memory_too_small_cloud_v1,ts-price-service,ts-price-service,"ts-price-service,ts-gateway-service,node","ts-gateway-service,ts-price-service",false,14,594,run_id+phase+service_name,test,legacy_v0_4,development_archive,,,,,
unexp_price_pool_exhaust_cloud_expansion_v0_4_20260709_test_r23,development_archive,unexpected,unexpected_drift,1,,unexpected_pool_exhaustion,price_pool_too_small_cloud_v1,ts-price-service,ts-price-service,"ts-price-service,ts-gateway-service,tsdb-mysql","ts-gateway-service,ts-price-service",false,161,7901,run_id+phase+service_name,test,legacy_v0_4,development_archive,,,,,
unexp_seat_zero_weak_cloud_expansion_v0_4_20260709_test_r24,development_archive,unexpected,unexpected_without_observable_log_drift,0,,unexpected_low_coverage_service_loss,seat_replicas_1_to_0_cloud_v1,ts-seat-service,ts-seat-service,"ts-seat-service,ts-gateway-service","ts-gateway-service,ts-seat-service",false,15,610,run_id+phase+service_name,test,legacy_v0_4,development_archive,,,,,
unexp_user_zero_weak_cloud_expansion_v0_4_20260709_test_r25,development_archive,unexpected,unexpected_without_observable_log_drift,0,,unexpected_low_coverage_service_loss,user_replicas_1_to_0_cloud_v1,ts-user-service,ts-user-service,"ts-user-service,ts-gateway-service","ts-gateway-service,ts-user-service",false,15,609,run_id+phase+service_name,test,legacy_v0_4,development_archive,,,,,
unexp_basic_zero_weak_cloud_expansion_v0_4_20260709_test_r26,development_archive,unexpected,unexpected_without_observable_log_drift,0,,unexpected_low_coverage_service_loss,basic_replicas_1_to_0_cloud_v1,ts-basic-service,ts-basic-service,"ts-basic-service,ts-gateway-service","ts-gateway-service,ts-basic-service",false,15,609,run_id+phase+service_name,test,legacy_v0_4,development_archive,,,,,
unexp_config_zero_weak_cloud_expansion_v0_4_20260709_test_r27,development_archive,unexpected,unexpected_without_observable_log_drift,0,,unexpected_low_coverage_service_loss,config_replicas_1_to_0_cloud_v1,ts-config-service,ts-config-service,"ts-config-service,ts-gateway-service","ts-gateway-service,ts-config-service",false,15,608,run_id+phase+service_name,test,legacy_v0_4,development_archive,,,,,
unexp_seat_zero_weak_cloud_expansion_v0_4_20260709_test_r28,development_archive,unexpected,unexpected_without_observable_log_drift,0,,unexpected_low_coverage_service_loss,seat_replicas_1_to_0_cloud_v1,ts-seat-service,ts-seat-service,"ts-seat-service,ts-gateway-service","ts-gateway-service,ts-seat-service",false,15,610,run_id+phase+service_name,test,legacy_v0_4,development_archive,,,,,
unexp_user_zero_weak_cloud_expansion_v0_4_20260709_test_r29,development_archive,unexpected,unexpected_without_observable_log_drift,0,,unexpected_low_coverage_service_loss,user_replicas_1_to_0_cloud_v1,ts-user-service,ts-user-service,"ts-user-service,ts-gateway-service","ts-gateway-service,ts-user-service",false,15,610,run_id+phase+service_name,test,legacy_v0_4,development_archive,,,,,
unexp_basic_zero_weak_cloud_expansion_v0_4_20260709_test_r30,development_archive,unexpected,unexpected_without_observable_log_drift,0,,unexpected_low_coverage_service_loss,basic_replicas_1_to_0_cloud_v1,ts-basic-service,ts-basic-service,"ts-basic-service,ts-gateway-service","ts-gateway-service,ts-basic-service",false,15,610,run_id+phase+service_name,test,legacy_v0_4,development_archive,,,,,
unexp_config_zero_weak_cloud_expansion_v0_4_20260709_test_r31,development_archive,unexpected,unexpected_without_observable_log_drift,0,,unexpected_low_coverage_service_loss,config_replicas_1_to_0_cloud_v1,ts-config-service,ts-config-service,"ts-config-service,ts-gateway-service","ts-gateway-service,ts-config-service",false,15,611,run_id+phase+service_name,test,legacy_v0_4,development_archive,,,,,
unexp_seat_zero_weak_cloud_expansion_v0_4_20260709_test_r32,development_archive,unexpected,unexpected_without_observable_log_drift,0,,unexpected_low_coverage_service_loss,seat_replicas_1_to_0_cloud_v1,ts-seat-service,ts-seat-service,"ts-seat-service,ts-gateway-service","ts-gateway-service,ts-seat-service",false,15,609,run_id+phase+service_name,test,legacy_v0_4,development_archive,,,,,
unexp_user_zero_weak_cloud_expansion_v0_4_20260709_test_r33,development_archive,unexpected,unexpected_without_observable_log_drift,0,,unexpected_low_coverage_service_loss,user_replicas_1_to_0_cloud_v1,ts-user-service,ts-user-service,"ts-user-service,ts-gateway-service","ts-gateway-service,ts-user-service",false,15,609,run_id+phase+service_name,test,legacy_v0_4,development_archive,,,,,
tt06_018217a3918b371842e59f34,supervised_adapt,expected,expected_drift,1,,expected_low_impact_config,route_metadata_annotation_cloud_v1,ts-route-service,ts-route-service,ts-route-service,"ts-gateway-service,ts-price-service,ts-route-service,ts-train-service,ts-station-service",true,15,624,run_id+phase+service_name,,new_v0_6,supervised_adapt,684,ttv06_supervised_adapt_route_successful_no_drift_r01_005,successful_no_drift,external_oracle+frozen_control_drift_gate,260005
tt06_05ba7d9aa27cd20b394eb210,supervised_adapt,expected,successful_no_drift,0,,expected_low_impact_config,price_metadata_annotation_cloud_v1,ts-price-service,ts-price-service,ts-price-service,"ts-gateway-service,ts-price-service,ts-route-service,ts-train-service,ts-station-service",true,16,686,run_id+phase+service_name,,new_v0_6,supervised_adapt,768,ttv06_supervised_adapt_price_successful_no_drift_r02_040,successful_no_drift,external_oracle+frozen_control_drift_gate,260040
tt06_08d68e3b6c02984b6cf10e08,supervised_adapt,unexpected,unexpected_drift,1,,unexpected_service_termination,station_replicas_1_to_0_cloud_v1,ts-station-service,ts-station-service,"ts-station-service,ts-gateway-service","ts-gateway-service,ts-station-service",true,16,639,run_id+phase+service_name,,new_v0_6,supervised_adapt,699,ttv06_supervised_adapt_station_unexpected_without_observable_log_drift_r01_011,unexpected_without_observable_log_drift,external_oracle+frozen_control_drift_gate,260011
tt06_0b205ed7c55b72f9871ecdf2,supervised_adapt,expected,successful_no_drift,0,,expected_low_impact_config,gateway_metadata_annotation_cloud_v1,ts-gateway-service,ts-gateway-service,ts-gateway-service,"ts-gateway-service,ts-price-service,ts-route-service,ts-train-service,ts-station-service",true,15,629,run_id+phase+service_name,,new_v0_6,supervised_adapt,689,ttv06_supervised_adapt_gateway_successful_no_drift_r01_017,successful_no_drift,external_oracle+frozen_control_drift_gate,260017
tt06_0fb6a295aaffa037cd45be73,supervised_adapt,unexpected,unexpected_drift,1,,unexpected_bad_port,train_wrong_db_port_cloud_v1,ts-train-service,ts-train-service,"ts-train-service,ts-gateway-service","ts-gateway-service,ts-train-service",true,155,7582,run_id+phase+service_name,,new_v0_6,supervised_adapt,7686,ttv06_supervised_adapt_train_unexpected_drift_r01_014,unexpected_drift,external_oracle+frozen_control_drift_gate,260014
tt06_13e1244350b9e51a75c4f84d,supervised_adapt,expected,successful_no_drift,0,,expected_resource_scale,route_replicas_1_to_2_cloud_v1,ts-route-service,ts-route-service,"ts-route-service,ts-gateway-service","ts-gateway-service,ts-route-service",true,15,624,run_id+phase+service_name,,new_v0_6,supervised_adapt,684,ttv06_supervised_adapt_route_expected_drift_r02_023,expected_drift,external_oracle+frozen_control_drift_gate,260023
tt06_27ac32261ba729ca9c9d514c,supervised_adapt,expected,expected_drift,1,,expected_resource_scale,gateway_replicas_1_to_2_cloud_v1,ts-gateway-service,ts-gateway-service,ts-gateway-service,"ts-gateway-service,ts-price-service,ts-route-service,ts-train-service,ts-station-service",true,16,678,run_id+phase+service_name,,new_v0_6,supervised_adapt,738,ttv06_supervised_adapt_gateway_expected_drift_r02_035,expected_drift,external_oracle+frozen_control_drift_gate,260035
tt06_2da271e72006ca85d72a16d4,supervised_adapt,unexpected,unexpected_drift,1,,unexpected_resource_limit,gateway_jvm_heap_exceeds_memory_limit_cloud_v1,ts-gateway-service,ts-gateway-service,"ts-gateway-service,node","ts-gateway-service,ts-price-service,ts-route-service,ts-train-service,ts-station-service",true,15,680,run_id+phase+service_name,,new_v0_6,supervised_adapt,750,ttv06_supervised_adapt_gateway_unexpected_drift_r01_018,unexpected_drift,external_oracle+frozen_control_drift_gate,260018
tt06_33778bfc53a4d38363f05d1b,supervised_adapt,unexpected,unexpected_drift,1,,unexpected_bad_port,train_wrong_db_port_cloud_v1,ts-train-service,ts-train-service,"ts-train-service,ts-gateway-service","ts-gateway-service,ts-train-service",true,152,7458,run_id+phase+service_name,,new_v0_6,supervised_adapt,7536,ttv06_supervised_adapt_train_unexpected_drift_r02_029,unexpected_drift,external_oracle+frozen_control_drift_gate,260029
tt06_37034f54cd1cb1d85c1825c6,supervised_adapt,unexpected,unexpected_drift,1,,unexpected_resource_limit,station_jvm_heap_exceeds_memory_limit_cloud_v1,ts-station-service,ts-station-service,"ts-station-service,ts-gateway-service,node","ts-gateway-service,ts-station-service",true,26,1140,run_id+phase+service_name,,new_v0_6,supervised_adapt,1234,ttv06_supervised_adapt_station_unexpected_drift_r02_025,unexpected_drift,external_oracle+frozen_control_drift_gate,260025
tt06_463fb763ebcdf88d60379101,supervised_adapt,expected,successful_no_drift,0,,expected_low_impact_config,gateway_metadata_annotation_cloud_v1,ts-gateway-service,ts-gateway-service,ts-gateway-service,"ts-gateway-service,ts-price-service,ts-route-service,ts-train-service,ts-station-service",true,15,629,run_id+phase+service_name,,new_v0_6,supervised_adapt,689,ttv06_supervised_adapt_gateway_successful_no_drift_r02_036,successful_no_drift,external_oracle+frozen_control_drift_gate,260036
tt06_4fa475d8e14ebb193d783dfc,supervised_adapt,expected,expected_drift,1,,expected_resource_scale,gateway_replicas_1_to_2_cloud_v1,ts-gateway-service,ts-gateway-service,ts-gateway-service,"ts-gateway-service,ts-price-service,ts-route-service,ts-train-service,ts-station-service",true,16,670,run_id+phase+service_name,,new_v0_6,supervised_adapt,730,ttv06_supervised_adapt_gateway_expected_drift_r01_020,expected_drift,external_oracle+frozen_control_drift_gate,260020
tt06_53cda9fc8c2a2ecf27dc28b4,supervised_adapt,expected,expected_drift,1,,expected_resource_scale,train_replicas_1_to_2_cloud_v1,ts-train-service,ts-train-service,"ts-train-service,ts-gateway-service","ts-gateway-service,ts-train-service",true,15,624,run_id+phase+service_name,,new_v0_6,supervised_adapt,684,ttv06_supervised_adapt_train_expected_drift_r02_031,expected_drift,external_oracle+frozen_control_drift_gate,260031
tt06_5a853670a6269fe3b3a2dbc8,supervised_adapt,unexpected,unexpected_drift,1,,unexpected_bad_port,route_wrong_db_port_cloud_v1,ts-route-service,ts-route-service,"ts-route-service,ts-gateway-service","ts-gateway-service,ts-route-service",true,152,7458,run_id+phase+service_name,,new_v0_6,supervised_adapt,7536,ttv06_supervised_adapt_route_unexpected_drift_r02_021,unexpected_drift,external_oracle+frozen_control_drift_gate,260021
tt06_5db6792dd5364700cd7d6103,supervised_adapt,expected,expected_drift,1,,expected_resource_scale,route_replicas_1_to_2_cloud_v1,ts-route-service,ts-route-service,"ts-route-service,ts-gateway-service","ts-gateway-service,ts-route-service",true,15,624,run_id+phase+service_name,,new_v0_6,supervised_adapt,684,ttv06_supervised_adapt_route_expected_drift_r01_008,expected_drift,external_oracle+frozen_control_drift_gate,260008
tt06_63d56ddeef6e83ede82721fa,supervised_adapt,expected,successful_no_drift,0,,expected_resource_scale,station_replicas_1_to_2_cloud_v1,ts-station-service,ts-station-service,"ts-station-service,ts-gateway-service","ts-gateway-service,ts-station-service",true,15,624,run_id+phase+service_name,,new_v0_6,supervised_adapt,684,ttv06_supervised_adapt_station_expected_drift_r01_012,expected_drift,external_oracle+frozen_control_drift_gate,260012
tt06_6b2cbd797ab23f4a2e1d8da8,supervised_adapt,unexpected,unexpected_drift,1,,unexpected_service_termination,route_replicas_1_to_0_cloud_v1,ts-route-service,ts-route-service,"ts-route-service,ts-gateway-service","ts-gateway-service,ts-route-service",true,15,591,run_id+phase+service_name,,new_v0_6,supervised_adapt,651,ttv06_supervised_adapt_route_unexpected_without_observable_log_drift_r01_007,unexpected_without_observable_log_drift,external_oracle+frozen_control_drift_gate,260007
tt06_6e9dc1dd14a895000c43e064,supervised_adapt,unexpected,unexpected_drift,1,,unexpected_bad_port,route_wrong_db_port_cloud_v1,ts-route-service,ts-route-service,"ts-route-service,ts-gateway-service","ts-gateway-service,ts-route-service",true,153,7520,run_id+phase+service_name,,new_v0_6,supervised_adapt,7586,ttv06_supervised_adapt_route_unexpected_drift_r01_006_retry1,unexpected_drift,external_oracle+frozen_control_drift_gate,260041
tt06_8052035596543fb7f4bd10ad,supervised_adapt,unexpected,unexpected_drift,1,,unexpected_resource_limit,station_jvm_heap_exceeds_memory_limit_cloud_v1,ts-station-service,ts-station-service,"ts-station-service,ts-gateway-service,node","ts-gateway-service,ts-station-service",true,26,1146,run_id+phase+service_name,,new_v0_6,supervised_adapt,1234,ttv06_supervised_adapt_station_unexpected_drift_r01_010,unexpected_drift,external_oracle+frozen_control_drift_gate,260010
tt06_868b8070bcada9e9b53140f3,supervised_adapt,expected,expected_drift,1,,expected_low_impact_config,price_metadata_annotation_cloud_v1,ts-price-service,ts-price-service,ts-price-service,"ts-gateway-service,ts-price-service,ts-route-service,ts-train-service,ts-station-service",true,16,688,run_id+phase+service_name,,new_v0_6,supervised_adapt,768,ttv06_supervised_adapt_price_successful_no_drift_r01_001,successful_no_drift,external_oracle+frozen_control_drift_gate,260001
tt06_8a51d51632f0446b470dcef8,supervised_adapt,unexpected,unexpected_drift,1,,unexpected_service_termination,train_replicas_1_to_0_cloud_v1,ts-train-service,ts-train-service,"ts-train-service,ts-gateway-service","ts-gateway-service,ts-train-service",true,15,591,run_id+phase+service_name,,new_v0_6,supervised_adapt,651,ttv06_supervised_adapt_train_unexpected_without_observable_log_drift_r02_030,unexpected_without_observable_log_drift,external_oracle+frozen_control_drift_gate,260030
tt06_8f9450b8e4a88626a0fcd204,supervised_adapt,expected,expected_drift,1,,expected_resource_scale,train_replicas_1_to_2_cloud_v1,ts-train-service,ts-train-service,"ts-train-service,ts-gateway-service","ts-gateway-service,ts-train-service",true,15,624,run_id+phase+service_name,,new_v0_6,supervised_adapt,684,ttv06_supervised_adapt_train_expected_drift_r01_016,expected_drift,external_oracle+frozen_control_drift_gate,260016
tt06_95db5241bfdb00ab3d2eb3bc,supervised_adapt,expected,expected_drift,1,,expected_resource_scale,price_replicas_1_to_2_cloud_v1,ts-price-service,ts-price-service,"ts-price-service,ts-gateway-service","ts-gateway-service,ts-price-service",true,16,688,run_id+phase+service_name,,new_v0_6,supervised_adapt,768,ttv06_supervised_adapt_price_expected_drift_r02_039,expected_drift,external_oracle+frozen_control_drift_gate,260039
tt06_99851423162516b5f867fe3f,supervised_adapt,expected,successful_no_drift,0,,expected_low_impact_config,station_metadata_annotation_cloud_v1,ts-station-service,ts-station-service,ts-station-service,"ts-gateway-service,ts-price-service,ts-route-service,ts-train-service,ts-station-service",true,15,623,run_id+phase+service_name,,new_v0_6,supervised_adapt,684,ttv06_supervised_adapt_station_successful_no_drift_r02_028,successful_no_drift,external_oracle+frozen_control_drift_gate,260028
tt06_a21d17cafa7cb897d51fa301,supervised_adapt,unexpected,unexpected_drift,1,,unexpected_service_termination,gateway_replicas_1_to_0_cloud_v1,ts-gateway-service,ts-gateway-service,ts-gateway-service,"ts-gateway-service,ts-price-service,ts-route-service,ts-train-service,ts-station-service",true,13,552,run_id+phase+service_name,,new_v0_6,supervised_adapt,612,ttv06_supervised_adapt_gateway_unexpected_without_observable_log_drift_r02_034,unexpected_without_observable_log_drift,external_oracle+frozen_control_drift_gate,260034
tt06_a291b372c27898d85493c540,supervised_adapt,expected,expected_drift,1,,expected_low_impact_config,route_metadata_annotation_cloud_v1,ts-route-service,ts-route-service,ts-route-service,"ts-gateway-service,ts-price-service,ts-route-service,ts-train-service,ts-station-service",true,15,624,run_id+phase+service_name,,new_v0_6,supervised_adapt,684,ttv06_supervised_adapt_route_successful_no_drift_r02_024,successful_no_drift,external_oracle+frozen_control_drift_gate,260024
tt06_a3eb3ee1bc0467bc59919b71,supervised_adapt,unexpected,unexpected_drift,1,,unexpected_service_termination,train_replicas_1_to_0_cloud_v1,ts-train-service,ts-train-service,"ts-train-service,ts-gateway-service","ts-gateway-service,ts-train-service",true,15,591,run_id+phase+service_name,,new_v0_6,supervised_adapt,651,ttv06_supervised_adapt_train_unexpected_without_observable_log_drift_r01_015,unexpected_without_observable_log_drift,external_oracle+frozen_control_drift_gate,260015
tt06_bfad560f3fd4c4478e711823,supervised_adapt,unexpected,unexpected_drift,1,,unexpected_service_termination,route_replicas_1_to_0_cloud_v1,ts-route-service,ts-route-service,"ts-route-service,ts-gateway-service","ts-gateway-service,ts-route-service",true,15,597,run_id+phase+service_name,,new_v0_6,supervised_adapt,651,ttv06_supervised_adapt_route_unexpected_without_observable_log_drift_r02_022,unexpected_without_observable_log_drift,external_oracle+frozen_control_drift_gate,260022
tt06_c08c769fb72b80a3b00d6576,supervised_adapt,unexpected,unexpected_drift,1,,unexpected_service_termination,price_replicas_1_to_0_cloud_v1,ts-price-service,ts-price-service,"ts-price-service,ts-gateway-service","ts-gateway-service,ts-price-service",true,15,623,run_id+phase+service_name,,new_v0_6,supervised_adapt,683,ttv06_supervised_adapt_price_unexpected_without_observable_log_drift_r01_003,unexpected_without_observable_log_drift,external_oracle+frozen_control_drift_gate,260003
tt06_c5ce18c5cfaf99c34ef602be,supervised_adapt,unexpected,unexpected_drift,1,,unexpected_service_termination,gateway_replicas_1_to_0_cloud_v1,ts-gateway-service,ts-gateway-service,ts-gateway-service,"ts-gateway-service,ts-price-service,ts-route-service,ts-train-service,ts-station-service",true,13,552,run_id+phase+service_name,,new_v0_6,supervised_adapt,612,ttv06_supervised_adapt_gateway_unexpected_without_observable_log_drift_r01_019,unexpected_without_observable_log_drift,external_oracle+frozen_control_drift_gate,260019
tt06_cd5e17cef621f5610cccb3b2,supervised_adapt,unexpected,unexpected_without_observable_log_drift,0,,unexpected_service_termination,station_replicas_1_to_0_cloud_v1,ts-station-service,ts-station-service,"ts-station-service,ts-gateway-service","ts-gateway-service,ts-station-service",true,16,639,run_id+phase+service_name,,new_v0_6,supervised_adapt,699,ttv06_supervised_adapt_station_unexpected_without_observable_log_drift_r02_026,unexpected_without_observable_log_drift,external_oracle+frozen_control_drift_gate,260026
tt06_dd7456ef64dd417c387ab6db,supervised_adapt,expected,expected_drift,1,,expected_low_impact_config,station_metadata_annotation_cloud_v1,ts-station-service,ts-station-service,ts-station-service,"ts-gateway-service,ts-price-service,ts-route-service,ts-train-service,ts-station-service",true,15,624,run_id+phase+service_name,,new_v0_6,supervised_adapt,684,ttv06_supervised_adapt_station_successful_no_drift_r01_009,successful_no_drift,external_oracle+frozen_control_drift_gate,260009
tt06_e9f259b0a38ed46de8bd8bf9,supervised_adapt,unexpected,unexpected_drift,1,,unexpected_bad_port,price_wrong_db_port_3399_cloud_v1,ts-price-service,ts-price-service,"ts-price-service,ts-gateway-service","ts-gateway-service,ts-price-service",true,171,8432,run_id+phase+service_name,,new_v0_6,supervised_adapt,8518,ttv06_supervised_adapt_price_unexpected_drift_r02_037,unexpected_drift,external_oracle+frozen_control_drift_gate,260037
tt06_eace9706c63b4f97e216bc11,supervised_adapt,unexpected,unexpected_drift,1,,unexpected_service_termination,price_replicas_1_to_0_cloud_v1,ts-price-service,ts-price-service,"ts-price-service,ts-gateway-service","ts-gateway-service,ts-price-service",true,15,623,run_id+phase+service_name,,new_v0_6,supervised_adapt,683,ttv06_supervised_adapt_price_unexpected_without_observable_log_drift_r02_038,unexpected_without_observable_log_drift,external_oracle+frozen_control_drift_gate,260038
tt06_eaea715c6070dec64abe2e45,supervised_adapt,expected,expected_drift,1,,expected_resource_scale,station_replicas_1_to_2_cloud_v1,ts-station-service,ts-station-service,"ts-station-service,ts-gateway-service","ts-gateway-service,ts-station-service",true,15,622,run_id+phase+service_name,,new_v0_6,supervised_adapt,684,ttv06_supervised_adapt_station_expected_drift_r02_027,expected_drift,external_oracle+frozen_control_drift_gate,260027
tt06_ee87353ac6c2012335221324,supervised_adapt,unexpected,unexpected_drift,1,,unexpected_resource_limit,gateway_jvm_heap_exceeds_memory_limit_cloud_v1,ts-gateway-service,ts-gateway-service,"ts-gateway-service,node","ts-gateway-service,ts-price-service,ts-route-service,ts-train-service,ts-station-service",true,15,675,run_id+phase+service_name,,new_v0_6,supervised_adapt,750,ttv06_supervised_adapt_gateway_unexpected_drift_r02_033,unexpected_drift,external_oracle+frozen_control_drift_gate,260033
tt06_ee8b8243f1d0940d99ad7562,supervised_adapt,expected,expected_drift,1,,expected_low_impact_config,train_metadata_annotation_cloud_v1,ts-train-service,ts-train-service,ts-train-service,"ts-gateway-service,ts-price-service,ts-route-service,ts-train-service,ts-station-service",true,15,624,run_id+phase+service_name,,new_v0_6,supervised_adapt,684,ttv06_supervised_adapt_train_successful_no_drift_r02_032,successful_no_drift,external_oracle+frozen_control_drift_gate,260032
tt06_efb0cf266e72f46d1b8f9fb6,supervised_adapt,unexpected,unexpected_drift,1,,unexpected_bad_port,price_wrong_db_port_3399_cloud_v1,ts-price-service,ts-price-service,"ts-price-service,ts-gateway-service","ts-gateway-service,ts-price-service",true,170,8371,run_id+phase+service_name,,new_v0_6,supervised_adapt,8468,ttv06_supervised_adapt_price_unexpected_drift_r01_002,unexpected_drift,external_oracle+frozen_control_drift_gate,260002
tt06_f6f68cbec7e358a88652d7ab,supervised_adapt,expected,expected_drift,1,,expected_low_impact_config,train_metadata_annotation_cloud_v1,ts-train-service,ts-train-service,ts-train-service,"ts-gateway-service,ts-price-service,ts-route-service,ts-train-service,ts-station-service",true,15,624,run_id+phase+service_name,,new_v0_6,supervised_adapt,684,ttv06_supervised_adapt_train_successful_no_drift_r01_013,successful_no_drift,external_oracle+frozen_control_drift_gate,260013
tt06_f8d6c2ce7491ab519c7d02db,supervised_adapt,expected,successful_no_drift,0,,expected_resource_scale,price_replicas_1_to_2_cloud_v1,ts-price-service,ts-price-service,"ts-price-service,ts-gateway-service","ts-gateway-service,ts-price-service",true,16,688,run_id+phase+service_name,,new_v0_6,supervised_adapt,768,ttv06_supervised_adapt_price_expected_drift_r01_004,expected_drift,external_oracle+frozen_control_drift_gate,260004
tt06_00124e15bfa3906df513f3c9,dev,unexpected,unexpected_drift,1,,unexpected_resource_limit,gateway_jvm_heap_exceeds_memory_limit_cloud_v1,ts-gateway-service,ts-gateway-service,"ts-gateway-service,node","ts-gateway-service,ts-price-service,ts-route-service,ts-train-service,ts-station-service",true,15,678,run_id+phase+service_name,,new_v0_6,threshold_calibration,750,ttv06_threshold_calibration_gateway_unexpected_drift_r01_018,unexpected_drift,external_oracle+frozen_control_drift_gate,270018
tt06_0b91ffee27a577019dd8565c,dev,expected,expected_drift,1,,expected_resource_scale,train_replicas_1_to_2_cloud_v1,ts-train-service,ts-train-service,"ts-train-service,ts-gateway-service","ts-gateway-service,ts-train-service",true,15,624,run_id+phase+service_name,,new_v0_6,threshold_calibration,684,ttv06_threshold_calibration_train_expected_drift_r01_016,expected_drift,external_oracle+frozen_control_drift_gate,270016
tt06_0e6479053a10d2a947fa5967,dev,unexpected,unexpected_drift,1,,unexpected_service_termination,train_replicas_1_to_0_cloud_v1,ts-train-service,ts-train-service,"ts-train-service,ts-gateway-service","ts-gateway-service,ts-train-service",true,15,591,run_id+phase+service_name,,new_v0_6,threshold_calibration,651,ttv06_threshold_calibration_train_unexpected_without_observable_log_drift_r02_030,unexpected_without_observable_log_drift,external_oracle+frozen_control_drift_gate,270030
tt06_12cf77c6ed22f1602ee22acb,dev,unexpected,unexpected_drift,1,,unexpected_service_termination,price_replicas_1_to_0_cloud_v1,ts-price-service,ts-price-service,"ts-price-service,ts-gateway-service","ts-gateway-service,ts-price-service",true,15,629,run_id+phase+service_name,,new_v0_6,threshold_calibration,683,ttv06_threshold_calibration_price_unexpected_without_observable_log_drift_r01_003,unexpected_without_observable_log_drift,external_oracle+frozen_control_drift_gate,270003
tt06_330d4b85d8dd0d2f72927e3f,dev,expected,expected_drift,1,,expected_resource_scale,route_replicas_1_to_2_cloud_v1,ts-route-service,ts-route-service,"ts-route-service,ts-gateway-service","ts-gateway-service,ts-route-service",true,15,623,run_id+phase+service_name,,new_v0_6,threshold_calibration,684,ttv06_threshold_calibration_route_expected_drift_r01_008,expected_drift,external_oracle+frozen_control_drift_gate,270008
tt06_3a0bdc264a63a5de7a43530a,dev,expected,successful_no_drift,0,,expected_resource_scale,station_replicas_1_to_2_cloud_v1,ts-station-service,ts-station-service,"ts-station-service,ts-gateway-service","ts-gateway-service,ts-station-service",true,15,624,run_id+phase+service_name,,new_v0_6,threshold_calibration,684,ttv06_threshold_calibration_station_expected_drift_r02_027,expected_drift,external_oracle+frozen_control_drift_gate,270027
tt06_433d88129071f76cf4afe825,dev,expected,successful_no_drift,0,,expected_low_impact_config,gateway_metadata_annotation_cloud_v1,ts-gateway-service,ts-gateway-service,ts-gateway-service,"ts-gateway-service,ts-price-service,ts-route-service,ts-train-service,ts-station-service",true,15,629,run_id+phase+service_name,,new_v0_6,threshold_calibration,689,ttv06_threshold_calibration_gateway_successful_no_drift_r01_017,successful_no_drift,external_oracle+frozen_control_drift_gate,270017
tt06_444a8c0ea5667123d62aa9d5,dev,expected,successful_no_drift,0,,expected_low_impact_config,price_metadata_annotation_cloud_v1,ts-price-service,ts-price-service,ts-price-service,"ts-gateway-service,ts-price-service,ts-route-service,ts-train-service,ts-station-service",true,16,688,run_id+phase+service_name,,new_v0_6,threshold_calibration,768,ttv06_threshold_calibration_price_successful_no_drift_r02_040,successful_no_drift,external_oracle+frozen_control_drift_gate,270040
tt06_487dfe92ec4a63b7afa76e18,dev,unexpected,unexpected_drift,1,,unexpected_bad_port,route_wrong_db_port_cloud_v1,ts-route-service,ts-route-service,"ts-route-service,ts-gateway-service","ts-gateway-service,ts-route-service",true,156,7644,run_id+phase+service_name,,new_v0_6,threshold_calibration,7736,ttv06_threshold_calibration_route_unexpected_drift_r02_021,unexpected_drift,external_oracle+frozen_control_drift_gate,270021
tt06_4ca25561b5a7f4c522d5d595,dev,unexpected,unexpected_drift,1,,unexpected_service_termination,price_replicas_1_to_0_cloud_v1,ts-price-service,ts-price-service,"ts-price-service,ts-gateway-service","ts-gateway-service,ts-price-service",true,15,623,run_id+phase+service_name,,new_v0_6,threshold_calibration,683,ttv06_threshold_calibration_price_unexpected_without_observable_log_drift_r02_038,unexpected_without_observable_log_drift,external_oracle+frozen_control_drift_gate,270038
tt06_56e46d12be62a2ae7d536a70,dev,expected,expected_drift,1,,expected_low_impact_config,train_metadata_annotation_cloud_v1,ts-train-service,ts-train-service,ts-train-service,"ts-gateway-service,ts-price-service,ts-route-service,ts-train-service,ts-station-service",true,15,623,run_id+phase+service_name,,new_v0_6,threshold_calibration,684,ttv06_threshold_calibration_train_successful_no_drift_r02_032,successful_no_drift,external_oracle+frozen_control_drift_gate,270032
tt06_59dfc3055ffb1c77b81b8a0b,dev,expected,expected_drift,1,,expected_resource_scale,gateway_replicas_1_to_2_cloud_v1,ts-gateway-service,ts-gateway-service,ts-gateway-service,"ts-gateway-service,ts-price-service,ts-route-service,ts-train-service,ts-station-service",true,16,670,run_id+phase+service_name,,new_v0_6,threshold_calibration,730,ttv06_threshold_calibration_gateway_expected_drift_r01_020,expected_drift,external_oracle+frozen_control_drift_gate,270020
tt06_5ef29ec4ff56afa2a035317d,dev,unexpected,unexpected_drift,1,,unexpected_bad_port,train_wrong_db_port_cloud_v1,ts-train-service,ts-train-service,"ts-train-service,ts-gateway-service","ts-gateway-service,ts-train-service",true,152,7458,run_id+phase+service_name,,new_v0_6,threshold_calibration,7536,ttv06_threshold_calibration_train_unexpected_drift_r02_029,unexpected_drift,external_oracle+frozen_control_drift_gate,270029
tt06_696f9a3cebc52be4c5cc41b1,dev,expected,expected_drift,1,,expected_resource_scale,gateway_replicas_1_to_2_cloud_v1,ts-gateway-service,ts-gateway-service,ts-gateway-service,"ts-gateway-service,ts-price-service,ts-route-service,ts-train-service,ts-station-service",true,16,646,run_id+phase+service_name,,new_v0_6,threshold_calibration,706,ttv06_threshold_calibration_gateway_expected_drift_r02_035,expected_drift,external_oracle+frozen_control_drift_gate,270035
tt06_7224f1347ec63716bf857bdb,dev,expected,successful_no_drift,0,,expected_resource_scale,price_replicas_1_to_2_cloud_v1,ts-price-service,ts-price-service,"ts-price-service,ts-gateway-service","ts-gateway-service,ts-price-service",true,16,688,run_id+phase+service_name,,new_v0_6,threshold_calibration,768,ttv06_threshold_calibration_price_expected_drift_r01_004,expected_drift,external_oracle+frozen_control_drift_gate,270004
tt06_7b4914bec609844a39f6ee41,dev,expected,expected_drift,1,,expected_low_impact_config,train_metadata_annotation_cloud_v1,ts-train-service,ts-train-service,ts-train-service,"ts-gateway-service,ts-price-service,ts-route-service,ts-train-service,ts-station-service",true,15,623,run_id+phase+service_name,,new_v0_6,threshold_calibration,684,ttv06_threshold_calibration_train_successful_no_drift_r01_013,successful_no_drift,external_oracle+frozen_control_drift_gate,270013
tt06_7f009fa2e8da4155ad76bad7,dev,unexpected,unexpected_drift,1,,unexpected_resource_limit,station_jvm_heap_exceeds_memory_limit_cloud_v1,ts-station-service,ts-station-service,"ts-station-service,ts-gateway-service,node","ts-gateway-service,ts-station-service",true,26,1149,run_id+phase+service_name,,new_v0_6,threshold_calibration,1234,ttv06_threshold_calibration_station_unexpected_drift_r01_010,unexpected_drift,external_oracle+frozen_control_drift_gate,270010
tt06_934f885ac572381ec2063b6a,dev,expected,expected_drift,1,,expected_low_impact_config,route_metadata_annotation_cloud_v1,ts-route-service,ts-route-service,ts-route-service,"ts-gateway-service,ts-price-service,ts-route-service,ts-train-service,ts-station-service",true,15,624,run_id+phase+service_name,,new_v0_6,threshold_calibration,684,ttv06_threshold_calibration_route_successful_no_drift_r02_024,successful_no_drift,external_oracle+frozen_control_drift_gate,270024
tt06_9e8866ec1a8e863a310b4fe8,dev,expected,successful_no_drift,0,,expected_low_impact_config,price_metadata_annotation_cloud_v1,ts-price-service,ts-price-service,ts-price-service,"ts-gateway-service,ts-price-service,ts-route-service,ts-train-service,ts-station-service",true,16,688,run_id+phase+service_name,,new_v0_6,threshold_calibration,768,ttv06_threshold_calibration_price_successful_no_drift_r01_001,successful_no_drift,external_oracle+frozen_control_drift_gate,270001
tt06_accf86ace8a8462337024036,dev,unexpected,unexpected_drift,1,,unexpected_service_termination,gateway_replicas_1_to_0_cloud_v1,ts-gateway-service,ts-gateway-service,ts-gateway-service,"ts-gateway-service,ts-price-service,ts-route-service,ts-train-service,ts-station-service",true,13,552,run_id+phase+service_name,,new_v0_6,threshold_calibration,612,ttv06_threshold_calibration_gateway_unexpected_without_observable_log_drift_r01_019,unexpected_without_observable_log_drift,external_oracle+frozen_control_drift_gate,270019
tt06_b0cbf32e480022669b541fef,dev,expected,successful_no_drift,0,,expected_resource_scale,price_replicas_1_to_2_cloud_v1,ts-price-service,ts-price-service,"ts-price-service,ts-gateway-service","ts-gateway-service,ts-price-service",true,16,688,run_id+phase+service_name,,new_v0_6,threshold_calibration,768,ttv06_threshold_calibration_price_expected_drift_r02_039,expected_drift,external_oracle+frozen_control_drift_gate,270039
tt06_b4bdf71d65559bfa33aa7d8f,dev,unexpected,unexpected_drift,1,,unexpected_service_termination,station_replicas_1_to_0_cloud_v1,ts-station-service,ts-station-service,"ts-station-service,ts-gateway-service","ts-gateway-service,ts-station-service",true,16,639,run_id+phase+service_name,,new_v0_6,threshold_calibration,699,ttv06_threshold_calibration_station_unexpected_without_observable_log_drift_r01_011,unexpected_without_observable_log_drift,external_oracle+frozen_control_drift_gate,270011
tt06_b63c036d15921c09d816c39a,dev,unexpected,unexpected_drift,1,,unexpected_service_termination,route_replicas_1_to_0_cloud_v1,ts-route-service,ts-route-service,"ts-route-service,ts-gateway-service","ts-gateway-service,ts-route-service",true,15,591,run_id+phase+service_name,,new_v0_6,threshold_calibration,651,ttv06_threshold_calibration_route_unexpected_without_observable_log_drift_r02_022,unexpected_without_observable_log_drift,external_oracle+frozen_control_drift_gate,270022
tt06_b8c9e03949394f33db676567,dev,unexpected,unexpected_drift,1,,unexpected_bad_port,price_wrong_db_port_3399_cloud_v1,ts-price-service,ts-price-service,"ts-price-service,ts-gateway-service","ts-gateway-service,ts-price-service",true,173,8558,run_id+phase+service_name,,new_v0_6,threshold_calibration,8618,ttv06_threshold_calibration_price_unexpected_drift_r01_002,unexpected_drift,external_oracle+frozen_control_drift_gate,270002
tt06_ba8398664e836799d6a69cdb,dev,unexpected,unexpected_drift,1,,unexpected_bad_port,price_wrong_db_port_3399_cloud_v1,ts-price-service,ts-price-service,"ts-price-service,ts-gateway-service","ts-gateway-service,ts-price-service",true,173,8516,run_id+phase+service_name,,new_v0_6,threshold_calibration,8618,ttv06_threshold_calibration_price_unexpected_drift_r02_037,unexpected_drift,external_oracle+frozen_control_drift_gate,270037
tt06_c0cf97bc9bbdb40e8a0b5782,dev,expected,successful_no_drift,0,,expected_low_impact_config,gateway_metadata_annotation_cloud_v1,ts-gateway-service,ts-gateway-service,ts-gateway-service,"ts-gateway-service,ts-price-service,ts-route-service,ts-train-service,ts-station-service",true,15,629,run_id+phase+service_name,,new_v0_6,threshold_calibration,689,ttv06_threshold_calibration_gateway_successful_no_drift_r02_036,successful_no_drift,external_oracle+frozen_control_drift_gate,270036
tt06_ca65039bc04c6a4a244150f9,dev,unexpected,unexpected_drift,1,,unexpected_service_termination,route_replicas_1_to_0_cloud_v1,ts-route-service,ts-route-service,"ts-route-service,ts-gateway-service","ts-gateway-service,ts-route-service",true,15,597,run_id+phase+service_name,,new_v0_6,threshold_calibration,651,ttv06_threshold_calibration_route_unexpected_without_observable_log_drift_r01_007,unexpected_without_observable_log_drift,external_oracle+frozen_control_drift_gate,270007
tt06_cee92fd04b0139daf7aa1aff,dev,unexpected,unexpected_drift,1,,unexpected_service_termination,train_replicas_1_to_0_cloud_v1,ts-train-service,ts-train-service,"ts-train-service,ts-gateway-service","ts-gateway-service,ts-train-service",true,15,591,run_id+phase+service_name,,new_v0_6,threshold_calibration,651,ttv06_threshold_calibration_train_unexpected_without_observable_log_drift_r01_015,unexpected_without_observable_log_drift,external_oracle+frozen_control_drift_gate,270015
tt06_cf10644007784666cb4e2205,dev,expected,expected_drift,1,,expected_low_impact_config,station_metadata_annotation_cloud_v1,ts-station-service,ts-station-service,ts-station-service,"ts-gateway-service,ts-price-service,ts-route-service,ts-train-service,ts-station-service",true,15,624,run_id+phase+service_name,,new_v0_6,threshold_calibration,684,ttv06_threshold_calibration_station_successful_no_drift_r02_028,successful_no_drift,external_oracle+frozen_control_drift_gate,270028
tt06_d130f4b31b9493f7cf265906,dev,expected,expected_drift,1,,expected_resource_scale,station_replicas_1_to_2_cloud_v1,ts-station-service,ts-station-service,"ts-station-service,ts-gateway-service","ts-gateway-service,ts-station-service",true,15,622,run_id+phase+service_name,,new_v0_6,threshold_calibration,684,ttv06_threshold_calibration_station_expected_drift_r01_012,expected_drift,external_oracle+frozen_control_drift_gate,270012
tt06_d13ac32e762f9a41452b6058,dev,unexpected,unexpected_drift,1,,unexpected_service_termination,gateway_replicas_1_to_0_cloud_v1,ts-gateway-service,ts-gateway-service,ts-gateway-service,"ts-gateway-service,ts-price-service,ts-route-service,ts-train-service,ts-station-service",true,13,552,run_id+phase+service_name,,new_v0_6,threshold_calibration,612,ttv06_threshold_calibration_gateway_unexpected_without_observable_log_drift_r02_034,unexpected_without_observable_log_drift,external_oracle+frozen_control_drift_gate,270034
tt06_d19ff515d2bebdb85edbfd06,dev,expected,expected_drift,1,,expected_low_impact_config,station_metadata_annotation_cloud_v1,ts-station-service,ts-station-service,ts-station-service,"ts-gateway-service,ts-price-service,ts-route-service,ts-train-service,ts-station-service",true,15,624,run_id+phase+service_name,,new_v0_6,threshold_calibration,684,ttv06_threshold_calibration_station_successful_no_drift_r01_009,successful_no_drift,external_oracle+frozen_control_drift_gate,270009
tt06_d78f08f01cb5c8af5d00d7da,dev,unexpected,unexpected_drift,1,,unexpected_service_termination,station_replicas_1_to_0_cloud_v1,ts-station-service,ts-station-service,"ts-station-service,ts-gateway-service","ts-gateway-service,ts-station-service",true,16,639,run_id+phase+service_name,,new_v0_6,threshold_calibration,699,ttv06_threshold_calibration_station_unexpected_without_observable_log_drift_r02_026,unexpected_without_observable_log_drift,external_oracle+frozen_control_drift_gate,270026
tt06_d8e433666a4b765c86a2c8b4,dev,unexpected,unexpected_drift,1,,unexpected_resource_limit,gateway_jvm_heap_exceeds_memory_limit_cloud_v1,ts-gateway-service,ts-gateway-service,"ts-gateway-service,node","ts-gateway-service,ts-price-service,ts-route-service,ts-train-service,ts-station-service",true,15,678,run_id+phase+service_name,,new_v0_6,threshold_calibration,750,ttv06_threshold_calibration_gateway_unexpected_drift_r02_033,unexpected_drift,external_oracle+frozen_control_drift_gate,270033
tt06_da18bd477a22bb4d9017c400,dev,expected,expected_drift,1,,expected_resource_scale,route_replicas_1_to_2_cloud_v1,ts-route-service,ts-route-service,"ts-route-service,ts-gateway-service","ts-gateway-service,ts-route-service",true,15,624,run_id+phase+service_name,,new_v0_6,threshold_calibration,684,ttv06_threshold_calibration_route_expected_drift_r02_023,expected_drift,external_oracle+frozen_control_drift_gate,270023
tt06_e227abb065783641e6769400,dev,unexpected,unexpected_drift,1,,unexpected_bad_port,route_wrong_db_port_cloud_v1,ts-route-service,ts-route-service,"ts-route-service,ts-gateway-service","ts-gateway-service,ts-route-service",true,153,7520,run_id+phase+service_name,,new_v0_6,threshold_calibration,7586,ttv06_threshold_calibration_route_unexpected_drift_r01_006,unexpected_drift,external_oracle+frozen_control_drift_gate,270006
tt06_f1180063017b910266bb79fe,dev,unexpected,unexpected_drift,1,,unexpected_bad_port,train_wrong_db_port_cloud_v1,ts-train-service,ts-train-service,"ts-train-service,ts-gateway-service","ts-gateway-service,ts-train-service",true,151,7396,run_id+phase+service_name,,new_v0_6,threshold_calibration,7486,ttv06_threshold_calibration_train_unexpected_drift_r01_014,unexpected_drift,external_oracle+frozen_control_drift_gate,270014
tt06_f3d8920b0163c29e28abb41e,dev,expected,expected_drift,1,,expected_resource_scale,train_replicas_1_to_2_cloud_v1,ts-train-service,ts-train-service,"ts-train-service,ts-gateway-service","ts-gateway-service,ts-train-service",true,15,624,run_id+phase+service_name,,new_v0_6,threshold_calibration,684,ttv06_threshold_calibration_train_expected_drift_r02_031,expected_drift,external_oracle+frozen_control_drift_gate,270031
tt06_fa01ccd34f0fe310c498fac1,dev,unexpected,unexpected_drift,1,,unexpected_resource_limit,station_jvm_heap_exceeds_memory_limit_cloud_v1,ts-station-service,ts-station-service,"ts-station-service,ts-gateway-service,node","ts-gateway-service,ts-station-service",true,26,1146,run_id+phase+service_name,,new_v0_6,threshold_calibration,1234,ttv06_threshold_calibration_station_unexpected_drift_r02_025,unexpected_drift,external_oracle+frozen_control_drift_gate,270025
tt06_faf8f531bc362540409ad0dc,dev,expected,expected_drift,1,,expected_low_impact_config,route_metadata_annotation_cloud_v1,ts-route-service,ts-route-service,ts-route-service,"ts-gateway-service,ts-price-service,ts-route-service,ts-train-service,ts-station-service",true,15,624,run_id+phase+service_name,,new_v0_6,threshold_calibration,684,ttv06_threshold_calibration_route_successful_no_drift_r01_005,successful_no_drift,external_oracle+frozen_control_drift_gate,270005
tt06_00204c82e17751ea004937ec,test,unexpected,unexpected_drift,1,,unexpected_service_termination,price_replicas_1_to_0_cloud_v1,ts-price-service,ts-price-service,"ts-price-service,ts-gateway-service","ts-gateway-service,ts-price-service",false,15,629,run_id+phase+service_name,,new_v0_6,formal_test,683,ttv06_formal_test_price_unexpected_without_observable_log_drift_r01_003,unexpected_without_observable_log_drift,external_oracle+frozen_control_drift_gate,280003
tt06_02b0060f74d5a7e57defba38,test,unexpected,unexpected_drift,1,,unexpected_service_termination,train_replicas_1_to_0_cloud_v1,ts-train-service,ts-train-service,"ts-train-service,ts-gateway-service","ts-gateway-service,ts-train-service",false,15,591,run_id+phase+service_name,,new_v0_6,formal_test,651,ttv06_formal_test_train_unexpected_without_observable_log_drift_r02_030,unexpected_without_observable_log_drift,external_oracle+frozen_control_drift_gate,280030
tt06_03f06b9291e807c4bbbd7547,test,unexpected,unexpected_drift,1,,unexpected_resource_limit,gateway_jvm_heap_exceeds_memory_limit_cloud_v1,ts-gateway-service,ts-gateway-service,"ts-gateway-service,node","ts-gateway-service,ts-price-service,ts-route-service,ts-train-service,ts-station-service",false,15,676,run_id+phase+service_name,,new_v0_6,formal_test,750,ttv06_formal_test_gateway_unexpected_drift_r05_082,unexpected_drift,external_oracle+frozen_control_drift_gate,280082
tt06_0608ae9b3c554cd0e5092fc9,test,expected,expected_drift,1,,expected_low_impact_config,train_metadata_annotation_cloud_v1,ts-train-service,ts-train-service,ts-train-service,"ts-gateway-service,ts-price-service,ts-route-service,ts-train-service,ts-station-service",false,15,624,run_id+phase+service_name,,new_v0_6,formal_test,684,ttv06_formal_test_train_successful_no_drift_r04_062,successful_no_drift,external_oracle+frozen_control_drift_gate,280062
tt06_06258014497987d00c29c619,test,expected,expected_drift,1,,expected_resource_scale,gateway_replicas_1_to_2_cloud_v1,ts-gateway-service,ts-gateway-service,ts-gateway-service,"ts-gateway-service,ts-price-service,ts-route-service,ts-train-service,ts-station-service",false,16,678,run_id+phase+service_name,,new_v0_6,formal_test,738,ttv06_formal_test_gateway_expected_drift_r01_020,expected_drift,external_oracle+frozen_control_drift_gate,280020
tt06_09e4acaaee0203a7b7d65747,test,unexpected,unexpected_drift,1,,unexpected_resource_limit,gateway_jvm_heap_exceeds_memory_limit_cloud_v1,ts-gateway-service,ts-gateway-service,"ts-gateway-service,node","ts-gateway-service,ts-price-service,ts-route-service,ts-train-service,ts-station-service",false,15,677,run_id+phase+service_name,,new_v0_6,formal_test,750,ttv06_formal_test_gateway_unexpected_drift_r02_033,unexpected_drift,external_oracle+frozen_control_drift_gate,280033
tt06_0b34b4e5e45deef19374a95f,test,unexpected,unexpected_drift,1,,unexpected_bad_port,train_wrong_db_port_cloud_v1,ts-train-service,ts-train-service,"ts-train-service,ts-gateway-service","ts-gateway-service,ts-train-service",false,151,7396,run_id+phase+service_name,,new_v0_6,formal_test,7486,ttv06_formal_test_train_unexpected_drift_r03_048,unexpected_drift,external_oracle+frozen_control_drift_gate,280048
tt06_0b99c505b7afffb63338c21c,test,unexpected,unexpected_drift,1,,unexpected_resource_limit,station_jvm_heap_exceeds_memory_limit_cloud_v1,ts-station-service,ts-station-service,"ts-station-service,ts-gateway-service,node","ts-gateway-service,ts-station-service",false,26,1146,run_id+phase+service_name,,new_v0_6,formal_test,1234,ttv06_formal_test_station_unexpected_drift_r04_079,unexpected_drift,external_oracle+frozen_control_drift_gate,280079
tt06_0d2143ec72089e7b7bf2aa8f,test,unexpected,unexpected_drift,1,,unexpected_service_termination,price_replicas_1_to_0_cloud_v1,ts-price-service,ts-price-service,"ts-price-service,ts-gateway-service","ts-gateway-service,ts-price-service",false,15,629,run_id+phase+service_name,,new_v0_6,formal_test,683,ttv06_formal_test_price_unexpected_without_observable_log_drift_r06_102,unexpected_without_observable_log_drift,external_oracle+frozen_control_drift_gate,280102
tt06_0dc48ab9907d44e342624ad5,test,expected,expected_drift,1,,expected_low_impact_config,route_metadata_annotation_cloud_v1,ts-route-service,ts-route-service,ts-route-service,"ts-gateway-service,ts-price-service,ts-route-service,ts-train-service,ts-station-service",false,15,624,run_id+phase+service_name,,new_v0_6,formal_test,684,ttv06_formal_test_route_successful_no_drift_r04_074,successful_no_drift,external_oracle+frozen_control_drift_gate,280074
tt06_106c66cbd1e933a8ec82f73b,test,unexpected,unexpected_drift,1,,unexpected_service_termination,station_replicas_1_to_0_cloud_v1,ts-station-service,ts-station-service,"ts-station-service,ts-gateway-service","ts-gateway-service,ts-station-service",false,16,639,run_id+phase+service_name,,new_v0_6,formal_test,699,ttv06_formal_test_station_unexpected_without_observable_log_drift_r01_011,unexpected_without_observable_log_drift,external_oracle+frozen_control_drift_gate,280011
tt06_1409d04103be0a03d3794a8e,test,unexpected,unexpected_drift,1,,unexpected_service_termination,train_replicas_1_to_0_cloud_v1,ts-train-service,ts-train-service,"ts-train-service,ts-gateway-service","ts-gateway-service,ts-train-service",false,15,591,run_id+phase+service_name,,new_v0_6,formal_test,651,ttv06_formal_test_train_unexpected_without_observable_log_drift_r04_064,unexpected_without_observable_log_drift,external_oracle+frozen_control_drift_gate,280064
tt06_1716355d230e2582ad1ee7c8,test,expected,expected_drift,1,,expected_low_impact_config,route_metadata_annotation_cloud_v1,ts-route-service,ts-route-service,ts-route-service,"ts-gateway-service,ts-price-service,ts-route-service,ts-train-service,ts-station-service",false,15,624,run_id+phase+service_name,,new_v0_6,formal_test,684,ttv06_formal_test_route_successful_no_drift_r02_024,successful_no_drift,external_oracle+frozen_control_drift_gate,280024
tt06_1864b16c57a9b02614dfcfd0,test,unexpected,unexpected_drift,1,,unexpected_bad_port,route_wrong_db_port_cloud_v1,ts-route-service,ts-route-service,"ts-route-service,ts-gateway-service","ts-gateway-service,ts-route-service",false,152,7458,run_id+phase+service_name,,new_v0_6,formal_test,7536,ttv06_formal_test_route_unexpected_drift_r01_006,unexpected_drift,external_oracle+frozen_control_drift_gate,280006
tt06_1aab26792b3a67a0a74697a1,test,unexpected,unexpected_drift,1,,unexpected_bad_port,price_wrong_db_port_3399_cloud_v1,ts-price-service,ts-price-service,"ts-price-service,ts-gateway-service","ts-gateway-service,ts-price-service",false,173,8558,run_id+phase+service_name,,new_v0_6,formal_test,8618,ttv06_formal_test_price_unexpected_drift_r06_101,unexpected_drift,external_oracle+frozen_control_drift_gate,280101
tt06_23628391455f81ec66b47ff2,test,expected,expected_drift,1,,expected_resource_scale,route_replicas_1_to_2_cloud_v1,ts-route-service,ts-route-service,"ts-route-service,ts-gateway-service","ts-gateway-service,ts-route-service",false,15,624,run_id+phase+service_name,,new_v0_6,formal_test,684,ttv06_formal_test_route_expected_drift_r04_073,expected_drift,external_oracle+frozen_control_drift_gate,280073
tt06_2444b13c34942c4466823fb7,test,unexpected,unexpected_drift,1,,unexpected_service_termination,price_replicas_1_to_0_cloud_v1,ts-price-service,ts-price-service,"ts-price-service,ts-gateway-service","ts-gateway-service,ts-price-service",false,15,623,run_id+phase+service_name,,new_v0_6,formal_test,683,ttv06_formal_test_price_unexpected_without_observable_log_drift_r05_087,unexpected_without_observable_log_drift,external_oracle+frozen_control_drift_gate,280087
tt06_276388946575e0b8d1ebf7b3,test,unexpected,unexpected_drift,1,,unexpected_bad_port,route_wrong_db_port_cloud_v1,ts-route-service,ts-route-service,"ts-route-service,ts-gateway-service","ts-gateway-service,ts-route-service",false,153,7520,run_id+phase+service_name,,new_v0_6,formal_test,7586,ttv06_formal_test_route_unexpected_drift_r02_021,unexpected_drift,external_oracle+frozen_control_drift_gate,280021
tt06_2bf6b70d4bb92d542eaf40e5,test,expected,expected_drift,1,,expected_resource_scale,station_replicas_1_to_2_cloud_v1,ts-station-service,ts-station-service,"ts-station-service,ts-gateway-service","ts-gateway-service,ts-station-service",false,15,624,run_id+phase+service_name,,new_v0_6,formal_test,684,ttv06_formal_test_station_expected_drift_r01_012,expected_drift,external_oracle+frozen_control_drift_gate,280012
tt06_2e2149cc16b8a74d9c191050,test,expected,successful_no_drift,0,,expected_low_impact_config,price_metadata_annotation_cloud_v1,ts-price-service,ts-price-service,ts-price-service,"ts-gateway-service,ts-price-service,ts-route-service,ts-train-service,ts-station-service",false,16,688,run_id+phase+service_name,,new_v0_6,formal_test,768,ttv06_formal_test_price_successful_no_drift_r04_070,successful_no_drift,external_oracle+frozen_control_drift_gate,280070
tt06_2fdba5c66f760cafda70c332,test,unexpected,unexpected_drift,1,,unexpected_service_termination,gateway_replicas_1_to_0_cloud_v1,ts-gateway-service,ts-gateway-service,ts-gateway-service,"ts-gateway-service,ts-price-service,ts-route-service,ts-train-service,ts-station-service",false,13,552,run_id+phase+service_name,,new_v0_6,formal_test,612,ttv06_formal_test_gateway_unexpected_without_observable_log_drift_r03_049,unexpected_without_observable_log_drift,external_oracle+frozen_control_drift_gate,280049
tt06_30f31560d34b6621aca8acf6,test,unexpected,unexpected_drift,1,,unexpected_service_termination,route_replicas_1_to_0_cloud_v1,ts-route-service,ts-route-service,"ts-route-service,ts-gateway-service","ts-gateway-service,ts-route-service",false,15,591,run_id+phase+service_name,,new_v0_6,formal_test,651,ttv06_formal_test_route_unexpected_without_observable_log_drift_r06_106,unexpected_without_observable_log_drift,external_oracle+frozen_control_drift_gate,280106
tt06_318b6b69fe2f6caa69ee9598,test,expected,expected_drift,1,,expected_resource_scale,gateway_replicas_1_to_2_cloud_v1,ts-gateway-service,ts-gateway-service,ts-gateway-service,"ts-gateway-service,ts-price-service,ts-route-service,ts-train-service,ts-station-service",false,16,654,run_id+phase+service_name,,new_v0_6,formal_test,714,ttv06_formal_test_gateway_expected_drift_r05_084,expected_drift,external_oracle+frozen_control_drift_gate,280084
tt06_32e63455f0399e75b5ae5048,test,expected,successful_no_drift,0,,expected_resource_scale,station_replicas_1_to_2_cloud_v1,ts-station-service,ts-station-service,"ts-station-service,ts-gateway-service","ts-gateway-service,ts-station-service",false,15,622,run_id+phase+service_name,,new_v0_6,formal_test,684,ttv06_formal_test_station_expected_drift_r06_111,expected_drift,external_oracle+frozen_control_drift_gate,280111
tt06_34674996df9b0bb01c258198,test,unexpected,unexpected_drift,1,,unexpected_service_termination,route_replicas_1_to_0_cloud_v1,ts-route-service,ts-route-service,"ts-route-service,ts-gateway-service","ts-gateway-service,ts-route-service",false,15,598,run_id+phase+service_name,,new_v0_6,formal_test,651,ttv06_formal_test_route_unexpected_without_observable_log_drift_r04_076,unexpected_without_observable_log_drift,external_oracle+frozen_control_drift_gate,280076
tt06_3474d3cb9b0dc2e5bded3dd9,test,expected,successful_no_drift,0,,expected_resource_scale,price_replicas_1_to_2_cloud_v1,ts-price-service,ts-price-service,"ts-price-service,ts-gateway-service","ts-gateway-service,ts-price-service",false,16,688,run_id+phase+service_name,,new_v0_6,formal_test,768,ttv06_formal_test_price_expected_drift_r04_069,expected_drift,external_oracle+frozen_control_drift_gate,280069
tt06_394965a8ca64bd0f2a0eb5ca,test,unexpected,unexpected_drift,1,,unexpected_bad_port,route_wrong_db_port_cloud_v1,ts-route-service,ts-route-service,"ts-route-service,ts-gateway-service","ts-gateway-service,ts-route-service",false,151,7396,run_id+phase+service_name,,new_v0_6,formal_test,7486,ttv06_formal_test_route_unexpected_drift_r05_090,unexpected_drift,external_oracle+frozen_control_drift_gate,280090
tt06_3b03a4a8f4c7ef6268c967ec,test,expected,successful_no_drift,0,,expected_resource_scale,train_replicas_1_to_2_cloud_v1,ts-train-service,ts-train-service,"ts-train-service,ts-gateway-service","ts-gateway-service,ts-train-service",false,15,624,run_id+phase+service_name,,new_v0_6,formal_test,684,ttv06_formal_test_train_expected_drift_r03_046,expected_drift,external_oracle+frozen_control_drift_gate,280046
tt06_3b085322813b71294fafe664,test,unexpected,unexpected_drift,1,,unexpected_service_termination,gateway_replicas_1_to_0_cloud_v1,ts-gateway-service,ts-gateway-service,ts-gateway-service,"ts-gateway-service,ts-price-service,ts-route-service,ts-train-service,ts-station-service",false,13,552,run_id+phase+service_name,,new_v0_6,formal_test,612,ttv06_formal_test_gateway_unexpected_without_observable_log_drift_r02_034,unexpected_without_observable_log_drift,external_oracle+frozen_control_drift_gate,280034
tt06_3e5a683dec819c95cb15e90a,test,expected,successful_no_drift,0,,expected_low_impact_config,station_metadata_annotation_cloud_v1,ts-station-service,ts-station-service,ts-station-service,"ts-gateway-service,ts-price-service,ts-route-service,ts-train-service,ts-station-service",false,15,623,run_id+phase+service_name,,new_v0_6,formal_test,684,ttv06_formal_test_station_successful_no_drift_r03_043,successful_no_drift,external_oracle+frozen_control_drift_gate,280043
tt06_422622759cea0f9e81c20dc3,test,expected,expected_drift,1,,expected_resource_scale,gateway_replicas_1_to_2_cloud_v1,ts-gateway-service,ts-gateway-service,ts-gateway-service,"ts-gateway-service,ts-price-service,ts-route-service,ts-train-service,ts-station-service",false,16,646,run_id+phase+service_name,,new_v0_6,formal_test,706,ttv06_formal_test_gateway_expected_drift_r03_050,expected_drift,external_oracle+frozen_control_drift_gate,280050
tt06_467c63b690b318979d35c89e,test,expected,expected_drift,1,,expected_low_impact_config,route_metadata_annotation_cloud_v1,ts-route-service,ts-route-service,ts-route-service,"ts-gateway-service,ts-price-service,ts-route-service,ts-train-service,ts-station-service",false,15,623,run_id+phase+service_name,,new_v0_6,formal_test,684,ttv06_formal_test_route_successful_no_drift_r06_108,successful_no_drift,external_oracle+frozen_control_drift_gate,280108
tt06_46e7531f8081186a190b8ae0,test,expected,expected_drift,1,,expected_low_impact_config,route_metadata_annotation_cloud_v1,ts-route-service,ts-route-service,ts-route-service,"ts-gateway-service,ts-price-service,ts-route-service,ts-train-service,ts-station-service",false,15,624,run_id+phase+service_name,,new_v0_6,formal_test,684,ttv06_formal_test_route_successful_no_drift_r01_005,successful_no_drift,external_oracle+frozen_control_drift_gate,280005
tt06_4b2288e666603090ae8b7e7a,test,unexpected,unexpected_drift,1,,unexpected_service_termination,gateway_replicas_1_to_0_cloud_v1,ts-gateway-service,ts-gateway-service,ts-gateway-service,"ts-gateway-service,ts-price-service,ts-route-service,ts-train-service,ts-station-service",false,13,552,run_id+phase+service_name,,new_v0_6,formal_test,612,ttv06_formal_test_gateway_unexpected_without_observable_log_drift_r06_118,unexpected_without_observable_log_drift,external_oracle+frozen_control_drift_gate,280118
tt06_4b671f35b8f4f6116c6eee79,test,expected,expected_drift,1,,expected_resource_scale,gateway_replicas_1_to_2_cloud_v1,ts-gateway-service,ts-gateway-service,ts-gateway-service,"ts-gateway-service,ts-price-service,ts-route-service,ts-train-service,ts-station-service",false,16,669,run_id+phase+service_name,,new_v0_6,formal_test,730,ttv06_formal_test_gateway_expected_drift_r04_065,expected_drift,external_oracle+frozen_control_drift_gate,280065
tt06_4b9b141ada30339c7fa75572,test,unexpected,unexpected_drift,1,,unexpected_resource_limit,station_jvm_heap_exceeds_memory_limit_cloud_v1,ts-station-service,ts-station-service,"ts-station-service,ts-gateway-service,node","ts-gateway-service,ts-station-service",false,26,1140,run_id+phase+service_name,,new_v0_6,formal_test,1234,ttv06_formal_test_station_unexpected_drift_r03_044,unexpected_drift,external_oracle+frozen_control_drift_gate,280044
tt06_4c234cf8190a66a3873d259d,test,expected,successful_no_drift,0,,expected_low_impact_config,train_metadata_annotation_cloud_v1,ts-train-service,ts-train-service,ts-train-service,"ts-gateway-service,ts-price-service,ts-route-service,ts-train-service,ts-station-service",false,15,624,run_id+phase+service_name,,new_v0_6,formal_test,684,ttv06_formal_test_train_successful_no_drift_r03_047,successful_no_drift,external_oracle+frozen_control_drift_gate,280047
tt06_4dc745d211699099ee3c5005,test,expected,successful_no_drift,0,,expected_low_impact_config,price_metadata_annotation_cloud_v1,ts-price-service,ts-price-service,ts-price-service,"ts-gateway-service,ts-price-service,ts-route-service,ts-train-service,ts-station-service",false,16,688,run_id+phase+service_name,,new_v0_6,formal_test,768,ttv06_formal_test_price_successful_no_drift_r06_104,successful_no_drift,external_oracle+frozen_control_drift_gate,280104
tt06_4f1b1a60e320ce90fadf06e7,test,expected,expected_drift,1,,expected_resource_scale,price_replicas_1_to_2_cloud_v1,ts-price-service,ts-price-service,"ts-price-service,ts-gateway-service","ts-gateway-service,ts-price-service",false,16,686,run_id+phase+service_name,,new_v0_6,formal_test,768,ttv06_formal_test_price_expected_drift_r01_004,expected_drift,external_oracle+frozen_control_drift_gate,280004
tt06_4f3eea3183513d33fa3ebfe8,test,unexpected,unexpected_drift,1,,unexpected_bad_port,price_wrong_db_port_3399_cloud_v1,ts-price-service,ts-price-service,"ts-price-service,ts-gateway-service","ts-gateway-service,ts-price-service",false,170,8390,run_id+phase+service_name,,new_v0_6,formal_test,8468,ttv06_formal_test_price_unexpected_drift_r03_056,unexpected_drift,external_oracle+frozen_control_drift_gate,280056
tt06_4f48d8e296c4a08c282fda5e,test,unexpected,unexpected_drift,1,,unexpected_bad_port,train_wrong_db_port_cloud_v1,ts-train-service,ts-train-service,"ts-train-service,ts-gateway-service","ts-gateway-service,ts-train-service",false,152,7458,run_id+phase+service_name,,new_v0_6,formal_test,7536,ttv06_formal_test_train_unexpected_drift_r05_098,unexpected_drift,external_oracle+frozen_control_drift_gate,280098
tt06_52a1c055ad7f7b33f7eb51ed,test,expected,successful_no_drift,0,,expected_resource_scale,price_replicas_1_to_2_cloud_v1,ts-price-service,ts-price-service,"ts-price-service,ts-gateway-service","ts-gateway-service,ts-price-service",false,16,688,run_id+phase+service_name,,new_v0_6,formal_test,768,ttv06_formal_test_price_expected_drift_r05_088,expected_drift,external_oracle+frozen_control_drift_gate,280088
tt06_549183d2d6af26529445a3b4,test,unexpected,unexpected_drift,1,,unexpected_bad_port,route_wrong_db_port_cloud_v1,ts-route-service,ts-route-service,"ts-route-service,ts-gateway-service","ts-gateway-service,ts-route-service",false,153,7520,run_id+phase+service_name,,new_v0_6,formal_test,7586,ttv06_formal_test_route_unexpected_drift_r06_105,unexpected_drift,external_oracle+frozen_control_drift_gate,280105
tt06_5566ff62497c350f4b4771d8,test,unexpected,unexpected_drift,1,,unexpected_service_termination,route_replicas_1_to_0_cloud_v1,ts-route-service,ts-route-service,"ts-route-service,ts-gateway-service","ts-gateway-service,ts-route-service",false,15,591,run_id+phase+service_name,,new_v0_6,formal_test,651,ttv06_formal_test_route_unexpected_without_observable_log_drift_r01_007,unexpected_without_observable_log_drift,external_oracle+frozen_control_drift_gate,280007
tt06_56b086909968dec1e31e0591,test,expected,expected_drift,1,,expected_low_impact_config,station_metadata_annotation_cloud_v1,ts-station-service,ts-station-service,ts-station-service,"ts-gateway-service,ts-price-service,ts-route-service,ts-train-service,ts-station-service",false,15,623,run_id+phase+service_name,,new_v0_6,formal_test,684,ttv06_formal_test_station_successful_no_drift_r06_112,successful_no_drift,external_oracle+frozen_control_drift_gate,280112
tt06_5716697558a8f60b4290811c,test,unexpected,unexpected_drift,1,,unexpected_resource_limit,station_jvm_heap_exceeds_memory_limit_cloud_v1,ts-station-service,ts-station-service,"ts-station-service,ts-gateway-service,node","ts-gateway-service,ts-station-service",false,26,1149,run_id+phase+service_name,,new_v0_6,formal_test,1234,ttv06_formal_test_station_unexpected_drift_r01_010,unexpected_drift,external_oracle+frozen_control_drift_gate,280010
tt06_58a63b94ffbf4151509dd522,test,expected,successful_no_drift,0,,expected_low_impact_config,gateway_metadata_annotation_cloud_v1,ts-gateway-service,ts-gateway-service,ts-gateway-service,"ts-gateway-service,ts-price-service,ts-route-service,ts-train-service,ts-station-service",false,15,628,run_id+phase+service_name,,new_v0_6,formal_test,689,ttv06_formal_test_gateway_successful_no_drift_r02_036,successful_no_drift,external_oracle+frozen_control_drift_gate,280036
tt06_6104ff808d683226e2ff9ad4,test,expected,successful_no_drift,0,,expected_resource_scale,station_replicas_1_to_2_cloud_v1,ts-station-service,ts-station-service,"ts-station-service,ts-gateway-service","ts-gateway-service,ts-station-service",false,15,623,run_id+phase+service_name,,new_v0_6,formal_test,684,ttv06_formal_test_station_expected_drift_r05_096,expected_drift,external_oracle+frozen_control_drift_gate,280096
tt06_61d88cd4f6a13189ca51b06c,test,unexpected,unexpected_drift,1,,unexpected_resource_limit,gateway_jvm_heap_exceeds_memory_limit_cloud_v1,ts-gateway-service,ts-gateway-service,"ts-gateway-service,node","ts-gateway-service,ts-price-service,ts-route-service,ts-train-service,ts-station-service",false,15,677,run_id+phase+service_name,,new_v0_6,formal_test,750,ttv06_formal_test_gateway_unexpected_drift_r04_067,unexpected_drift,external_oracle+frozen_control_drift_gate,280067
tt06_66343fe1d9c88deb6a33fdd6,test,expected,successful_no_drift,0,,expected_low_impact_config,route_metadata_annotation_cloud_v1,ts-route-service,ts-route-service,ts-route-service,"ts-gateway-service,ts-price-service,ts-route-service,ts-train-service,ts-station-service",false,15,623,run_id+phase+service_name,,new_v0_6,formal_test,684,ttv06_formal_test_route_successful_no_drift_r03_059,successful_no_drift,external_oracle+frozen_control_drift_gate,280059
tt06_69f7535fd92f3ed9de639636,test,expected,expected_drift,1,,expected_low_impact_config,station_metadata_annotation_cloud_v1,ts-station-service,ts-station-service,ts-station-service,"ts-gateway-service,ts-price-service,ts-route-service,ts-train-service,ts-station-service",false,15,624,run_id+phase+service_name,,new_v0_6,formal_test,684,ttv06_formal_test_station_successful_no_drift_r01_009,successful_no_drift,external_oracle+frozen_control_drift_gate,280009
tt06_6b37594a50356cb9d315727d,test,unexpected,unexpected_drift,1,,unexpected_service_termination,train_replicas_1_to_0_cloud_v1,ts-train-service,ts-train-service,"ts-train-service,ts-gateway-service","ts-gateway-service,ts-train-service",false,15,591,run_id+phase+service_name,,new_v0_6,formal_test,651,ttv06_formal_test_train_unexpected_without_observable_log_drift_r06_114,unexpected_without_observable_log_drift,external_oracle+frozen_control_drift_gate,280114
tt06_6c1a05a099428d05bfc399a6,test,unexpected,unexpected_drift,1,,unexpected_bad_port,train_wrong_db_port_cloud_v1,ts-train-service,ts-train-service,"ts-train-service,ts-gateway-service","ts-gateway-service,ts-train-service",false,152,7458,run_id+phase+service_name,,new_v0_6,formal_test,7536,ttv06_formal_test_train_unexpected_drift_r04_063,unexpected_drift,external_oracle+frozen_control_drift_gate,280063
tt06_721f87eb79145a17a6d0c5d5,test,expected,expected_drift,1,,expected_resource_scale,station_replicas_1_to_2_cloud_v1,ts-station-service,ts-station-service,"ts-station-service,ts-gateway-service","ts-gateway-service,ts-station-service",false,15,624,run_id+phase+service_name,,new_v0_6,formal_test,684,ttv06_formal_test_station_expected_drift_r03_042,expected_drift,external_oracle+frozen_control_drift_gate,280042
tt06_7893f985b9b8064eb1d6ee69,test,unexpected,unexpected_drift,1,,unexpected_resource_limit,station_jvm_heap_exceeds_memory_limit_cloud_v1,ts-station-service,ts-station-service,"ts-station-service,ts-gateway-service,node","ts-gateway-service,ts-station-service",false,26,1146,run_id+phase+service_name,,new_v0_6,formal_test,1234,ttv06_formal_test_station_unexpected_drift_r06_109,unexpected_drift,external_oracle+frozen_control_drift_gate,280109
tt06_7cc3493d058607c772875691,test,expected,expected_drift,1,,expected_resource_scale,route_replicas_1_to_2_cloud_v1,ts-route-service,ts-route-service,"ts-route-service,ts-gateway-service","ts-gateway-service,ts-route-service",false,15,622,run_id+phase+service_name,,new_v0_6,formal_test,684,ttv06_formal_test_route_expected_drift_r06_107,expected_drift,external_oracle+frozen_control_drift_gate,280107
tt06_842c1f8fb91c6b4c2abc7d8d,test,expected,expected_drift,1,,expected_low_impact_config,route_metadata_annotation_cloud_v1,ts-route-service,ts-route-service,ts-route-service,"ts-gateway-service,ts-price-service,ts-route-service,ts-train-service,ts-station-service",false,15,624,run_id+phase+service_name,,new_v0_6,formal_test,684,ttv06_formal_test_route_successful_no_drift_r05_089,successful_no_drift,external_oracle+frozen_control_drift_gate,280089
tt06_850dbd452680dcce849af4fc,test,unexpected,unexpected_drift,1,,unexpected_service_termination,price_replicas_1_to_0_cloud_v1,ts-price-service,ts-price-service,"ts-price-service,ts-gateway-service","ts-gateway-service,ts-price-service",false,15,623,run_id+phase+service_name,,new_v0_6,formal_test,683,ttv06_formal_test_price_unexpected_without_observable_log_drift_r04_072,unexpected_without_observable_log_drift,external_oracle+frozen_control_drift_gate,280072
tt06_86c6a964017a5374403c90fc,test,expected,expected_drift,1,,expected_resource_scale,station_replicas_1_to_2_cloud_v1,ts-station-service,ts-station-service,"ts-station-service,ts-gateway-service","ts-gateway-service,ts-station-service",false,15,624,run_id+phase+service_name,,new_v0_6,formal_test,684,ttv06_formal_test_station_expected_drift_r02_027,expected_drift,external_oracle+frozen_control_drift_gate,280027
tt06_88a309d339300aeb262ab3bf,test,expected,successful_no_drift,0,,expected_low_impact_config,gateway_metadata_annotation_cloud_v1,ts-gateway-service,ts-gateway-service,ts-gateway-service,"ts-gateway-service,ts-price-service,ts-route-service,ts-train-service,ts-station-service",false,15,629,run_id+phase+service_name,,new_v0_6,formal_test,689,ttv06_formal_test_gateway_successful_no_drift_r05_081,successful_no_drift,external_oracle+frozen_control_drift_gate,280081
tt06_897ce2c0b6e386557f22b5c6,test,unexpected,unexpected_drift,1,,unexpected_service_termination,price_replicas_1_to_0_cloud_v1,ts-price-service,ts-price-service,"ts-price-service,ts-gateway-service","ts-gateway-service,ts-price-service",false,15,629,run_id+phase+service_name,,new_v0_6,formal_test,683,ttv06_formal_test_price_unexpected_without_observable_log_drift_r03_053,unexpected_without_observable_log_drift,external_oracle+frozen_control_drift_gate,280053
tt06_8f55758b2754b3f0820a0ed2,test,unexpected,unexpected_drift,1,,unexpected_bad_port,train_wrong_db_port_cloud_v1,ts-train-service,ts-train-service,"ts-train-service,ts-gateway-service","ts-gateway-service,ts-train-service",false,152,7458,run_id+phase+service_name,,new_v0_6,formal_test,7536,ttv06_formal_test_train_unexpected_drift_r01_014,unexpected_drift,external_oracle+frozen_control_drift_gate,280014
tt06_93b5513190d67abe1acbf6e0,test,expected,expected_drift,1,,expected_low_impact_config,train_metadata_annotation_cloud_v1,ts-train-service,ts-train-service,ts-train-service,"ts-gateway-service,ts-price-service,ts-route-service,ts-train-service,ts-station-service",false,15,623,run_id+phase+service_name,,new_v0_6,formal_test,684,ttv06_formal_test_train_successful_no_drift_r05_097,successful_no_drift,external_oracle+frozen_control_drift_gate,280097
tt06_9534dd9a899bc1ecbfb10b8f,test,expected,expected_drift,1,,expected_resource_scale,train_replicas_1_to_2_cloud_v1,ts-train-service,ts-train-service,"ts-train-service,ts-gateway-service","ts-gateway-service,ts-train-service",false,15,624,run_id+phase+service_name,,new_v0_6,formal_test,684,ttv06_formal_test_train_expected_drift_r05_100,expected_drift,external_oracle+frozen_control_drift_gate,280100
tt06_962243546459b64e5ff9954d,test,expected,successful_no_drift,0,,expected_low_impact_config,gateway_metadata_annotation_cloud_v1,ts-gateway-service,ts-gateway-service,ts-gateway-service,"ts-gateway-service,ts-price-service,ts-route-service,ts-train-service,ts-station-service",false,15,629,run_id+phase+service_name,,new_v0_6,formal_test,689,ttv06_formal_test_gateway_successful_no_drift_r04_066,successful_no_drift,external_oracle+frozen_control_drift_gate,280066
tt06_966fe3ef011b749eb97a5ba4,test,expected,expected_drift,1,,expected_low_impact_config,station_metadata_annotation_cloud_v1,ts-station-service,ts-station-service,ts-station-service,"ts-gateway-service,ts-price-service,ts-route-service,ts-train-service,ts-station-service",false,15,623,run_id+phase+service_name,,new_v0_6,formal_test,684,ttv06_formal_test_station_successful_no_drift_r05_093,successful_no_drift,external_oracle+frozen_control_drift_gate,280093
tt06_985440295d0219273c14256a,test,expected,successful_no_drift,0,,expected_resource_scale,price_replicas_1_to_2_cloud_v1,ts-price-service,ts-price-service,"ts-price-service,ts-gateway-service","ts-gateway-service,ts-price-service",false,16,686,run_id+phase+service_name,,new_v0_6,formal_test,768,ttv06_formal_test_price_expected_drift_r03_054,expected_drift,external_oracle+frozen_control_drift_gate,280054
tt06_996a360ac86ea35b04c09996,test,unexpected,unexpected_drift,1,,unexpected_service_termination,train_replicas_1_to_0_cloud_v1,ts-train-service,ts-train-service,"ts-train-service,ts-gateway-service","ts-gateway-service,ts-train-service",false,15,591,run_id+phase+service_name,,new_v0_6,formal_test,651,ttv06_formal_test_train_unexpected_without_observable_log_drift_r03_045,unexpected_without_observable_log_drift,external_oracle+frozen_control_drift_gate,280045
tt06_9febfa072af91af1974d2d8e,test,expected,expected_drift,1,,expected_resource_scale,gateway_replicas_1_to_2_cloud_v1,ts-gateway-service,ts-gateway-service,ts-gateway-service,"ts-gateway-service,ts-price-service,ts-route-service,ts-train-service,ts-station-service",false,16,670,run_id+phase+service_name,,new_v0_6,formal_test,730,ttv06_formal_test_gateway_expected_drift_r02_035,expected_drift,external_oracle+frozen_control_drift_gate,280035
tt06_a1a5b34142d2f2bb8ceb19d2,test,unexpected,unexpected_drift,1,,unexpected_service_termination,gateway_replicas_1_to_0_cloud_v1,ts-gateway-service,ts-gateway-service,ts-gateway-service,"ts-gateway-service,ts-price-service,ts-route-service,ts-train-service,ts-station-service",false,13,552,run_id+phase+service_name,,new_v0_6,formal_test,612,ttv06_formal_test_gateway_unexpected_without_observable_log_drift_r05_083,unexpected_without_observable_log_drift,external_oracle+frozen_control_drift_gate,280083
tt06_a2712cbc2dabd57095b7960e,test,unexpected,unexpected_drift,1,,unexpected_bad_port,train_wrong_db_port_cloud_v1,ts-train-service,ts-train-service,"ts-train-service,ts-gateway-service","ts-gateway-service,ts-train-service",false,152,7458,run_id+phase+service_name,,new_v0_6,formal_test,7536,ttv06_formal_test_train_unexpected_drift_r06_113,unexpected_drift,external_oracle+frozen_control_drift_gate,280113
tt06_a6dabcf755f32606f7632e2a,test,expected,successful_no_drift,0,,expected_low_impact_config,price_metadata_annotation_cloud_v1,ts-price-service,ts-price-service,ts-price-service,"ts-gateway-service,ts-price-service,ts-route-service,ts-train-service,ts-station-service",false,16,688,run_id+phase+service_name,,new_v0_6,formal_test,768,ttv06_formal_test_price_successful_no_drift_r05_085,successful_no_drift,external_oracle+frozen_control_drift_gate,280085
tt06_a966a956dd6c92a6b7754eed,test,expected,expected_drift,1,,expected_resource_scale,train_replicas_1_to_2_cloud_v1,ts-train-service,ts-train-service,"ts-train-service,ts-gateway-service","ts-gateway-service,ts-train-service",false,15,624,run_id+phase+service_name,,new_v0_6,formal_test,684,ttv06_formal_test_train_expected_drift_r02_031,expected_drift,external_oracle+frozen_control_drift_gate,280031
tt06_a996208b3c2d2535463cc6dd,test,unexpected,unexpected_drift,1,,unexpected_resource_limit,station_jvm_heap_exceeds_memory_limit_cloud_v1,ts-station-service,ts-station-service,"ts-station-service,ts-gateway-service,node","ts-gateway-service,ts-station-service",false,26,1146,run_id+phase+service_name,,new_v0_6,formal_test,1234,ttv06_formal_test_station_unexpected_drift_r02_025,unexpected_drift,external_oracle+frozen_control_drift_gate,280025
tt06_abcae6db9d1e85b64a15030f,test,unexpected,unexpected_drift,1,,unexpected_service_termination,train_replicas_1_to_0_cloud_v1,ts-train-service,ts-train-service,"ts-train-service,ts-gateway-service","ts-gateway-service,ts-train-service",false,15,592,run_id+phase+service_name,,new_v0_6,formal_test,651,ttv06_formal_test_train_unexpected_without_observable_log_drift_r01_015,unexpected_without_observable_log_drift,external_oracle+frozen_control_drift_gate,280015
tt06_ae87af5da6fc472735eea2fc,test,unexpected,unexpected_drift,1,,unexpected_bad_port,price_wrong_db_port_3399_cloud_v1,ts-price-service,ts-price-service,"ts-price-service,ts-gateway-service","ts-gateway-service,ts-price-service",false,170,8392,run_id+phase+service_name,,new_v0_6,formal_test,8468,ttv06_formal_test_price_unexpected_drift_r05_086,unexpected_drift,external_oracle+frozen_control_drift_gate,280086
tt06_b34a6f4cd8ada1dfa55f820e,test,unexpected,unexpected_drift,1,,unexpected_resource_limit,gateway_jvm_heap_exceeds_memory_limit_cloud_v1,ts-gateway-service,ts-gateway-service,"ts-gateway-service,node","ts-gateway-service,ts-price-service,ts-route-service,ts-train-service,ts-station-service",false,15,678,run_id+phase+service_name,,new_v0_6,formal_test,750,ttv06_formal_test_gateway_unexpected_drift_r01_018,unexpected_drift,external_oracle+frozen_control_drift_gate,280018
tt06_b34ee5b2288826402c394430,test,expected,expected_drift,1,,expected_resource_scale,train_replicas_1_to_2_cloud_v1,ts-train-service,ts-train-service,"ts-train-service,ts-gateway-service","ts-gateway-service,ts-train-service",false,15,624,run_id+phase+service_name,,new_v0_6,formal_test,684,ttv06_formal_test_train_expected_drift_r04_061,expected_drift,external_oracle+frozen_control_drift_gate,280061
tt06_b392761e825ed77a1b213a92,test,expected,successful_no_drift,0,,expected_low_impact_config,price_metadata_annotation_cloud_v1,ts-price-service,ts-price-service,ts-price-service,"ts-gateway-service,ts-price-service,ts-route-service,ts-train-service,ts-station-service",false,16,688,run_id+phase+service_name,,new_v0_6,formal_test,768,ttv06_formal_test_price_successful_no_drift_r02_040,successful_no_drift,external_oracle+frozen_control_drift_gate,280040
tt06_b42d2923b8be57f8b3c3fa0f,test,expected,expected_drift,1,,expected_resource_scale,route_replicas_1_to_2_cloud_v1,ts-route-service,ts-route-service,"ts-route-service,ts-gateway-service","ts-gateway-service,ts-route-service",false,15,624,run_id+phase+service_name,,new_v0_6,formal_test,684,ttv06_formal_test_route_expected_drift_r05_092,expected_drift,external_oracle+frozen_control_drift_gate,280092
tt06_b75e3602ed39297f7276b5d3,test,unexpected,unexpected_drift,1,,unexpected_bad_port,train_wrong_db_port_cloud_v1,ts-train-service,ts-train-service,"ts-train-service,ts-gateway-service","ts-gateway-service,ts-train-service",false,151,7398,run_id+phase+service_name,,new_v0_6,formal_test,7486,ttv06_formal_test_train_unexpected_drift_r02_029,unexpected_drift,external_oracle+frozen_control_drift_gate,280029
tt06_b9b7c2a46f0598a7d1a00a91,test,unexpected,unexpected_drift,1,,unexpected_bad_port,price_wrong_db_port_3399_cloud_v1,ts-price-service,ts-price-service,"ts-price-service,ts-gateway-service","ts-gateway-service,ts-price-service",false,170,8390,run_id+phase+service_name,,new_v0_6,formal_test,8468,ttv06_formal_test_price_unexpected_drift_r01_002,unexpected_drift,external_oracle+frozen_control_drift_gate,280002
tt06_bb6551d132097f441838e1b1,test,unexpected,unexpected_drift,1,,unexpected_service_termination,route_replicas_1_to_0_cloud_v1,ts-route-service,ts-route-service,"ts-route-service,ts-gateway-service","ts-gateway-service,ts-route-service",false,15,591,run_id+phase+service_name,,new_v0_6,formal_test,651,ttv06_formal_test_route_unexpected_without_observable_log_drift_r03_057,unexpected_without_observable_log_drift,external_oracle+frozen_control_drift_gate,280057
tt06_bb875972c2239a9448db4639,test,unexpected,unexpected_drift,1,,unexpected_bad_port,price_wrong_db_port_3399_cloud_v1,ts-price-service,ts-price-service,"ts-price-service,ts-gateway-service","ts-gateway-service,ts-price-service",false,175,8620,run_id+phase+service_name,,new_v0_6,formal_test,8718,ttv06_formal_test_price_unexpected_drift_r04_071,unexpected_drift,external_oracle+frozen_control_drift_gate,280071
tt06_bbbee619731855484905999a,test,unexpected,unexpected_drift,1,,unexpected_resource_limit,gateway_jvm_heap_exceeds_memory_limit_cloud_v1,ts-gateway-service,ts-gateway-service,"ts-gateway-service,node","ts-gateway-service,ts-price-service,ts-route-service,ts-train-service,ts-station-service",false,15,680,run_id+phase+service_name,,new_v0_6,formal_test,750,ttv06_formal_test_gateway_unexpected_drift_r03_052,unexpected_drift,external_oracle+frozen_control_drift_gate,280052
tt06_bc69855325bf26d63b84c88b,test,unexpected,unexpected_without_observable_log_drift,0,,unexpected_service_termination,station_replicas_1_to_0_cloud_v1,ts-station-service,ts-station-service,"ts-station-service,ts-gateway-service","ts-gateway-service,ts-station-service",false,16,639,run_id+phase+service_name,,new_v0_6,formal_test,699,ttv06_formal_test_station_unexpected_without_observable_log_drift_r02_026,unexpected_without_observable_log_drift,external_oracle+frozen_control_drift_gate,280026
tt06_bd098b7a6175c30bfa094995,test,unexpected,unexpected_drift,1,,unexpected_service_termination,price_replicas_1_to_0_cloud_v1,ts-price-service,ts-price-service,"ts-price-service,ts-gateway-service","ts-gateway-service,ts-price-service",false,15,623,run_id+phase+service_name,,new_v0_6,formal_test,683,ttv06_formal_test_price_unexpected_without_observable_log_drift_r02_038,unexpected_without_observable_log_drift,external_oracle+frozen_control_drift_gate,280038
tt06_bfe70f5dc96f8f801718dc2e,test,expected,successful_no_drift,0,,expected_low_impact_config,gateway_metadata_annotation_cloud_v1,ts-gateway-service,ts-gateway-service,ts-gateway-service,"ts-gateway-service,ts-price-service,ts-route-service,ts-train-service,ts-station-service",false,15,629,run_id+phase+service_name,,new_v0_6,formal_test,689,ttv06_formal_test_gateway_successful_no_drift_r03_051,successful_no_drift,external_oracle+frozen_control_drift_gate,280051
tt06_c2a11f127f5f5bf54bc5b3f2,test,expected,successful_no_drift,0,,expected_resource_scale,route_replicas_1_to_2_cloud_v1,ts-route-service,ts-route-service,"ts-route-service,ts-gateway-service","ts-gateway-service,ts-route-service",false,15,624,run_id+phase+service_name,,new_v0_6,formal_test,684,ttv06_formal_test_route_expected_drift_r03_058,expected_drift,external_oracle+frozen_control_drift_gate,280058
tt06_c5439d0d4a59e906d809c339,test,unexpected,unexpected_without_observable_log_drift,0,,unexpected_service_termination,station_replicas_1_to_0_cloud_v1,ts-station-service,ts-station-service,"ts-station-service,ts-gateway-service","ts-gateway-service,ts-station-service",false,16,639,run_id+phase+service_name,,new_v0_6,formal_test,699,ttv06_formal_test_station_unexpected_without_observable_log_drift_r06_110,unexpected_without_observable_log_drift,external_oracle+frozen_control_drift_gate,280110
tt06_c5a107bdcd9302eb9eec042c,test,expected,expected_drift,1,,expected_resource_scale,station_replicas_1_to_2_cloud_v1,ts-station-service,ts-station-service,"ts-station-service,ts-gateway-service","ts-gateway-service,ts-station-service",false,15,624,run_id+phase+service_name,,new_v0_6,formal_test,684,ttv06_formal_test_station_expected_drift_r04_077,expected_drift,external_oracle+frozen_control_drift_gate,280077
tt06_c9702522bfcdaa8478ff41fd,test,unexpected,unexpected_drift,1,,unexpected_service_termination,route_replicas_1_to_0_cloud_v1,ts-route-service,ts-route-service,"ts-route-service,ts-gateway-service","ts-gateway-service,ts-route-service",false,15,591,run_id+phase+service_name,,new_v0_6,formal_test,651,ttv06_formal_test_route_unexpected_without_observable_log_drift_r02_022,unexpected_without_observable_log_drift,external_oracle+frozen_control_drift_gate,280022
tt06_cd4a97d37ef81d369455d90e,test,expected,successful_no_drift,0,,expected_low_impact_config,gateway_metadata_annotation_cloud_v1,ts-gateway-service,ts-gateway-service,ts-gateway-service,"ts-gateway-service,ts-price-service,ts-route-service,ts-train-service,ts-station-service",false,15,627,run_id+phase+service_name,,new_v0_6,formal_test,689,ttv06_formal_test_gateway_successful_no_drift_r01_017,successful_no_drift,external_oracle+frozen_control_drift_gate,280017
tt06_d479ce5659fbb37f157325b4,test,expected,successful_no_drift,0,,expected_low_impact_config,price_metadata_annotation_cloud_v1,ts-price-service,ts-price-service,ts-price-service,"ts-gateway-service,ts-price-service,ts-route-service,ts-train-service,ts-station-service",false,16,688,run_id+phase+service_name,,new_v0_6,formal_test,768,ttv06_formal_test_price_successful_no_drift_r03_055,successful_no_drift,external_oracle+frozen_control_drift_gate,280055
tt06_d4a1c24d581d6a80f1e4f3b5,test,expected,successful_no_drift,0,,expected_low_impact_config,train_metadata_annotation_cloud_v1,ts-train-service,ts-train-service,ts-train-service,"ts-gateway-service,ts-price-service,ts-route-service,ts-train-service,ts-station-service",false,15,624,run_id+phase+service_name,,new_v0_6,formal_test,684,ttv06_formal_test_train_successful_no_drift_r01_013,successful_no_drift,external_oracle+frozen_control_drift_gate,280013
tt06_d6b15ea06d8a254c6ca8fc08,test,unexpected,unexpected_drift,1,,unexpected_resource_limit,gateway_jvm_heap_exceeds_memory_limit_cloud_v1,ts-gateway-service,ts-gateway-service,"ts-gateway-service,node","ts-gateway-service,ts-price-service,ts-route-service,ts-train-service,ts-station-service",false,15,678,run_id+phase+service_name,,new_v0_6,formal_test,750,ttv06_formal_test_gateway_unexpected_drift_r06_117,unexpected_drift,external_oracle+frozen_control_drift_gate,280117
tt06_d818ccd493bdf722ae38414a,test,unexpected,unexpected_without_observable_log_drift,0,,unexpected_service_termination,station_replicas_1_to_0_cloud_v1,ts-station-service,ts-station-service,"ts-station-service,ts-gateway-service","ts-gateway-service,ts-station-service",false,16,639,run_id+phase+service_name,,new_v0_6,formal_test,699,ttv06_formal_test_station_unexpected_without_observable_log_drift_r03_041,unexpected_without_observable_log_drift,external_oracle+frozen_control_drift_gate,280041
tt06_d918ac9276fb99f9c4e6689f,test,expected,successful_no_drift,0,,expected_resource_scale,route_replicas_1_to_2_cloud_v1,ts-route-service,ts-route-service,"ts-route-service,ts-gateway-service","ts-gateway-service,ts-route-service",false,15,624,run_id+phase+service_name,,new_v0_6,formal_test,684,ttv06_formal_test_route_expected_drift_r01_008,expected_drift,external_oracle+frozen_control_drift_gate,280008
tt06_df3186891f0a7403ec9eaac7,test,unexpected,unexpected_drift,1,,unexpected_service_termination,station_replicas_1_to_0_cloud_v1,ts-station-service,ts-station-service,"ts-station-service,ts-gateway-service","ts-gateway-service,ts-station-service",false,16,639,run_id+phase+service_name,,new_v0_6,formal_test,699,ttv06_formal_test_station_unexpected_without_observable_log_drift_r05_095,unexpected_without_observable_log_drift,external_oracle+frozen_control_drift_gate,280095
tt06_dfd6cc81ded489dddfbe6761,test,expected,expected_drift,1,,expected_low_impact_config,train_metadata_annotation_cloud_v1,ts-train-service,ts-train-service,ts-train-service,"ts-gateway-service,ts-price-service,ts-route-service,ts-train-service,ts-station-service",false,15,624,run_id+phase+service_name,,new_v0_6,formal_test,684,ttv06_formal_test_train_successful_no_drift_r02_032,successful_no_drift,external_oracle+frozen_control_drift_gate,280032
tt06_e0fc9bdf69d9bbe54c3e191e,test,expected,expected_drift,1,,expected_low_impact_config,train_metadata_annotation_cloud_v1,ts-train-service,ts-train-service,ts-train-service,"ts-gateway-service,ts-price-service,ts-route-service,ts-train-service,ts-station-service",false,15,623,run_id+phase+service_name,,new_v0_6,formal_test,684,ttv06_formal_test_train_successful_no_drift_r06_116,successful_no_drift,external_oracle+frozen_control_drift_gate,280116
tt06_e172fe763aabd9af1692dcbc,test,expected,expected_drift,1,,expected_resource_scale,train_replicas_1_to_2_cloud_v1,ts-train-service,ts-train-service,"ts-train-service,ts-gateway-service","ts-gateway-service,ts-train-service",false,15,624,run_id+phase+service_name,,new_v0_6,formal_test,684,ttv06_formal_test_train_expected_drift_r06_115,expected_drift,external_oracle+frozen_control_drift_gate,280115
tt06_e26c9aba1e7f4289d327cae5,test,expected,successful_no_drift,0,,expected_resource_scale,price_replicas_1_to_2_cloud_v1,ts-price-service,ts-price-service,"ts-price-service,ts-gateway-service","ts-gateway-service,ts-price-service",false,16,688,run_id+phase+service_name,,new_v0_6,formal_test,768,ttv06_formal_test_price_expected_drift_r06_103,expected_drift,external_oracle+frozen_control_drift_gate,280103
tt06_e54de2110d6ef1dd7343b132,test,unexpected,unexpected_drift,1,,unexpected_service_termination,gateway_replicas_1_to_0_cloud_v1,ts-gateway-service,ts-gateway-service,ts-gateway-service,"ts-gateway-service,ts-price-service,ts-route-service,ts-train-service,ts-station-service",false,13,552,run_id+phase+service_name,,new_v0_6,formal_test,612,ttv06_formal_test_gateway_unexpected_without_observable_log_drift_r04_068,unexpected_without_observable_log_drift,external_oracle+frozen_control_drift_gate,280068
tt06_e552924cd3d8d705cf3efed9,test,unexpected,unexpected_drift,1,,unexpected_resource_limit,station_jvm_heap_exceeds_memory_limit_cloud_v1,ts-station-service,ts-station-service,"ts-station-service,ts-gateway-service,node","ts-gateway-service,ts-station-service",false,26,1146,run_id+phase+service_name,,new_v0_6,formal_test,1234,ttv06_formal_test_station_unexpected_drift_r05_094,unexpected_drift,external_oracle+frozen_control_drift_gate,280094
tt06_e6adeea79099e73e1e02332b,test,unexpected,unexpected_drift,1,,unexpected_service_termination,route_replicas_1_to_0_cloud_v1,ts-route-service,ts-route-service,"ts-route-service,ts-gateway-service","ts-gateway-service,ts-route-service",false,15,591,run_id+phase+service_name,,new_v0_6,formal_test,651,ttv06_formal_test_route_unexpected_without_observable_log_drift_r05_091,unexpected_without_observable_log_drift,external_oracle+frozen_control_drift_gate,280091
tt06_e928f226ddea65aa6adad0c7,test,unexpected,unexpected_drift,1,,unexpected_bad_port,route_wrong_db_port_cloud_v1,ts-route-service,ts-route-service,"ts-route-service,ts-gateway-service","ts-gateway-service,ts-route-service",false,156,7644,run_id+phase+service_name,,new_v0_6,formal_test,7736,ttv06_formal_test_route_unexpected_drift_r04_075,unexpected_drift,external_oracle+frozen_control_drift_gate,280075
tt06_e9786453c881e7a3baf8439d,test,unexpected,unexpected_drift,1,,unexpected_service_termination,train_replicas_1_to_0_cloud_v1,ts-train-service,ts-train-service,"ts-train-service,ts-gateway-service","ts-gateway-service,ts-train-service",false,15,591,run_id+phase+service_name,,new_v0_6,formal_test,651,ttv06_formal_test_train_unexpected_without_observable_log_drift_r05_099,unexpected_without_observable_log_drift,external_oracle+frozen_control_drift_gate,280099
tt06_ea97210372bd086acc9eebff,test,expected,expected_drift,1,,expected_low_impact_config,station_metadata_annotation_cloud_v1,ts-station-service,ts-station-service,ts-station-service,"ts-gateway-service,ts-price-service,ts-route-service,ts-train-service,ts-station-service",false,15,623,run_id+phase+service_name,,new_v0_6,formal_test,684,ttv06_formal_test_station_successful_no_drift_r04_078,successful_no_drift,external_oracle+frozen_control_drift_gate,280078
tt06_eae3528111fa82388b797e8e,test,expected,expected_drift,1,,expected_low_impact_config,gateway_metadata_annotation_cloud_v1,ts-gateway-service,ts-gateway-service,ts-gateway-service,"ts-gateway-service,ts-price-service,ts-route-service,ts-train-service,ts-station-service",false,15,629,run_id+phase+service_name,,new_v0_6,formal_test,689,ttv06_formal_test_gateway_successful_no_drift_r06_120,successful_no_drift,external_oracle+frozen_control_drift_gate,280120
tt06_ee7f651138203a82678b6f34,test,unexpected,unexpected_drift,1,,unexpected_service_termination,gateway_replicas_1_to_0_cloud_v1,ts-gateway-service,ts-gateway-service,ts-gateway-service,"ts-gateway-service,ts-price-service,ts-route-service,ts-train-service,ts-station-service",false,13,552,run_id+phase+service_name,,new_v0_6,formal_test,612,ttv06_formal_test_gateway_unexpected_without_observable_log_drift_r01_019,unexpected_without_observable_log_drift,external_oracle+frozen_control_drift_gate,280019
tt06_f01b4a52fe185aa71d7fc31f,test,expected,successful_no_drift,0,,expected_resource_scale,price_replicas_1_to_2_cloud_v1,ts-price-service,ts-price-service,"ts-price-service,ts-gateway-service","ts-gateway-service,ts-price-service",false,16,688,run_id+phase+service_name,,new_v0_6,formal_test,768,ttv06_formal_test_price_expected_drift_r02_039,expected_drift,external_oracle+frozen_control_drift_gate,280039
tt06_f03ed1df5664b30c2bc544fa,test,unexpected,unexpected_drift,1,,unexpected_bad_port,price_wrong_db_port_3399_cloud_v1,ts-price-service,ts-price-service,"ts-price-service,ts-gateway-service","ts-gateway-service,ts-price-service",false,173,8516,run_id+phase+service_name,,new_v0_6,formal_test,8618,ttv06_formal_test_price_unexpected_drift_r02_037,unexpected_drift,external_oracle+frozen_control_drift_gate,280037
tt06_f1e739b6e40f117ca98f41e9,test,expected,expected_drift,1,,expected_resource_scale,route_replicas_1_to_2_cloud_v1,ts-route-service,ts-route-service,"ts-route-service,ts-gateway-service","ts-gateway-service,ts-route-service",false,15,624,run_id+phase+service_name,,new_v0_6,formal_test,684,ttv06_formal_test_route_expected_drift_r02_023,expected_drift,external_oracle+frozen_control_drift_gate,280023
tt06_f3c0f6113d1c7ac6406e5f7e,test,unexpected,unexpected_drift,1,,unexpected_service_termination,station_replicas_1_to_0_cloud_v1,ts-station-service,ts-station-service,"ts-station-service,ts-gateway-service","ts-gateway-service,ts-station-service",false,16,639,run_id+phase+service_name,,new_v0_6,formal_test,699,ttv06_formal_test_station_unexpected_without_observable_log_drift_r04_080,unexpected_without_observable_log_drift,external_oracle+frozen_control_drift_gate,280080
tt06_f58b0b7836e50f4fa9efe66f,test,expected,successful_no_drift,0,,expected_low_impact_config,price_metadata_annotation_cloud_v1,ts-price-service,ts-price-service,ts-price-service,"ts-gateway-service,ts-price-service,ts-route-service,ts-train-service,ts-station-service",false,16,688,run_id+phase+service_name,,new_v0_6,formal_test,768,ttv06_formal_test_price_successful_no_drift_r01_001,successful_no_drift,external_oracle+frozen_control_drift_gate,280001
tt06_f7697d0fcc48fe8e0875db9d,test,unexpected,unexpected_drift,1,,unexpected_bad_port,route_wrong_db_port_cloud_v1,ts-route-service,ts-route-service,"ts-route-service,ts-gateway-service","ts-gateway-service,ts-route-service",false,157,7706,run_id+phase+service_name,,new_v0_6,formal_test,7786,ttv06_formal_test_route_unexpected_drift_r03_060,unexpected_drift,external_oracle+frozen_control_drift_gate,280060
tt06_f7b95403bbf0140b607276f4,test,expected,expected_drift,1,,expected_low_impact_config,station_metadata_annotation_cloud_v1,ts-station-service,ts-station-service,ts-station-service,"ts-gateway-service,ts-price-service,ts-route-service,ts-train-service,ts-station-service",false,15,623,run_id+phase+service_name,,new_v0_6,formal_test,684,ttv06_formal_test_station_successful_no_drift_r02_028,successful_no_drift,external_oracle+frozen_control_drift_gate,280028
tt06_fd74619259e44424dfe0aa50,test,expected,expected_drift,1,,expected_resource_scale,gateway_replicas_1_to_2_cloud_v1,ts-gateway-service,ts-gateway-service,ts-gateway-service,"ts-gateway-service,ts-price-service,ts-route-service,ts-train-service,ts-station-service",false,16,677,run_id+phase+service_name,,new_v0_6,formal_test,738,ttv06_formal_test_gateway_expected_drift_r06_119,expected_drift,external_oracle+frozen_control_drift_gate,280119
tt06_fd8c476338dcd17bba80e984,test,expected,expected_drift,1,,expected_resource_scale,train_replicas_1_to_2_cloud_v1,ts-train-service,ts-train-service,"ts-train-service,ts-gateway-service","ts-gateway-service,ts-train-service",false,15,623,run_id+phase+service_name,,new_v0_6,formal_test,684,ttv06_formal_test_train_expected_drift_r01_016,expected_drift,external_oracle+frozen_control_drift_gate,280016
