run_id,split,service,collected_events,pre_change_events,post_change_events,post_change_start,post_change_end,collector_complete
tt06_018217a3918b371842e59f34,supervised_adapt,nacos,0,0,0,2026-07-30T19:09:21.564781+00:00,2026-07-30T19:24:21Z,True
tt06_018217a3918b371842e59f34,supervised_adapt,nacosdb-mysql,547,180,270,2026-07-30T19:09:21.564781+00:00,2026-07-30T19:24:21Z,True
tt06_018217a3918b371842e59f34,supervised_adapt,rabbitmq,0,0,0,2026-07-30T19:09:21.564781+00:00,2026-07-30T19:24:21Z,True
tt06_018217a3918b371842e59f34,supervised_adapt,ts-auth-service,0,0,0,2026-07-30T19:09:21.564781+00:00,2026-07-30T19:24:21Z,True
tt06_018217a3918b371842e59f34,supervised_adapt,ts-basic-service,0,0,0,2026-07-30T19:09:21.564781+00:00,2026-07-30T19:24:21Z,True
tt06_018217a3918b371842e59f34,supervised_adapt,ts-config-service,0,0,0,2026-07-30T19:09:21.564781+00:00,2026-07-30T19:24:21Z,True
tt06_018217a3918b371842e59f34,supervised_adapt,ts-contacts-service,0,0,0,2026-07-30T19:09:21.564781+00:00,2026-07-30T19:24:21Z,True
tt06_018217a3918b371842e59f34,supervised_adapt,ts-gateway-service,0,0,0,2026-07-30T19:09:21.564781+00:00,2026-07-30T19:24:21Z,True
tt06_018217a3918b371842e59f34,supervised_adapt,ts-order-other-service,0,0,0,2026-07-30T19:09:21.564781+00:00,2026-07-30T19:24:21Z,True
tt06_018217a3918b371842e59f34,supervised_adapt,ts-order-service,0,0,0,2026-07-30T19:09:21.564781+00:00,2026-07-30T19:24:21Z,True
tt06_018217a3918b371842e59f34,supervised_adapt,ts-price-service,42,16,24,2026-07-30T19:09:21.564781+00:00,2026-07-30T19:24:21Z,True
tt06_018217a3918b371842e59f34,supervised_adapt,ts-route-service,81,32,48,2026-07-30T19:09:21.564781+00:00,2026-07-30T19:24:21Z,True
tt06_018217a3918b371842e59f34,supervised_adapt,ts-seat-service,0,0,0,2026-07-30T19:09:21.564781+00:00,2026-07-30T19:24:21Z,True
tt06_018217a3918b371842e59f34,supervised_adapt,ts-station-service,0,0,0,2026-07-30T19:09:21.564781+00:00,2026-07-30T19:24:21Z,True
tt06_018217a3918b371842e59f34,supervised_adapt,ts-train-service,21,8,12,2026-07-30T19:09:21.564781+00:00,2026-07-30T19:24:21Z,True
tt06_018217a3918b371842e59f34,supervised_adapt,ts-travel-service,0,0,0,2026-07-30T19:09:21.564781+00:00,2026-07-30T19:24:21Z,True
tt06_018217a3918b371842e59f34,supervised_adapt,ts-travel2-service,0,0,0,2026-07-30T19:09:21.564781+00:00,2026-07-30T19:24:21Z,True
tt06_018217a3918b371842e59f34,supervised_adapt,ts-ui-dashboard,0,0,0,2026-07-30T19:09:21.564781+00:00,2026-07-30T19:24:21Z,True
tt06_018217a3918b371842e59f34,supervised_adapt,ts-user-service,0,0,0,2026-07-30T19:09:21.564781+00:00,2026-07-30T19:24:21Z,True
tt06_018217a3918b371842e59f34,supervised_adapt,tsdb-mysql,547,180,270,2026-07-30T19:09:21.564781+00:00,2026-07-30T19:24:21Z,True
tt06_05ba7d9aa27cd20b394eb210,supervised_adapt,nacos,0,0,0,2026-09-05T03:28:30.815966+00:00,2026-09-05T03:43:30Z,True
tt06_05ba7d9aa27cd20b394eb210,supervised_adapt,nacosdb-mysql,547,181,268,2026-09-05T03:28:30.815966+00:00,2026-09-05T03:43:30Z,True
tt06_05ba7d9aa27cd20b394eb210,supervised_adapt,rabbitmq,0,0,0,2026-09-05T03:28:30.815966+00:00,2026-09-05T03:43:30Z,True
tt06_05ba7d9aa27cd20b394eb210,supervised_adapt,ts-auth-service,0,0,0,2026-09-05T03:28:30.815966+00:00,2026-09-05T03:43:30Z,True
tt06_05ba7d9aa27cd20b394eb210,supervised_adapt,ts-basic-service,0,0,0,2026-09-05T03:28:30.815966+00:00,2026-09-05T03:43:30Z,True
tt06_05ba7d9aa27cd20b394eb210,supervised_adapt,ts-config-service,0,0,0,2026-09-05T03:28:30.815966+00:00,2026-09-05T03:43:30Z,True
tt06_05ba7d9aa27cd20b394eb210,supervised_adapt,ts-contacts-service,0,0,0,2026-09-05T03:28:30.815966+00:00,2026-09-05T03:43:30Z,True
tt06_05ba7d9aa27cd20b394eb210,supervised_adapt,ts-gateway-service,0,0,0,2026-09-05T03:28:30.815966+00:00,2026-09-05T03:43:30Z,True
tt06_05ba7d9aa27cd20b394eb210,supervised_adapt,ts-order-other-service,0,0,0,2026-09-05T03:28:30.815966+00:00,2026-09-05T03:43:30Z,True
tt06_05ba7d9aa27cd20b394eb210,supervised_adapt,ts-order-service,0,0,0,2026-09-05T03:28:30.815966+00:00,2026-09-05T03:43:30Z,True
tt06_05ba7d9aa27cd20b394eb210,supervised_adapt,ts-price-service,130,48,80,2026-09-05T03:28:30.815966+00:00,2026-09-05T03:43:30Z,True
tt06_05ba7d9aa27cd20b394eb210,supervised_adapt,ts-route-service,61,24,36,2026-09-05T03:28:30.815966+00:00,2026-09-05T03:43:30Z,True
tt06_05ba7d9aa27cd20b394eb210,supervised_adapt,ts-seat-service,0,0,0,2026-09-05T03:28:30.815966+00:00,2026-09-05T03:43:30Z,True
tt06_05ba7d9aa27cd20b394eb210,supervised_adapt,ts-station-service,0,0,0,2026-09-05T03:28:30.815966+00:00,2026-09-05T03:43:30Z,True
tt06_05ba7d9aa27cd20b394eb210,supervised_adapt,ts-train-service,57,24,32,2026-09-05T03:28:30.815966+00:00,2026-09-05T03:43:30Z,True
tt06_05ba7d9aa27cd20b394eb210,supervised_adapt,ts-travel-service,0,0,0,2026-09-05T03:28:30.815966+00:00,2026-09-05T03:43:30Z,True
tt06_05ba7d9aa27cd20b394eb210,supervised_adapt,ts-travel2-service,0,0,0,2026-09-05T03:28:30.815966+00:00,2026-09-05T03:43:30Z,True
tt06_05ba7d9aa27cd20b394eb210,supervised_adapt,ts-ui-dashboard,0,0,0,2026-09-05T03:28:30.815966+00:00,2026-09-05T03:43:30Z,True
tt06_05ba7d9aa27cd20b394eb210,supervised_adapt,ts-user-service,0,0,0,2026-09-05T03:28:30.815966+00:00,2026-09-05T03:43:30Z,True
tt06_05ba7d9aa27cd20b394eb210,supervised_adapt,tsdb-mysql,547,180,270,2026-09-05T03:28:30.815966+00:00,2026-09-05T03:43:30Z,True
tt06_08d68e3b6c02984b6cf10e08,supervised_adapt,nacos,0,0,0,2026-09-04T08:50:01Z,2026-09-04T09:05:01Z,True
tt06_08d68e3b6c02984b6cf10e08,supervised_adapt,nacosdb-mysql,548,182,270,2026-09-04T08:50:01Z,2026-09-04T09:05:01Z,True
tt06_08d68e3b6c02984b6cf10e08,supervised_adapt,rabbitmq,0,0,0,2026-09-04T08:50:01Z,2026-09-04T09:05:01Z,True
tt06_08d68e3b6c02984b6cf10e08,supervised_adapt,ts-auth-service,0,0,0,2026-09-04T08:50:01Z,2026-09-04T09:05:01Z,True
tt06_08d68e3b6c02984b6cf10e08,supervised_adapt,ts-basic-service,0,0,0,2026-09-04T08:50:01Z,2026-09-04T09:05:01Z,True
tt06_08d68e3b6c02984b6cf10e08,supervised_adapt,ts-config-service,0,0,0,2026-09-04T08:50:01Z,2026-09-04T09:05:01Z,True
tt06_08d68e3b6c02984b6cf10e08,supervised_adapt,ts-contacts-service,0,0,0,2026-09-04T08:50:01Z,2026-09-04T09:05:01Z,True
tt06_08d68e3b6c02984b6cf10e08,supervised_adapt,ts-gateway-service,0,0,0,2026-09-04T08:50:01Z,2026-09-04T09:05:01Z,True
tt06_08d68e3b6c02984b6cf10e08,supervised_adapt,ts-order-other-service,0,0,0,2026-09-04T08:50:01Z,2026-09-04T09:05:01Z,True
tt06_08d68e3b6c02984b6cf10e08,supervised_adapt,ts-order-service,0,0,0,2026-09-04T08:50:01Z,2026-09-04T09:05:01Z,True
tt06_08d68e3b6c02984b6cf10e08,supervised_adapt,ts-price-service,40,16,24,2026-09-04T08:50:01Z,2026-09-04T09:05:01Z,True
tt06_08d68e3b6c02984b6cf10e08,supervised_adapt,ts-route-service,20,8,12,2026-09-04T08:50:01Z,2026-09-04T09:05:01Z,True
tt06_08d68e3b6c02984b6cf10e08,supervised_adapt,ts-seat-service,0,0,0,2026-09-04T08:50:01Z,2026-09-04T09:05:01Z,True
tt06_08d68e3b6c02984b6cf10e08,supervised_adapt,ts-station-service,15,0,15,2026-09-04T08:50:01Z,2026-09-04T09:05:01Z,True
tt06_08d68e3b6c02984b6cf10e08,supervised_adapt,ts-train-service,80,32,48,2026-09-04T08:50:01Z,2026-09-04T09:05:01Z,True
tt06_08d68e3b6c02984b6cf10e08,supervised_adapt,ts-travel-service,0,0,0,2026-09-04T08:50:01Z,2026-09-04T09:05:01Z,True
tt06_08d68e3b6c02984b6cf10e08,supervised_adapt,ts-travel2-service,0,0,0,2026-09-04T08:50:01Z,2026-09-04T09:05:01Z,True
tt06_08d68e3b6c02984b6cf10e08,supervised_adapt,ts-ui-dashboard,0,0,0,2026-09-04T08:50:01Z,2026-09-04T09:05:01Z,True
tt06_08d68e3b6c02984b6cf10e08,supervised_adapt,ts-user-service,0,0,0,2026-09-04T08:50:01Z,2026-09-04T09:05:01Z,True
tt06_08d68e3b6c02984b6cf10e08,supervised_adapt,tsdb-mysql,548,180,270,2026-09-04T08:50:01Z,2026-09-04T09:05:01Z,True
tt06_0b205ed7c55b72f9871ecdf2,supervised_adapt,nacos,0,0,0,2026-09-04T12:43:08.139930+00:00,2026-09-04T12:58:08Z,True
tt06_0b205ed7c55b72f9871ecdf2,supervised_adapt,nacosdb-mysql,547,180,270,2026-09-04T12:43:08.139930+00:00,2026-09-04T12:58:08Z,True
tt06_0b205ed7c55b72f9871ecdf2,supervised_adapt,rabbitmq,0,0,0,2026-09-04T12:43:08.139930+00:00,2026-09-04T12:58:08Z,True
tt06_0b205ed7c55b72f9871ecdf2,supervised_adapt,ts-auth-service,0,0,0,2026-09-04T12:43:08.139930+00:00,2026-09-04T12:58:08Z,True
tt06_0b205ed7c55b72f9871ecdf2,supervised_adapt,ts-basic-service,0,0,0,2026-09-04T12:43:08.139930+00:00,2026-09-04T12:58:08Z,True
tt06_0b205ed7c55b72f9871ecdf2,supervised_adapt,ts-config-service,0,0,0,2026-09-04T12:43:08.139930+00:00,2026-09-04T12:58:08Z,True
tt06_0b205ed7c55b72f9871ecdf2,supervised_adapt,ts-contacts-service,0,0,0,2026-09-04T12:43:08.139930+00:00,2026-09-04T12:58:08Z,True
tt06_0b205ed7c55b72f9871ecdf2,supervised_adapt,ts-gateway-service,0,0,0,2026-09-04T12:43:08.139930+00:00,2026-09-04T12:58:08Z,True
tt06_0b205ed7c55b72f9871ecdf2,supervised_adapt,ts-order-other-service,0,0,0,2026-09-04T12:43:08.139930+00:00,2026-09-04T12:58:08Z,True
tt06_0b205ed7c55b72f9871ecdf2,supervised_adapt,ts-order-service,0,0,0,2026-09-04T12:43:08.139930+00:00,2026-09-04T12:58:08Z,True
tt06_0b205ed7c55b72f9871ecdf2,supervised_adapt,ts-price-service,74,30,42,2026-09-04T12:43:08.139930+00:00,2026-09-04T12:58:08Z,True
tt06_0b205ed7c55b72f9871ecdf2,supervised_adapt,ts-route-service,40,15,24,2026-09-04T12:43:08.139930+00:00,2026-09-04T12:58:08Z,True
tt06_0b205ed7c55b72f9871ecdf2,supervised_adapt,ts-seat-service,0,0,0,2026-09-04T12:43:08.139930+00:00,2026-09-04T12:58:08Z,True
tt06_0b205ed7c55b72f9871ecdf2,supervised_adapt,ts-station-service,0,0,0,2026-09-04T12:43:08.139930+00:00,2026-09-04T12:58:08Z,True
tt06_0b205ed7c55b72f9871ecdf2,supervised_adapt,ts-train-service,39,15,23,2026-09-04T12:43:08.139930+00:00,2026-09-04T12:58:08Z,True
tt06_0b205ed7c55b72f9871ecdf2,supervised_adapt,ts-travel-service,0,0,0,2026-09-04T12:43:08.139930+00:00,2026-09-04T12:58:08Z,True
tt06_0b205ed7c55b72f9871ecdf2,supervised_adapt,ts-travel2-service,0,0,0,2026-09-04T12:43:08.139930+00:00,2026-09-04T12:58:08Z,True
tt06_0b205ed7c55b72f9871ecdf2,supervised_adapt,ts-ui-dashboard,0,0,0,2026-09-04T12:43:08.139930+00:00,2026-09-04T12:58:08Z,True
tt06_0b205ed7c55b72f9871ecdf2,supervised_adapt,ts-user-service,0,0,0,2026-09-04T12:43:08.139930+00:00,2026-09-04T12:58:08Z,True
tt06_0b205ed7c55b72f9871ecdf2,supervised_adapt,tsdb-mysql,548,182,270,2026-09-04T12:43:08.139930+00:00,2026-09-04T12:58:08Z,True
tt06_0fb6a295aaffa037cd45be73,supervised_adapt,nacos,0,0,0,2026-09-04T10:49:53Z,2026-09-04T11:04:53Z,True
tt06_0fb6a295aaffa037cd45be73,supervised_adapt,nacosdb-mysql,546,180,270,2026-09-04T10:49:53Z,2026-09-04T11:04:53Z,True
tt06_0fb6a295aaffa037cd45be73,supervised_adapt,rabbitmq,0,0,0,2026-09-04T10:49:53Z,2026-09-04T11:04:53Z,True
tt06_0fb6a295aaffa037cd45be73,supervised_adapt,ts-auth-service,0,0,0,2026-09-04T10:49:53Z,2026-09-04T11:04:53Z,True
tt06_0fb6a295aaffa037cd45be73,supervised_adapt,ts-basic-service,0,0,0,2026-09-04T10:49:53Z,2026-09-04T11:04:53Z,True
tt06_0fb6a295aaffa037cd45be73,supervised_adapt,ts-config-service,0,0,0,2026-09-04T10:49:53Z,2026-09-04T11:04:53Z,True
tt06_0fb6a295aaffa037cd45be73,supervised_adapt,ts-contacts-service,0,0,0,2026-09-04T10:49:53Z,2026-09-04T11:04:53Z,True
tt06_0fb6a295aaffa037cd45be73,supervised_adapt,ts-gateway-service,0,0,0,2026-09-04T10:49:53Z,2026-09-04T11:04:53Z,True
tt06_0fb6a295aaffa037cd45be73,supervised_adapt,ts-order-other-service,0,0,0,2026-09-04T10:49:53Z,2026-09-04T11:04:53Z,True
tt06_0fb6a295aaffa037cd45be73,supervised_adapt,ts-order-service,0,0,0,2026-09-04T10:49:53Z,2026-09-04T11:04:53Z,True
tt06_0fb6a295aaffa037cd45be73,supervised_adapt,ts-price-service,40,16,24,2026-09-04T10:49:53Z,2026-09-04T11:04:53Z,True
tt06_0fb6a295aaffa037cd45be73,supervised_adapt,ts-route-service,20,8,12,2026-09-04T10:49:53Z,2026-09-04T11:04:53Z,True
tt06_0fb6a295aaffa037cd45be73,supervised_adapt,ts-seat-service,0,0,0,2026-09-04T10:49:53Z,2026-09-04T11:04:53Z,True
tt06_0fb6a295aaffa037cd45be73,supervised_adapt,ts-station-service,0,0,0,2026-09-04T10:49:53Z,2026-09-04T11:04:53Z,True
tt06_0fb6a295aaffa037cd45be73,supervised_adapt,ts-train-service,7797,32,7006,2026-09-04T10:49:53Z,2026-09-04T11:04:53Z,True
tt06_0fb6a295aaffa037cd45be73,supervised_adapt,ts-travel-service,0,0,0,2026-09-04T10:49:53Z,2026-09-04T11:04:53Z,True
tt06_0fb6a295aaffa037cd45be73,supervised_adapt,ts-travel2-service,0,0,0,2026-09-04T10:49:53Z,2026-09-04T11:04:53Z,True
tt06_0fb6a295aaffa037cd45be73,supervised_adapt,ts-ui-dashboard,0,0,0,2026-09-04T10:49:53Z,2026-09-04T11:04:53Z,True
tt06_0fb6a295aaffa037cd45be73,supervised_adapt,ts-user-service,0,0,0,2026-09-04T10:49:53Z,2026-09-04T11:04:53Z,True
tt06_0fb6a295aaffa037cd45be73,supervised_adapt,tsdb-mysql,548,182,270,2026-09-04T10:49:53Z,2026-09-04T11:04:53Z,True
tt06_13e1244350b9e51a75c4f84d,supervised_adapt,nacos,0,0,0,2026-09-04T16:36:04.227096+00:00,2026-09-04T16:51:04Z,True
tt06_13e1244350b9e51a75c4f84d,supervised_adapt,nacosdb-mysql,548,180,270,2026-09-04T16:36:04.227096+00:00,2026-09-04T16:51:04Z,True
tt06_13e1244350b9e51a75c4f84d,supervised_adapt,rabbitmq,0,0,0,2026-09-04T16:36:04.227096+00:00,2026-09-04T16:51:04Z,True
tt06_13e1244350b9e51a75c4f84d,supervised_adapt,ts-auth-service,0,0,0,2026-09-04T16:36:04.227096+00:00,2026-09-04T16:51:04Z,True
tt06_13e1244350b9e51a75c4f84d,supervised_adapt,ts-basic-service,0,0,0,2026-09-04T16:36:04.227096+00:00,2026-09-04T16:51:04Z,True
tt06_13e1244350b9e51a75c4f84d,supervised_adapt,ts-config-service,0,0,0,2026-09-04T16:36:04.227096+00:00,2026-09-04T16:51:04Z,True
tt06_13e1244350b9e51a75c4f84d,supervised_adapt,ts-contacts-service,0,0,0,2026-09-04T16:36:04.227096+00:00,2026-09-04T16:51:04Z,True
tt06_13e1244350b9e51a75c4f84d,supervised_adapt,ts-gateway-service,0,0,0,2026-09-04T16:36:04.227096+00:00,2026-09-04T16:51:04Z,True
tt06_13e1244350b9e51a75c4f84d,supervised_adapt,ts-order-other-service,0,0,0,2026-09-04T16:36:04.227096+00:00,2026-09-04T16:51:04Z,True
tt06_13e1244350b9e51a75c4f84d,supervised_adapt,ts-order-service,0,0,0,2026-09-04T16:36:04.227096+00:00,2026-09-04T16:51:04Z,True
tt06_13e1244350b9e51a75c4f84d,supervised_adapt,ts-price-service,42,16,24,2026-09-04T16:36:04.227096+00:00,2026-09-04T16:51:04Z,True
tt06_13e1244350b9e51a75c4f84d,supervised_adapt,ts-route-service,158,32,48,2026-09-04T16:36:04.227096+00:00,2026-09-04T16:51:04Z,True
tt06_13e1244350b9e51a75c4f84d,supervised_adapt,ts-seat-service,0,0,0,2026-09-04T16:36:04.227096+00:00,2026-09-04T16:51:04Z,True
tt06_13e1244350b9e51a75c4f84d,supervised_adapt,ts-station-service,0,0,0,2026-09-04T16:36:04.227096+00:00,2026-09-04T16:51:04Z,True
tt06_13e1244350b9e51a75c4f84d,supervised_adapt,ts-train-service,21,8,12,2026-09-04T16:36:04.227096+00:00,2026-09-04T16:51:04Z,True
tt06_13e1244350b9e51a75c4f84d,supervised_adapt,ts-travel-service,0,0,0,2026-09-04T16:36:04.227096+00:00,2026-09-04T16:51:04Z,True
tt06_13e1244350b9e51a75c4f84d,supervised_adapt,ts-travel2-service,0,0,0,2026-09-04T16:36:04.227096+00:00,2026-09-04T16:51:04Z,True
tt06_13e1244350b9e51a75c4f84d,supervised_adapt,ts-ui-dashboard,0,0,0,2026-09-04T16:36:04.227096+00:00,2026-09-04T16:51:04Z,True
tt06_13e1244350b9e51a75c4f84d,supervised_adapt,ts-user-service,0,0,0,2026-09-04T16:36:04.227096+00:00,2026-09-04T16:51:04Z,True
tt06_13e1244350b9e51a75c4f84d,supervised_adapt,tsdb-mysql,547,180,270,2026-09-04T16:36:04.227096+00:00,2026-09-04T16:51:04Z,True
tt06_27ac32261ba729ca9c9d514c,supervised_adapt,nacos,0,0,0,2026-09-05T00:17:46.587515+00:00,2026-09-05T00:32:46Z,True
tt06_27ac32261ba729ca9c9d514c,supervised_adapt,nacosdb-mysql,547,180,270,2026-09-05T00:17:46.587515+00:00,2026-09-05T00:32:46Z,True
tt06_27ac32261ba729ca9c9d514c,supervised_adapt,rabbitmq,0,0,0,2026-09-05T00:17:46.587515+00:00,2026-09-05T00:32:46Z,True
tt06_27ac32261ba729ca9c9d514c,supervised_adapt,ts-auth-service,0,0,0,2026-09-05T00:17:46.587515+00:00,2026-09-05T00:32:46Z,True
tt06_27ac32261ba729ca9c9d514c,supervised_adapt,ts-basic-service,0,0,0,2026-09-05T00:17:46.587515+00:00,2026-09-05T00:32:46Z,True
tt06_27ac32261ba729ca9c9d514c,supervised_adapt,ts-config-service,0,0,0,2026-09-05T00:17:46.587515+00:00,2026-09-05T00:32:46Z,True
tt06_27ac32261ba729ca9c9d514c,supervised_adapt,ts-contacts-service,0,0,0,2026-09-05T00:17:46.587515+00:00,2026-09-05T00:32:46Z,True
tt06_27ac32261ba729ca9c9d514c,supervised_adapt,ts-gateway-service,150,0,49,2026-09-05T00:17:46.587515+00:00,2026-09-05T00:32:46Z,True
tt06_27ac32261ba729ca9c9d514c,supervised_adapt,ts-order-other-service,0,0,0,2026-09-05T00:17:46.587515+00:00,2026-09-05T00:32:46Z,True
tt06_27ac32261ba729ca9c9d514c,supervised_adapt,ts-order-service,0,0,0,2026-09-05T00:17:46.587515+00:00,2026-09-05T00:32:46Z,True
tt06_27ac32261ba729ca9c9d514c,supervised_adapt,ts-price-service,74,30,42,2026-09-05T00:17:46.587515+00:00,2026-09-05T00:32:46Z,True
tt06_27ac32261ba729ca9c9d514c,supervised_adapt,ts-route-service,40,15,24,2026-09-05T00:17:46.587515+00:00,2026-09-05T00:32:46Z,True
tt06_27ac32261ba729ca9c9d514c,supervised_adapt,ts-seat-service,0,0,0,2026-09-05T00:17:46.587515+00:00,2026-09-05T00:32:46Z,True
tt06_27ac32261ba729ca9c9d514c,supervised_adapt,ts-station-service,0,0,0,2026-09-05T00:17:46.587515+00:00,2026-09-05T00:32:46Z,True
tt06_27ac32261ba729ca9c9d514c,supervised_adapt,ts-train-service,39,15,23,2026-09-05T00:17:46.587515+00:00,2026-09-05T00:32:46Z,True
tt06_27ac32261ba729ca9c9d514c,supervised_adapt,ts-travel-service,0,0,0,2026-09-05T00:17:46.587515+00:00,2026-09-05T00:32:46Z,True
tt06_27ac32261ba729ca9c9d514c,supervised_adapt,ts-travel2-service,0,0,0,2026-09-05T00:17:46.587515+00:00,2026-09-05T00:32:46Z,True
tt06_27ac32261ba729ca9c9d514c,supervised_adapt,ts-ui-dashboard,0,0,0,2026-09-05T00:17:46.587515+00:00,2026-09-05T00:32:46Z,True
tt06_27ac32261ba729ca9c9d514c,supervised_adapt,ts-user-service,0,0,0,2026-09-05T00:17:46.587515+00:00,2026-09-05T00:32:46Z,True
tt06_27ac32261ba729ca9c9d514c,supervised_adapt,tsdb-mysql,549,182,270,2026-09-05T00:17:46.587515+00:00,2026-09-05T00:32:46Z,True
tt06_2da271e72006ca85d72a16d4,supervised_adapt,nacos,0,0,0,2026-09-04T13:23:38Z,2026-09-04T13:38:38Z,True
tt06_2da271e72006ca85d72a16d4,supervised_adapt,nacosdb-mysql,546,180,270,2026-09-04T13:23:38Z,2026-09-04T13:38:38Z,True
tt06_2da271e72006ca85d72a16d4,supervised_adapt,rabbitmq,0,0,0,2026-09-04T13:23:38Z,2026-09-04T13:38:38Z,True
tt06_2da271e72006ca85d72a16d4,supervised_adapt,ts-auth-service,0,0,0,2026-09-04T13:23:38Z,2026-09-04T13:38:38Z,True
tt06_2da271e72006ca85d72a16d4,supervised_adapt,ts-basic-service,0,0,0,2026-09-04T13:23:38Z,2026-09-04T13:38:38Z,True
tt06_2da271e72006ca85d72a16d4,supervised_adapt,ts-config-service,0,0,0,2026-09-04T13:23:38Z,2026-09-04T13:38:38Z,True
tt06_2da271e72006ca85d72a16d4,supervised_adapt,ts-contacts-service,0,0,0,2026-09-04T13:23:38Z,2026-09-04T13:38:38Z,True
tt06_2da271e72006ca85d72a16d4,supervised_adapt,ts-gateway-service,230,0,140,2026-09-04T13:23:38Z,2026-09-04T13:38:38Z,True
tt06_2da271e72006ca85d72a16d4,supervised_adapt,ts-order-other-service,0,0,0,2026-09-04T13:23:38Z,2026-09-04T13:38:38Z,True
tt06_2da271e72006ca85d72a16d4,supervised_adapt,ts-order-service,0,0,0,2026-09-04T13:23:38Z,2026-09-04T13:38:38Z,True
tt06_2da271e72006ca85d72a16d4,supervised_adapt,ts-price-service,30,30,0,2026-09-04T13:23:38Z,2026-09-04T13:38:38Z,True
tt06_2da271e72006ca85d72a16d4,supervised_adapt,ts-route-service,15,15,0,2026-09-04T13:23:38Z,2026-09-04T13:38:38Z,True
tt06_2da271e72006ca85d72a16d4,supervised_adapt,ts-seat-service,0,0,0,2026-09-04T13:23:38Z,2026-09-04T13:38:38Z,True
tt06_2da271e72006ca85d72a16d4,supervised_adapt,ts-station-service,0,0,0,2026-09-04T13:23:38Z,2026-09-04T13:38:38Z,True
tt06_2da271e72006ca85d72a16d4,supervised_adapt,ts-train-service,15,15,0,2026-09-04T13:23:38Z,2026-09-04T13:38:38Z,True
tt06_2da271e72006ca85d72a16d4,supervised_adapt,ts-travel-service,0,0,0,2026-09-04T13:23:38Z,2026-09-04T13:38:38Z,True
tt06_2da271e72006ca85d72a16d4,supervised_adapt,ts-travel2-service,0,0,0,2026-09-04T13:23:38Z,2026-09-04T13:38:38Z,True
tt06_2da271e72006ca85d72a16d4,supervised_adapt,ts-ui-dashboard,0,0,0,2026-09-04T13:23:38Z,2026-09-04T13:38:38Z,True
tt06_2da271e72006ca85d72a16d4,supervised_adapt,ts-user-service,0,0,0,2026-09-04T13:23:38Z,2026-09-04T13:38:38Z,True
tt06_2da271e72006ca85d72a16d4,supervised_adapt,tsdb-mysql,547,181,270,2026-09-04T13:23:38Z,2026-09-04T13:38:38Z,True
tt06_33778bfc53a4d38363f05d1b,supervised_adapt,nacos,0,0,0,2026-09-04T20:27:20Z,2026-09-04T20:42:20Z,True
tt06_33778bfc53a4d38363f05d1b,supervised_adapt,nacosdb-mysql,547,180,270,2026-09-04T20:27:20Z,2026-09-04T20:42:20Z,True
tt06_33778bfc53a4d38363f05d1b,supervised_adapt,rabbitmq,0,0,0,2026-09-04T20:27:20Z,2026-09-04T20:42:20Z,True
tt06_33778bfc53a4d38363f05d1b,supervised_adapt,ts-auth-service,0,0,0,2026-09-04T20:27:20Z,2026-09-04T20:42:20Z,True
tt06_33778bfc53a4d38363f05d1b,supervised_adapt,ts-basic-service,0,0,0,2026-09-04T20:27:20Z,2026-09-04T20:42:20Z,True
tt06_33778bfc53a4d38363f05d1b,supervised_adapt,ts-config-service,0,0,0,2026-09-04T20:27:20Z,2026-09-04T20:42:20Z,True
tt06_33778bfc53a4d38363f05d1b,supervised_adapt,ts-contacts-service,0,0,0,2026-09-04T20:27:20Z,2026-09-04T20:42:20Z,True
tt06_33778bfc53a4d38363f05d1b,supervised_adapt,ts-gateway-service,0,0,0,2026-09-04T20:27:20Z,2026-09-04T20:42:20Z,True
tt06_33778bfc53a4d38363f05d1b,supervised_adapt,ts-order-other-service,0,0,0,2026-09-04T20:27:20Z,2026-09-04T20:42:20Z,True
tt06_33778bfc53a4d38363f05d1b,supervised_adapt,ts-order-service,0,0,0,2026-09-04T20:27:20Z,2026-09-04T20:42:20Z,True
tt06_33778bfc53a4d38363f05d1b,supervised_adapt,ts-price-service,40,16,24,2026-09-04T20:27:20Z,2026-09-04T20:42:20Z,True
tt06_33778bfc53a4d38363f05d1b,supervised_adapt,ts-route-service,20,8,12,2026-09-04T20:27:20Z,2026-09-04T20:42:20Z,True
tt06_33778bfc53a4d38363f05d1b,supervised_adapt,ts-seat-service,0,0,0,2026-09-04T20:27:20Z,2026-09-04T20:42:20Z,True
tt06_33778bfc53a4d38363f05d1b,supervised_adapt,ts-station-service,0,0,0,2026-09-04T20:27:20Z,2026-09-04T20:42:20Z,True
tt06_33778bfc53a4d38363f05d1b,supervised_adapt,ts-train-service,7859,32,6882,2026-09-04T20:27:20Z,2026-09-04T20:42:20Z,True
tt06_33778bfc53a4d38363f05d1b,supervised_adapt,ts-travel-service,0,0,0,2026-09-04T20:27:20Z,2026-09-04T20:42:20Z,True
tt06_33778bfc53a4d38363f05d1b,supervised_adapt,ts-travel2-service,0,0,0,2026-09-04T20:27:20Z,2026-09-04T20:42:20Z,True
tt06_33778bfc53a4d38363f05d1b,supervised_adapt,ts-ui-dashboard,0,0,0,2026-09-04T20:27:20Z,2026-09-04T20:42:20Z,True
tt06_33778bfc53a4d38363f05d1b,supervised_adapt,ts-user-service,0,0,0,2026-09-04T20:27:20Z,2026-09-04T20:42:20Z,True
tt06_33778bfc53a4d38363f05d1b,supervised_adapt,tsdb-mysql,546,180,270,2026-09-04T20:27:20Z,2026-09-04T20:42:20Z,True
tt06_37034f54cd1cb1d85c1825c6,supervised_adapt,nacos,0,0,0,2026-09-04T17:53:33Z,2026-09-04T18:08:33Z,True
tt06_37034f54cd1cb1d85c1825c6,supervised_adapt,nacosdb-mysql,546,180,270,2026-09-04T17:53:33Z,2026-09-04T18:08:33Z,True
tt06_37034f54cd1cb1d85c1825c6,supervised_adapt,rabbitmq,0,0,0,2026-09-04T17:53:33Z,2026-09-04T18:08:33Z,True
tt06_37034f54cd1cb1d85c1825c6,supervised_adapt,ts-auth-service,0,0,0,2026-09-04T17:53:33Z,2026-09-04T18:08:33Z,True
tt06_37034f54cd1cb1d85c1825c6,supervised_adapt,ts-basic-service,0,0,0,2026-09-04T17:53:33Z,2026-09-04T18:08:33Z,True
tt06_37034f54cd1cb1d85c1825c6,supervised_adapt,ts-config-service,0,0,0,2026-09-04T17:53:33Z,2026-09-04T18:08:33Z,True
tt06_37034f54cd1cb1d85c1825c6,supervised_adapt,ts-contacts-service,0,0,0,2026-09-04T17:53:33Z,2026-09-04T18:08:33Z,True
tt06_37034f54cd1cb1d85c1825c6,supervised_adapt,ts-gateway-service,0,0,0,2026-09-04T17:53:33Z,2026-09-04T18:08:33Z,True
tt06_37034f54cd1cb1d85c1825c6,supervised_adapt,ts-order-other-service,0,0,0,2026-09-04T17:53:33Z,2026-09-04T18:08:33Z,True
tt06_37034f54cd1cb1d85c1825c6,supervised_adapt,ts-order-service,0,0,0,2026-09-04T17:53:33Z,2026-09-04T18:08:33Z,True
tt06_37034f54cd1cb1d85c1825c6,supervised_adapt,ts-price-service,40,16,24,2026-09-04T17:53:33Z,2026-09-04T18:08:33Z,True
tt06_37034f54cd1cb1d85c1825c6,supervised_adapt,ts-route-service,20,8,12,2026-09-04T17:53:33Z,2026-09-04T18:08:33Z,True
tt06_37034f54cd1cb1d85c1825c6,supervised_adapt,ts-seat-service,0,0,0,2026-09-04T17:53:33Z,2026-09-04T18:08:33Z,True
tt06_37034f54cd1cb1d85c1825c6,supervised_adapt,ts-station-service,753,0,516,2026-09-04T17:53:33Z,2026-09-04T18:08:33Z,True
tt06_37034f54cd1cb1d85c1825c6,supervised_adapt,ts-train-service,80,32,48,2026-09-04T17:53:33Z,2026-09-04T18:08:33Z,True
tt06_37034f54cd1cb1d85c1825c6,supervised_adapt,ts-travel-service,0,0,0,2026-09-04T17:53:33Z,2026-09-04T18:08:33Z,True
tt06_37034f54cd1cb1d85c1825c6,supervised_adapt,ts-travel2-service,0,0,0,2026-09-04T17:53:33Z,2026-09-04T18:08:33Z,True
tt06_37034f54cd1cb1d85c1825c6,supervised_adapt,ts-ui-dashboard,0,0,0,2026-09-04T17:53:33Z,2026-09-04T18:08:33Z,True
tt06_37034f54cd1cb1d85c1825c6,supervised_adapt,ts-user-service,0,0,0,2026-09-04T17:53:33Z,2026-09-04T18:08:33Z,True
tt06_37034f54cd1cb1d85c1825c6,supervised_adapt,tsdb-mysql,548,182,270,2026-09-04T17:53:33Z,2026-09-04T18:08:33Z,True
tt06_463fb763ebcdf88d60379101,supervised_adapt,nacos,0,0,0,2026-09-05T00:54:39.524431+00:00,2026-09-05T01:09:39Z,True
tt06_463fb763ebcdf88d60379101,supervised_adapt,nacosdb-mysql,547,180,270,2026-09-05T00:54:39.524431+00:00,2026-09-05T01:09:39Z,True
tt06_463fb763ebcdf88d60379101,supervised_adapt,rabbitmq,0,0,0,2026-09-05T00:54:39.524431+00:00,2026-09-05T01:09:39Z,True
tt06_463fb763ebcdf88d60379101,supervised_adapt,ts-auth-service,0,0,0,2026-09-05T00:54:39.524431+00:00,2026-09-05T01:09:39Z,True
tt06_463fb763ebcdf88d60379101,supervised_adapt,ts-basic-service,0,0,0,2026-09-05T00:54:39.524431+00:00,2026-09-05T01:09:39Z,True
tt06_463fb763ebcdf88d60379101,supervised_adapt,ts-config-service,0,0,0,2026-09-05T00:54:39.524431+00:00,2026-09-05T01:09:39Z,True
tt06_463fb763ebcdf88d60379101,supervised_adapt,ts-contacts-service,0,0,0,2026-09-05T00:54:39.524431+00:00,2026-09-05T01:09:39Z,True
tt06_463fb763ebcdf88d60379101,supervised_adapt,ts-gateway-service,0,0,0,2026-09-05T00:54:39.524431+00:00,2026-09-05T01:09:39Z,True
tt06_463fb763ebcdf88d60379101,supervised_adapt,ts-order-other-service,0,0,0,2026-09-05T00:54:39.524431+00:00,2026-09-05T01:09:39Z,True
tt06_463fb763ebcdf88d60379101,supervised_adapt,ts-order-service,0,0,0,2026-09-05T00:54:39.524431+00:00,2026-09-05T01:09:39Z,True
tt06_463fb763ebcdf88d60379101,supervised_adapt,ts-price-service,74,30,42,2026-09-05T00:54:39.524431+00:00,2026-09-05T01:09:39Z,True
tt06_463fb763ebcdf88d60379101,supervised_adapt,ts-route-service,40,15,24,2026-09-05T00:54:39.524431+00:00,2026-09-05T01:09:39Z,True
tt06_463fb763ebcdf88d60379101,supervised_adapt,ts-seat-service,0,0,0,2026-09-05T00:54:39.524431+00:00,2026-09-05T01:09:39Z,True
tt06_463fb763ebcdf88d60379101,supervised_adapt,ts-station-service,0,0,0,2026-09-05T00:54:39.524431+00:00,2026-09-05T01:09:39Z,True
tt06_463fb763ebcdf88d60379101,supervised_adapt,ts-train-service,39,15,23,2026-09-05T00:54:39.524431+00:00,2026-09-05T01:09:39Z,True
tt06_463fb763ebcdf88d60379101,supervised_adapt,ts-travel-service,0,0,0,2026-09-05T00:54:39.524431+00:00,2026-09-05T01:09:39Z,True
tt06_463fb763ebcdf88d60379101,supervised_adapt,ts-travel2-service,0,0,0,2026-09-05T00:54:39.524431+00:00,2026-09-05T01:09:39Z,True
tt06_463fb763ebcdf88d60379101,supervised_adapt,ts-ui-dashboard,0,0,0,2026-09-05T00:54:39.524431+00:00,2026-09-05T01:09:39Z,True
tt06_463fb763ebcdf88d60379101,supervised_adapt,ts-user-service,0,0,0,2026-09-05T00:54:39.524431+00:00,2026-09-05T01:09:39Z,True
tt06_463fb763ebcdf88d60379101,supervised_adapt,tsdb-mysql,547,180,270,2026-09-05T00:54:39.524431+00:00,2026-09-05T01:09:39Z,True
tt06_4fa475d8e14ebb193d783dfc,supervised_adapt,nacos,0,0,0,2026-09-04T14:40:15.583540+00:00,2026-09-04T14:55:15Z,True
tt06_4fa475d8e14ebb193d783dfc,supervised_adapt,nacosdb-mysql,547,180,270,2026-09-04T14:40:15.583540+00:00,2026-09-04T14:55:15Z,True
tt06_4fa475d8e14ebb193d783dfc,supervised_adapt,rabbitmq,0,0,0,2026-09-04T14:40:15.583540+00:00,2026-09-04T14:55:15Z,True
tt06_4fa475d8e14ebb193d783dfc,supervised_adapt,ts-auth-service,0,0,0,2026-09-04T14:40:15.583540+00:00,2026-09-04T14:55:15Z,True
tt06_4fa475d8e14ebb193d783dfc,supervised_adapt,ts-basic-service,0,0,0,2026-09-04T14:40:15.583540+00:00,2026-09-04T14:55:15Z,True
tt06_4fa475d8e14ebb193d783dfc,supervised_adapt,ts-config-service,0,0,0,2026-09-04T14:40:15.583540+00:00,2026-09-04T14:55:15Z,True
tt06_4fa475d8e14ebb193d783dfc,supervised_adapt,ts-contacts-service,0,0,0,2026-09-04T14:40:15.583540+00:00,2026-09-04T14:55:15Z,True
tt06_4fa475d8e14ebb193d783dfc,supervised_adapt,ts-gateway-service,150,0,41,2026-09-04T14:40:15.583540+00:00,2026-09-04T14:55:15Z,True
tt06_4fa475d8e14ebb193d783dfc,supervised_adapt,ts-order-other-service,0,0,0,2026-09-04T14:40:15.583540+00:00,2026-09-04T14:55:15Z,True
tt06_4fa475d8e14ebb193d783dfc,supervised_adapt,ts-order-service,0,0,0,2026-09-04T14:40:15.583540+00:00,2026-09-04T14:55:15Z,True
tt06_4fa475d8e14ebb193d783dfc,supervised_adapt,ts-price-service,74,30,42,2026-09-04T14:40:15.583540+00:00,2026-09-04T14:55:15Z,True
tt06_4fa475d8e14ebb193d783dfc,supervised_adapt,ts-route-service,40,15,24,2026-09-04T14:40:15.583540+00:00,2026-09-04T14:55:15Z,True
tt06_4fa475d8e14ebb193d783dfc,supervised_adapt,ts-seat-service,0,0,0,2026-09-04T14:40:15.583540+00:00,2026-09-04T14:55:15Z,True
tt06_4fa475d8e14ebb193d783dfc,supervised_adapt,ts-station-service,0,0,0,2026-09-04T14:40:15.583540+00:00,2026-09-04T14:55:15Z,True
tt06_4fa475d8e14ebb193d783dfc,supervised_adapt,ts-train-service,39,15,23,2026-09-04T14:40:15.583540+00:00,2026-09-04T14:55:15Z,True
tt06_4fa475d8e14ebb193d783dfc,supervised_adapt,ts-travel-service,0,0,0,2026-09-04T14:40:15.583540+00:00,2026-09-04T14:55:15Z,True
tt06_4fa475d8e14ebb193d783dfc,supervised_adapt,ts-travel2-service,0,0,0,2026-09-04T14:40:15.583540+00:00,2026-09-04T14:55:15Z,True
tt06_4fa475d8e14ebb193d783dfc,supervised_adapt,ts-ui-dashboard,0,0,0,2026-09-04T14:40:15.583540+00:00,2026-09-04T14:55:15Z,True
tt06_4fa475d8e14ebb193d783dfc,supervised_adapt,ts-user-service,0,0,0,2026-09-04T14:40:15.583540+00:00,2026-09-04T14:55:15Z,True
tt06_4fa475d8e14ebb193d783dfc,supervised_adapt,tsdb-mysql,547,180,270,2026-09-04T14:40:15.583540+00:00,2026-09-04T14:55:15Z,True
tt06_53cda9fc8c2a2ecf27dc28b4,supervised_adapt,nacos,0,0,0,2026-09-04T21:43:37.246821+00:00,2026-09-04T21:58:37Z,True
tt06_53cda9fc8c2a2ecf27dc28b4,supervised_adapt,nacosdb-mysql,548,182,270,2026-09-04T21:43:37.246821+00:00,2026-09-04T21:58:37Z,True
tt06_53cda9fc8c2a2ecf27dc28b4,supervised_adapt,rabbitmq,0,0,0,2026-09-04T21:43:37.246821+00:00,2026-09-04T21:58:37Z,True
tt06_53cda9fc8c2a2ecf27dc28b4,supervised_adapt,ts-auth-service,0,0,0,2026-09-04T21:43:37.246821+00:00,2026-09-04T21:58:37Z,True
tt06_53cda9fc8c2a2ecf27dc28b4,supervised_adapt,ts-basic-service,0,0,0,2026-09-04T21:43:37.246821+00:00,2026-09-04T21:58:37Z,True
tt06_53cda9fc8c2a2ecf27dc28b4,supervised_adapt,ts-config-service,0,0,0,2026-09-04T21:43:37.246821+00:00,2026-09-04T21:58:37Z,True
tt06_53cda9fc8c2a2ecf27dc28b4,supervised_adapt,ts-contacts-service,0,0,0,2026-09-04T21:43:37.246821+00:00,2026-09-04T21:58:37Z,True
tt06_53cda9fc8c2a2ecf27dc28b4,supervised_adapt,ts-gateway-service,0,0,0,2026-09-04T21:43:37.246821+00:00,2026-09-04T21:58:37Z,True
tt06_53cda9fc8c2a2ecf27dc28b4,supervised_adapt,ts-order-other-service,0,0,0,2026-09-04T21:43:37.246821+00:00,2026-09-04T21:58:37Z,True
tt06_53cda9fc8c2a2ecf27dc28b4,supervised_adapt,ts-order-service,0,0,0,2026-09-04T21:43:37.246821+00:00,2026-09-04T21:58:37Z,True
tt06_53cda9fc8c2a2ecf27dc28b4,supervised_adapt,ts-price-service,42,16,24,2026-09-04T21:43:37.246821+00:00,2026-09-04T21:58:37Z,True
tt06_53cda9fc8c2a2ecf27dc28b4,supervised_adapt,ts-route-service,21,8,12,2026-09-04T21:43:37.246821+00:00,2026-09-04T21:58:37Z,True
tt06_53cda9fc8c2a2ecf27dc28b4,supervised_adapt,ts-seat-service,0,0,0,2026-09-04T21:43:37.246821+00:00,2026-09-04T21:58:37Z,True
tt06_53cda9fc8c2a2ecf27dc28b4,supervised_adapt,ts-station-service,0,0,0,2026-09-04T21:43:37.246821+00:00,2026-09-04T21:58:37Z,True
tt06_53cda9fc8c2a2ecf27dc28b4,supervised_adapt,ts-train-service,154,32,48,2026-09-04T21:43:37.246821+00:00,2026-09-04T21:58:37Z,True
tt06_53cda9fc8c2a2ecf27dc28b4,supervised_adapt,ts-travel-service,0,0,0,2026-09-04T21:43:37.246821+00:00,2026-09-04T21:58:37Z,True
tt06_53cda9fc8c2a2ecf27dc28b4,supervised_adapt,ts-travel2-service,0,0,0,2026-09-04T21:43:37.246821+00:00,2026-09-04T21:58:37Z,True
tt06_53cda9fc8c2a2ecf27dc28b4,supervised_adapt,ts-ui-dashboard,0,0,0,2026-09-04T21:43:37.246821+00:00,2026-09-04T21:58:37Z,True
tt06_53cda9fc8c2a2ecf27dc28b4,supervised_adapt,ts-user-service,0,0,0,2026-09-04T21:43:37.246821+00:00,2026-09-04T21:58:37Z,True
tt06_53cda9fc8c2a2ecf27dc28b4,supervised_adapt,tsdb-mysql,548,180,270,2026-09-04T21:43:37.246821+00:00,2026-09-04T21:58:37Z,True
tt06_5a853670a6269fe3b3a2dbc8,supervised_adapt,nacos,0,0,0,2026-09-04T15:19:45Z,2026-09-04T15:34:45Z,True
tt06_5a853670a6269fe3b3a2dbc8,supervised_adapt,nacosdb-mysql,547,180,270,2026-09-04T15:19:45Z,2026-09-04T15:34:45Z,True
tt06_5a853670a6269fe3b3a2dbc8,supervised_adapt,rabbitmq,0,0,0,2026-09-04T15:19:45Z,2026-09-04T15:34:45Z,True
tt06_5a853670a6269fe3b3a2dbc8,supervised_adapt,ts-auth-service,0,0,0,2026-09-04T15:19:45Z,2026-09-04T15:34:45Z,True
tt06_5a853670a6269fe3b3a2dbc8,supervised_adapt,ts-basic-service,0,0,0,2026-09-04T15:19:45Z,2026-09-04T15:34:45Z,True
tt06_5a853670a6269fe3b3a2dbc8,supervised_adapt,ts-config-service,0,0,0,2026-09-04T15:19:45Z,2026-09-04T15:34:45Z,True
tt06_5a853670a6269fe3b3a2dbc8,supervised_adapt,ts-contacts-service,0,0,0,2026-09-04T15:19:45Z,2026-09-04T15:34:45Z,True
tt06_5a853670a6269fe3b3a2dbc8,supervised_adapt,ts-gateway-service,0,0,0,2026-09-04T15:19:45Z,2026-09-04T15:34:45Z,True
tt06_5a853670a6269fe3b3a2dbc8,supervised_adapt,ts-order-other-service,0,0,0,2026-09-04T15:19:45Z,2026-09-04T15:34:45Z,True
tt06_5a853670a6269fe3b3a2dbc8,supervised_adapt,ts-order-service,0,0,0,2026-09-04T15:19:45Z,2026-09-04T15:34:45Z,True
tt06_5a853670a6269fe3b3a2dbc8,supervised_adapt,ts-price-service,40,16,24,2026-09-04T15:19:45Z,2026-09-04T15:34:45Z,True
tt06_5a853670a6269fe3b3a2dbc8,supervised_adapt,ts-route-service,7797,32,6882,2026-09-04T15:19:45Z,2026-09-04T15:34:45Z,True
tt06_5a853670a6269fe3b3a2dbc8,supervised_adapt,ts-seat-service,0,0,0,2026-09-04T15:19:45Z,2026-09-04T15:34:45Z,True
tt06_5a853670a6269fe3b3a2dbc8,supervised_adapt,ts-station-service,0,0,0,2026-09-04T15:19:45Z,2026-09-04T15:34:45Z,True
tt06_5a853670a6269fe3b3a2dbc8,supervised_adapt,ts-train-service,20,8,12,2026-09-04T15:19:45Z,2026-09-04T15:34:45Z,True
tt06_5a853670a6269fe3b3a2dbc8,supervised_adapt,ts-travel-service,0,0,0,2026-09-04T15:19:45Z,2026-09-04T15:34:45Z,True
tt06_5a853670a6269fe3b3a2dbc8,supervised_adapt,ts-travel2-service,0,0,0,2026-09-04T15:19:45Z,2026-09-04T15:34:45Z,True
tt06_5a853670a6269fe3b3a2dbc8,supervised_adapt,ts-ui-dashboard,0,0,0,2026-09-04T15:19:45Z,2026-09-04T15:34:45Z,True
tt06_5a853670a6269fe3b3a2dbc8,supervised_adapt,ts-user-service,0,0,0,2026-09-04T15:19:45Z,2026-09-04T15:34:45Z,True
tt06_5a853670a6269fe3b3a2dbc8,supervised_adapt,tsdb-mysql,546,180,270,2026-09-04T15:19:45Z,2026-09-04T15:34:45Z,True
tt06_5db6792dd5364700cd7d6103,supervised_adapt,nacos,0,0,0,2026-09-04T06:58:37.005226+00:00,2026-09-04T07:13:37Z,True
tt06_5db6792dd5364700cd7d6103,supervised_adapt,nacosdb-mysql,548,182,270,2026-09-04T06:58:37.005226+00:00,2026-09-04T07:13:37Z,True
tt06_5db6792dd5364700cd7d6103,supervised_adapt,rabbitmq,0,0,0,2026-09-04T06:58:37.005226+00:00,2026-09-04T07:13:37Z,True
tt06_5db6792dd5364700cd7d6103,supervised_adapt,ts-auth-service,0,0,0,2026-09-04T06:58:37.005226+00:00,2026-09-04T07:13:37Z,True
tt06_5db6792dd5364700cd7d6103,supervised_adapt,ts-basic-service,0,0,0,2026-09-04T06:58:37.005226+00:00,2026-09-04T07:13:37Z,True
tt06_5db6792dd5364700cd7d6103,supervised_adapt,ts-config-service,0,0,0,2026-09-04T06:58:37.005226+00:00,2026-09-04T07:13:37Z,True
tt06_5db6792dd5364700cd7d6103,supervised_adapt,ts-contacts-service,0,0,0,2026-09-04T06:58:37.005226+00:00,2026-09-04T07:13:37Z,True
tt06_5db6792dd5364700cd7d6103,supervised_adapt,ts-gateway-service,0,0,0,2026-09-04T06:58:37.005226+00:00,2026-09-04T07:13:37Z,True
tt06_5db6792dd5364700cd7d6103,supervised_adapt,ts-order-other-service,0,0,0,2026-09-04T06:58:37.005226+00:00,2026-09-04T07:13:37Z,True
tt06_5db6792dd5364700cd7d6103,supervised_adapt,ts-order-service,0,0,0,2026-09-04T06:58:37.005226+00:00,2026-09-04T07:13:37Z,True
tt06_5db6792dd5364700cd7d6103,supervised_adapt,ts-price-service,42,16,24,2026-09-04T06:58:37.005226+00:00,2026-09-04T07:13:37Z,True
tt06_5db6792dd5364700cd7d6103,supervised_adapt,ts-route-service,158,32,48,2026-09-04T06:58:37.005226+00:00,2026-09-04T07:13:37Z,True
tt06_5db6792dd5364700cd7d6103,supervised_adapt,ts-seat-service,0,0,0,2026-09-04T06:58:37.005226+00:00,2026-09-04T07:13:37Z,True
tt06_5db6792dd5364700cd7d6103,supervised_adapt,ts-station-service,0,0,0,2026-09-04T06:58:37.005226+00:00,2026-09-04T07:13:37Z,True
tt06_5db6792dd5364700cd7d6103,supervised_adapt,ts-train-service,21,8,12,2026-09-04T06:58:37.005226+00:00,2026-09-04T07:13:37Z,True
tt06_5db6792dd5364700cd7d6103,supervised_adapt,ts-travel-service,0,0,0,2026-09-04T06:58:37.005226+00:00,2026-09-04T07:13:37Z,True
tt06_5db6792dd5364700cd7d6103,supervised_adapt,ts-travel2-service,0,0,0,2026-09-04T06:58:37.005226+00:00,2026-09-04T07:13:37Z,True
tt06_5db6792dd5364700cd7d6103,supervised_adapt,ts-ui-dashboard,0,0,0,2026-09-04T06:58:37.005226+00:00,2026-09-04T07:13:37Z,True
tt06_5db6792dd5364700cd7d6103,supervised_adapt,ts-user-service,0,0,0,2026-09-04T06:58:37.005226+00:00,2026-09-04T07:13:37Z,True
tt06_5db6792dd5364700cd7d6103,supervised_adapt,tsdb-mysql,548,180,270,2026-09-04T06:58:37.005226+00:00,2026-09-04T07:13:37Z,True
tt06_63d56ddeef6e83ede82721fa,supervised_adapt,nacos,0,0,0,2026-09-04T09:32:24.429943+00:00,2026-09-04T09:47:24Z,True
tt06_63d56ddeef6e83ede82721fa,supervised_adapt,nacosdb-mysql,548,180,270,2026-09-04T09:32:24.429943+00:00,2026-09-04T09:47:24Z,True
tt06_63d56ddeef6e83ede82721fa,supervised_adapt,rabbitmq,0,0,0,2026-09-04T09:32:24.429943+00:00,2026-09-04T09:47:24Z,True
tt06_63d56ddeef6e83ede82721fa,supervised_adapt,ts-auth-service,0,0,0,2026-09-04T09:32:24.429943+00:00,2026-09-04T09:47:24Z,True
tt06_63d56ddeef6e83ede82721fa,supervised_adapt,ts-basic-service,0,0,0,2026-09-04T09:32:24.429943+00:00,2026-09-04T09:47:24Z,True
tt06_63d56ddeef6e83ede82721fa,supervised_adapt,ts-config-service,0,0,0,2026-09-04T09:32:24.429943+00:00,2026-09-04T09:47:24Z,True
tt06_63d56ddeef6e83ede82721fa,supervised_adapt,ts-contacts-service,0,0,0,2026-09-04T09:32:24.429943+00:00,2026-09-04T09:47:24Z,True
tt06_63d56ddeef6e83ede82721fa,supervised_adapt,ts-gateway-service,0,0,0,2026-09-04T09:32:24.429943+00:00,2026-09-04T09:47:24Z,True
tt06_63d56ddeef6e83ede82721fa,supervised_adapt,ts-order-other-service,0,0,0,2026-09-04T09:32:24.429943+00:00,2026-09-04T09:47:24Z,True
tt06_63d56ddeef6e83ede82721fa,supervised_adapt,ts-order-service,0,0,0,2026-09-04T09:32:24.429943+00:00,2026-09-04T09:47:24Z,True
tt06_63d56ddeef6e83ede82721fa,supervised_adapt,ts-price-service,42,16,24,2026-09-04T09:32:24.429943+00:00,2026-09-04T09:47:24Z,True
tt06_63d56ddeef6e83ede82721fa,supervised_adapt,ts-route-service,21,8,12,2026-09-04T09:32:24.429943+00:00,2026-09-04T09:47:24Z,True
tt06_63d56ddeef6e83ede82721fa,supervised_adapt,ts-seat-service,0,0,0,2026-09-04T09:32:24.429943+00:00,2026-09-04T09:47:24Z,True
tt06_63d56ddeef6e83ede82721fa,supervised_adapt,ts-station-service,80,0,0,2026-09-04T09:32:24.429943+00:00,2026-09-04T09:47:24Z,True
tt06_63d56ddeef6e83ede82721fa,supervised_adapt,ts-train-service,81,32,48,2026-09-04T09:32:24.429943+00:00,2026-09-04T09:47:24Z,True
tt06_63d56ddeef6e83ede82721fa,supervised_adapt,ts-travel-service,0,0,0,2026-09-04T09:32:24.429943+00:00,2026-09-04T09:47:24Z,True
tt06_63d56ddeef6e83ede82721fa,supervised_adapt,ts-travel2-service,0,0,0,2026-09-04T09:32:24.429943+00:00,2026-09-04T09:47:24Z,True
tt06_63d56ddeef6e83ede82721fa,supervised_adapt,ts-ui-dashboard,0,0,0,2026-09-04T09:32:24.429943+00:00,2026-09-04T09:47:24Z,True
tt06_63d56ddeef6e83ede82721fa,supervised_adapt,ts-user-service,0,0,0,2026-09-04T09:32:24.429943+00:00,2026-09-04T09:47:24Z,True
tt06_63d56ddeef6e83ede82721fa,supervised_adapt,tsdb-mysql,547,181,270,2026-09-04T09:32:24.429943+00:00,2026-09-04T09:47:24Z,True
tt06_6b2cbd797ab23f4a2e1d8da8,supervised_adapt,nacos,0,0,0,2026-09-04T06:16:16Z,2026-09-04T06:31:16Z,True
tt06_6b2cbd797ab23f4a2e1d8da8,supervised_adapt,nacosdb-mysql,547,180,270,2026-09-04T06:16:16Z,2026-09-04T06:31:16Z,True
tt06_6b2cbd797ab23f4a2e1d8da8,supervised_adapt,rabbitmq,0,0,0,2026-09-04T06:16:16Z,2026-09-04T06:31:16Z,True
tt06_6b2cbd797ab23f4a2e1d8da8,supervised_adapt,ts-auth-service,0,0,0,2026-09-04T06:16:16Z,2026-09-04T06:31:16Z,True
tt06_6b2cbd797ab23f4a2e1d8da8,supervised_adapt,ts-basic-service,0,0,0,2026-09-04T06:16:16Z,2026-09-04T06:31:16Z,True
tt06_6b2cbd797ab23f4a2e1d8da8,supervised_adapt,ts-config-service,0,0,0,2026-09-04T06:16:16Z,2026-09-04T06:31:16Z,True
tt06_6b2cbd797ab23f4a2e1d8da8,supervised_adapt,ts-contacts-service,0,0,0,2026-09-04T06:16:16Z,2026-09-04T06:31:16Z,True
tt06_6b2cbd797ab23f4a2e1d8da8,supervised_adapt,ts-gateway-service,0,0,0,2026-09-04T06:16:16Z,2026-09-04T06:31:16Z,True
tt06_6b2cbd797ab23f4a2e1d8da8,supervised_adapt,ts-order-other-service,0,0,0,2026-09-04T06:16:16Z,2026-09-04T06:31:16Z,True
tt06_6b2cbd797ab23f4a2e1d8da8,supervised_adapt,ts-order-service,0,0,0,2026-09-04T06:16:16Z,2026-09-04T06:31:16Z,True
tt06_6b2cbd797ab23f4a2e1d8da8,supervised_adapt,ts-price-service,40,16,24,2026-09-04T06:16:16Z,2026-09-04T06:31:16Z,True
tt06_6b2cbd797ab23f4a2e1d8da8,supervised_adapt,ts-route-service,47,32,15,2026-09-04T06:16:16Z,2026-09-04T06:31:16Z,True
tt06_6b2cbd797ab23f4a2e1d8da8,supervised_adapt,ts-seat-service,0,0,0,2026-09-04T06:16:16Z,2026-09-04T06:31:16Z,True
tt06_6b2cbd797ab23f4a2e1d8da8,supervised_adapt,ts-station-service,0,0,0,2026-09-04T06:16:16Z,2026-09-04T06:31:16Z,True
tt06_6b2cbd797ab23f4a2e1d8da8,supervised_adapt,ts-train-service,20,8,12,2026-09-04T06:16:16Z,2026-09-04T06:31:16Z,True
tt06_6b2cbd797ab23f4a2e1d8da8,supervised_adapt,ts-travel-service,0,0,0,2026-09-04T06:16:16Z,2026-09-04T06:31:16Z,True
tt06_6b2cbd797ab23f4a2e1d8da8,supervised_adapt,ts-travel2-service,0,0,0,2026-09-04T06:16:16Z,2026-09-04T06:31:16Z,True
tt06_6b2cbd797ab23f4a2e1d8da8,supervised_adapt,ts-ui-dashboard,0,0,0,2026-09-04T06:16:16Z,2026-09-04T06:31:16Z,True
tt06_6b2cbd797ab23f4a2e1d8da8,supervised_adapt,ts-user-service,0,0,0,2026-09-04T06:16:16Z,2026-09-04T06:31:16Z,True
tt06_6b2cbd797ab23f4a2e1d8da8,supervised_adapt,tsdb-mysql,547,180,270,2026-09-04T06:16:16Z,2026-09-04T06:31:16Z,True
tt06_6e9dc1dd14a895000c43e064,supervised_adapt,nacos,0,0,0,2026-09-04T05:42:20Z,2026-09-04T05:57:20Z,True
tt06_6e9dc1dd14a895000c43e064,supervised_adapt,nacosdb-mysql,547,180,270,2026-09-04T05:42:20Z,2026-09-04T05:57:20Z,True
tt06_6e9dc1dd14a895000c43e064,supervised_adapt,rabbitmq,0,0,0,2026-09-04T05:42:20Z,2026-09-04T05:57:20Z,True
tt06_6e9dc1dd14a895000c43e064,supervised_adapt,ts-auth-service,0,0,0,2026-09-04T05:42:20Z,2026-09-04T05:57:20Z,True
tt06_6e9dc1dd14a895000c43e064,supervised_adapt,ts-basic-service,0,0,0,2026-09-04T05:42:20Z,2026-09-04T05:57:20Z,True
tt06_6e9dc1dd14a895000c43e064,supervised_adapt,ts-config-service,0,0,0,2026-09-04T05:42:20Z,2026-09-04T05:57:20Z,True
tt06_6e9dc1dd14a895000c43e064,supervised_adapt,ts-contacts-service,0,0,0,2026-09-04T05:42:20Z,2026-09-04T05:57:20Z,True
tt06_6e9dc1dd14a895000c43e064,supervised_adapt,ts-gateway-service,0,0,0,2026-09-04T05:42:20Z,2026-09-04T05:57:20Z,True
tt06_6e9dc1dd14a895000c43e064,supervised_adapt,ts-order-other-service,0,0,0,2026-09-04T05:42:20Z,2026-09-04T05:57:20Z,True
tt06_6e9dc1dd14a895000c43e064,supervised_adapt,ts-order-service,0,0,0,2026-09-04T05:42:20Z,2026-09-04T05:57:20Z,True
tt06_6e9dc1dd14a895000c43e064,supervised_adapt,ts-price-service,40,16,24,2026-09-04T05:42:20Z,2026-09-04T05:57:20Z,True
tt06_6e9dc1dd14a895000c43e064,supervised_adapt,ts-route-service,7735,32,6944,2026-09-04T05:42:20Z,2026-09-04T05:57:20Z,True
tt06_6e9dc1dd14a895000c43e064,supervised_adapt,ts-seat-service,0,0,0,2026-09-04T05:42:20Z,2026-09-04T05:57:20Z,True
tt06_6e9dc1dd14a895000c43e064,supervised_adapt,ts-station-service,0,0,0,2026-09-04T05:42:20Z,2026-09-04T05:57:20Z,True
tt06_6e9dc1dd14a895000c43e064,supervised_adapt,ts-train-service,20,8,12,2026-09-04T05:42:20Z,2026-09-04T05:57:20Z,True
tt06_6e9dc1dd14a895000c43e064,supervised_adapt,ts-travel-service,0,0,0,2026-09-04T05:42:20Z,2026-09-04T05:57:20Z,True
tt06_6e9dc1dd14a895000c43e064,supervised_adapt,ts-travel2-service,0,0,0,2026-09-04T05:42:20Z,2026-09-04T05:57:20Z,True
tt06_6e9dc1dd14a895000c43e064,supervised_adapt,ts-ui-dashboard,0,0,0,2026-09-04T05:42:20Z,2026-09-04T05:57:20Z,True
tt06_6e9dc1dd14a895000c43e064,supervised_adapt,ts-user-service,0,0,0,2026-09-04T05:42:20Z,2026-09-04T05:57:20Z,True
tt06_6e9dc1dd14a895000c43e064,supervised_adapt,tsdb-mysql,546,180,270,2026-09-04T05:42:20Z,2026-09-04T05:57:20Z,True
tt06_8052035596543fb7f4bd10ad,supervised_adapt,nacos,0,0,0,2026-09-04T08:16:06Z,2026-09-04T08:31:06Z,True
tt06_8052035596543fb7f4bd10ad,supervised_adapt,nacosdb-mysql,547,181,270,2026-09-04T08:16:06Z,2026-09-04T08:31:06Z,True
tt06_8052035596543fb7f4bd10ad,supervised_adapt,rabbitmq,0,0,0,2026-09-04T08:16:06Z,2026-09-04T08:31:06Z,True
tt06_8052035596543fb7f4bd10ad,supervised_adapt,ts-auth-service,0,0,0,2026-09-04T08:16:06Z,2026-09-04T08:31:06Z,True
tt06_8052035596543fb7f4bd10ad,supervised_adapt,ts-basic-service,0,0,0,2026-09-04T08:16:06Z,2026-09-04T08:31:06Z,True
tt06_8052035596543fb7f4bd10ad,supervised_adapt,ts-config-service,0,0,0,2026-09-04T08:16:06Z,2026-09-04T08:31:06Z,True
tt06_8052035596543fb7f4bd10ad,supervised_adapt,ts-contacts-service,0,0,0,2026-09-04T08:16:06Z,2026-09-04T08:31:06Z,True
tt06_8052035596543fb7f4bd10ad,supervised_adapt,ts-gateway-service,0,0,0,2026-09-04T08:16:06Z,2026-09-04T08:31:06Z,True
tt06_8052035596543fb7f4bd10ad,supervised_adapt,ts-order-other-service,0,0,0,2026-09-04T08:16:06Z,2026-09-04T08:31:06Z,True
tt06_8052035596543fb7f4bd10ad,supervised_adapt,ts-order-service,0,0,0,2026-09-04T08:16:06Z,2026-09-04T08:31:06Z,True
tt06_8052035596543fb7f4bd10ad,supervised_adapt,ts-price-service,40,16,24,2026-09-04T08:16:06Z,2026-09-04T08:31:06Z,True
tt06_8052035596543fb7f4bd10ad,supervised_adapt,ts-route-service,20,8,12,2026-09-04T08:16:06Z,2026-09-04T08:31:06Z,True
tt06_8052035596543fb7f4bd10ad,supervised_adapt,ts-seat-service,0,0,0,2026-09-04T08:16:06Z,2026-09-04T08:31:06Z,True
tt06_8052035596543fb7f4bd10ad,supervised_adapt,ts-station-service,741,0,522,2026-09-04T08:16:06Z,2026-09-04T08:31:06Z,True
tt06_8052035596543fb7f4bd10ad,supervised_adapt,ts-train-service,80,32,48,2026-09-04T08:16:06Z,2026-09-04T08:31:06Z,True
tt06_8052035596543fb7f4bd10ad,supervised_adapt,ts-travel-service,0,0,0,2026-09-04T08:16:06Z,2026-09-04T08:31:06Z,True
tt06_8052035596543fb7f4bd10ad,supervised_adapt,ts-travel2-service,0,0,0,2026-09-04T08:16:06Z,2026-09-04T08:31:06Z,True
tt06_8052035596543fb7f4bd10ad,supervised_adapt,ts-ui-dashboard,0,0,0,2026-09-04T08:16:06Z,2026-09-04T08:31:06Z,True
tt06_8052035596543fb7f4bd10ad,supervised_adapt,ts-user-service,0,0,0,2026-09-04T08:16:06Z,2026-09-04T08:31:06Z,True
tt06_8052035596543fb7f4bd10ad,supervised_adapt,tsdb-mysql,546,180,270,2026-09-04T08:16:06Z,2026-09-04T08:31:06Z,True
tt06_868b8070bcada9e9b53140f3,supervised_adapt,nacos,0,0,0,2026-07-30T16:35:30.165060+00:00,2026-07-30T16:50:30Z,True
tt06_868b8070bcada9e9b53140f3,supervised_adapt,nacosdb-mysql,547,180,270,2026-07-30T16:35:30.165060+00:00,2026-07-30T16:50:30Z,True
tt06_868b8070bcada9e9b53140f3,supervised_adapt,rabbitmq,0,0,0,2026-07-30T16:35:30.165060+00:00,2026-07-30T16:50:30Z,True
tt06_868b8070bcada9e9b53140f3,supervised_adapt,ts-auth-service,0,0,0,2026-07-30T16:35:30.165060+00:00,2026-07-30T16:50:30Z,True
tt06_868b8070bcada9e9b53140f3,supervised_adapt,ts-basic-service,0,0,0,2026-07-30T16:35:30.165060+00:00,2026-07-30T16:50:30Z,True
tt06_868b8070bcada9e9b53140f3,supervised_adapt,ts-config-service,0,0,0,2026-07-30T16:35:30.165060+00:00,2026-07-30T16:50:30Z,True
tt06_868b8070bcada9e9b53140f3,supervised_adapt,ts-contacts-service,0,0,0,2026-07-30T16:35:30.165060+00:00,2026-07-30T16:50:30Z,True
tt06_868b8070bcada9e9b53140f3,supervised_adapt,ts-gateway-service,0,0,0,2026-07-30T16:35:30.165060+00:00,2026-07-30T16:50:30Z,True
tt06_868b8070bcada9e9b53140f3,supervised_adapt,ts-order-other-service,0,0,0,2026-07-30T16:35:30.165060+00:00,2026-07-30T16:50:30Z,True
tt06_868b8070bcada9e9b53140f3,supervised_adapt,ts-order-service,0,0,0,2026-07-30T16:35:30.165060+00:00,2026-07-30T16:50:30Z,True
tt06_868b8070bcada9e9b53140f3,supervised_adapt,ts-price-service,130,48,80,2026-07-30T16:35:30.165060+00:00,2026-07-30T16:50:30Z,True
tt06_868b8070bcada9e9b53140f3,supervised_adapt,ts-route-service,61,24,36,2026-07-30T16:35:30.165060+00:00,2026-07-30T16:50:30Z,True
tt06_868b8070bcada9e9b53140f3,supervised_adapt,ts-seat-service,0,0,0,2026-07-30T16:35:30.165060+00:00,2026-07-30T16:50:30Z,True
tt06_868b8070bcada9e9b53140f3,supervised_adapt,ts-station-service,0,0,0,2026-07-30T16:35:30.165060+00:00,2026-07-30T16:50:30Z,True
tt06_868b8070bcada9e9b53140f3,supervised_adapt,ts-train-service,57,24,32,2026-07-30T16:35:30.165060+00:00,2026-07-30T16:50:30Z,True
tt06_868b8070bcada9e9b53140f3,supervised_adapt,ts-travel-service,0,0,0,2026-07-30T16:35:30.165060+00:00,2026-07-30T16:50:30Z,True
tt06_868b8070bcada9e9b53140f3,supervised_adapt,ts-travel2-service,0,0,0,2026-07-30T16:35:30.165060+00:00,2026-07-30T16:50:30Z,True
tt06_868b8070bcada9e9b53140f3,supervised_adapt,ts-ui-dashboard,0,0,0,2026-07-30T16:35:30.165060+00:00,2026-07-30T16:50:30Z,True
tt06_868b8070bcada9e9b53140f3,supervised_adapt,ts-user-service,0,0,0,2026-07-30T16:35:30.165060+00:00,2026-07-30T16:50:30Z,True
tt06_868b8070bcada9e9b53140f3,supervised_adapt,tsdb-mysql,546,180,270,2026-07-30T16:35:30.165060+00:00,2026-07-30T16:50:30Z,True
tt06_8a51d51632f0446b470dcef8,supervised_adapt,nacos,0,0,0,2026-09-04T21:01:15Z,2026-09-04T21:16:15Z,True
tt06_8a51d51632f0446b470dcef8,supervised_adapt,nacosdb-mysql,547,180,270,2026-09-04T21:01:15Z,2026-09-04T21:16:15Z,True
tt06_8a51d51632f0446b470dcef8,supervised_adapt,rabbitmq,0,0,0,2026-09-04T21:01:15Z,2026-09-04T21:16:15Z,True
tt06_8a51d51632f0446b470dcef8,supervised_adapt,ts-auth-service,0,0,0,2026-09-04T21:01:15Z,2026-09-04T21:16:15Z,True
tt06_8a51d51632f0446b470dcef8,supervised_adapt,ts-basic-service,0,0,0,2026-09-04T21:01:15Z,2026-09-04T21:16:15Z,True
tt06_8a51d51632f0446b470dcef8,supervised_adapt,ts-config-service,0,0,0,2026-09-04T21:01:15Z,2026-09-04T21:16:15Z,True
tt06_8a51d51632f0446b470dcef8,supervised_adapt,ts-contacts-service,0,0,0,2026-09-04T21:01:15Z,2026-09-04T21:16:15Z,True
tt06_8a51d51632f0446b470dcef8,supervised_adapt,ts-gateway-service,0,0,0,2026-09-04T21:01:15Z,2026-09-04T21:16:15Z,True
tt06_8a51d51632f0446b470dcef8,supervised_adapt,ts-order-other-service,0,0,0,2026-09-04T21:01:15Z,2026-09-04T21:16:15Z,True
tt06_8a51d51632f0446b470dcef8,supervised_adapt,ts-order-service,0,0,0,2026-09-04T21:01:15Z,2026-09-04T21:16:15Z,True
tt06_8a51d51632f0446b470dcef8,supervised_adapt,ts-price-service,40,16,24,2026-09-04T21:01:15Z,2026-09-04T21:16:15Z,True
tt06_8a51d51632f0446b470dcef8,supervised_adapt,ts-route-service,20,8,12,2026-09-04T21:01:15Z,2026-09-04T21:16:15Z,True
tt06_8a51d51632f0446b470dcef8,supervised_adapt,ts-seat-service,0,0,0,2026-09-04T21:01:15Z,2026-09-04T21:16:15Z,True
tt06_8a51d51632f0446b470dcef8,supervised_adapt,ts-station-service,0,0,0,2026-09-04T21:01:15Z,2026-09-04T21:16:15Z,True
tt06_8a51d51632f0446b470dcef8,supervised_adapt,ts-train-service,47,32,15,2026-09-04T21:01:15Z,2026-09-04T21:16:15Z,True
tt06_8a51d51632f0446b470dcef8,supervised_adapt,ts-travel-service,0,0,0,2026-09-04T21:01:15Z,2026-09-04T21:16:15Z,True
tt06_8a51d51632f0446b470dcef8,supervised_adapt,ts-travel2-service,0,0,0,2026-09-04T21:01:15Z,2026-09-04T21:16:15Z,True
tt06_8a51d51632f0446b470dcef8,supervised_adapt,ts-ui-dashboard,0,0,0,2026-09-04T21:01:15Z,2026-09-04T21:16:15Z,True
tt06_8a51d51632f0446b470dcef8,supervised_adapt,ts-user-service,0,0,0,2026-09-04T21:01:15Z,2026-09-04T21:16:15Z,True
tt06_8a51d51632f0446b470dcef8,supervised_adapt,tsdb-mysql,547,180,270,2026-09-04T21:01:15Z,2026-09-04T21:16:15Z,True
tt06_8f9450b8e4a88626a0fcd204,supervised_adapt,nacos,0,0,0,2026-09-04T12:06:08.534347+00:00,2026-09-04T12:21:08Z,True
tt06_8f9450b8e4a88626a0fcd204,supervised_adapt,nacosdb-mysql,547,180,270,2026-09-04T12:06:08.534347+00:00,2026-09-04T12:21:08Z,True
tt06_8f9450b8e4a88626a0fcd204,supervised_adapt,rabbitmq,0,0,0,2026-09-04T12:06:08.534347+00:00,2026-09-04T12:21:08Z,True
tt06_8f9450b8e4a88626a0fcd204,supervised_adapt,ts-auth-service,0,0,0,2026-09-04T12:06:08.534347+00:00,2026-09-04T12:21:08Z,True
tt06_8f9450b8e4a88626a0fcd204,supervised_adapt,ts-basic-service,0,0,0,2026-09-04T12:06:08.534347+00:00,2026-09-04T12:21:08Z,True
tt06_8f9450b8e4a88626a0fcd204,supervised_adapt,ts-config-service,0,0,0,2026-09-04T12:06:08.534347+00:00,2026-09-04T12:21:08Z,True
tt06_8f9450b8e4a88626a0fcd204,supervised_adapt,ts-contacts-service,0,0,0,2026-09-04T12:06:08.534347+00:00,2026-09-04T12:21:08Z,True
tt06_8f9450b8e4a88626a0fcd204,supervised_adapt,ts-gateway-service,0,0,0,2026-09-04T12:06:08.534347+00:00,2026-09-04T12:21:08Z,True
tt06_8f9450b8e4a88626a0fcd204,supervised_adapt,ts-order-other-service,0,0,0,2026-09-04T12:06:08.534347+00:00,2026-09-04T12:21:08Z,True
tt06_8f9450b8e4a88626a0fcd204,supervised_adapt,ts-order-service,0,0,0,2026-09-04T12:06:08.534347+00:00,2026-09-04T12:21:08Z,True
tt06_8f9450b8e4a88626a0fcd204,supervised_adapt,ts-price-service,42,16,24,2026-09-04T12:06:08.534347+00:00,2026-09-04T12:21:08Z,True
tt06_8f9450b8e4a88626a0fcd204,supervised_adapt,ts-route-service,21,8,12,2026-09-04T12:06:08.534347+00:00,2026-09-04T12:21:08Z,True
tt06_8f9450b8e4a88626a0fcd204,supervised_adapt,ts-seat-service,0,0,0,2026-09-04T12:06:08.534347+00:00,2026-09-04T12:21:08Z,True
tt06_8f9450b8e4a88626a0fcd204,supervised_adapt,ts-station-service,0,0,0,2026-09-04T12:06:08.534347+00:00,2026-09-04T12:21:08Z,True
tt06_8f9450b8e4a88626a0fcd204,supervised_adapt,ts-train-service,154,32,48,2026-09-04T12:06:08.534347+00:00,2026-09-04T12:21:08Z,True
tt06_8f9450b8e4a88626a0fcd204,supervised_adapt,ts-travel-service,0,0,0,2026-09-04T12:06:08.534347+00:00,2026-09-04T12:21:08Z,True
tt06_8f9450b8e4a88626a0fcd204,supervised_adapt,ts-travel2-service,0,0,0,2026-09-04T12:06:08.534347+00:00,2026-09-04T12:21:08Z,True
tt06_8f9450b8e4a88626a0fcd204,supervised_adapt,ts-ui-dashboard,0,0,0,2026-09-04T12:06:08.534347+00:00,2026-09-04T12:21:08Z,True
tt06_8f9450b8e4a88626a0fcd204,supervised_adapt,ts-user-service,0,0,0,2026-09-04T12:06:08.534347+00:00,2026-09-04T12:21:08Z,True
tt06_8f9450b8e4a88626a0fcd204,supervised_adapt,tsdb-mysql,548,182,270,2026-09-04T12:06:08.534347+00:00,2026-09-04T12:21:08Z,True
tt06_95db5241bfdb00ab3d2eb3bc,supervised_adapt,nacos,0,0,0,2026-09-05T02:51:26.606634+00:00,2026-09-05T03:06:26Z,True
tt06_95db5241bfdb00ab3d2eb3bc,supervised_adapt,nacosdb-mysql,548,180,270,2026-09-05T02:51:26.606634+00:00,2026-09-05T03:06:26Z,True
tt06_95db5241bfdb00ab3d2eb3bc,supervised_adapt,rabbitmq,0,0,0,2026-09-05T02:51:26.606634+00:00,2026-09-05T03:06:26Z,True
tt06_95db5241bfdb00ab3d2eb3bc,supervised_adapt,ts-auth-service,0,0,0,2026-09-05T02:51:26.606634+00:00,2026-09-05T03:06:26Z,True
tt06_95db5241bfdb00ab3d2eb3bc,supervised_adapt,ts-basic-service,0,0,0,2026-09-05T02:51:26.606634+00:00,2026-09-05T03:06:26Z,True
tt06_95db5241bfdb00ab3d2eb3bc,supervised_adapt,ts-config-service,0,0,0,2026-09-05T02:51:26.606634+00:00,2026-09-05T03:06:26Z,True
tt06_95db5241bfdb00ab3d2eb3bc,supervised_adapt,ts-contacts-service,0,0,0,2026-09-05T02:51:26.606634+00:00,2026-09-05T03:06:26Z,True
tt06_95db5241bfdb00ab3d2eb3bc,supervised_adapt,ts-gateway-service,0,0,0,2026-09-05T02:51:26.606634+00:00,2026-09-05T03:06:26Z,True
tt06_95db5241bfdb00ab3d2eb3bc,supervised_adapt,ts-order-other-service,0,0,0,2026-09-05T02:51:26.606634+00:00,2026-09-05T03:06:26Z,True
tt06_95db5241bfdb00ab3d2eb3bc,supervised_adapt,ts-order-service,0,0,0,2026-09-05T02:51:26.606634+00:00,2026-09-05T03:06:26Z,True
tt06_95db5241bfdb00ab3d2eb3bc,supervised_adapt,ts-price-service,207,48,80,2026-09-05T02:51:26.606634+00:00,2026-09-05T03:06:26Z,True
tt06_95db5241bfdb00ab3d2eb3bc,supervised_adapt,ts-route-service,61,24,36,2026-09-05T02:51:26.606634+00:00,2026-09-05T03:06:26Z,True
tt06_95db5241bfdb00ab3d2eb3bc,supervised_adapt,ts-seat-service,0,0,0,2026-09-05T02:51:26.606634+00:00,2026-09-05T03:06:26Z,True
tt06_95db5241bfdb00ab3d2eb3bc,supervised_adapt,ts-station-service,0,0,0,2026-09-05T02:51:26.606634+00:00,2026-09-05T03:06:26Z,True
tt06_95db5241bfdb00ab3d2eb3bc,supervised_adapt,ts-train-service,57,24,32,2026-09-05T02:51:26.606634+00:00,2026-09-05T03:06:26Z,True
tt06_95db5241bfdb00ab3d2eb3bc,supervised_adapt,ts-travel-service,0,0,0,2026-09-05T02:51:26.606634+00:00,2026-09-05T03:06:26Z,True
tt06_95db5241bfdb00ab3d2eb3bc,supervised_adapt,ts-travel2-service,0,0,0,2026-09-05T02:51:26.606634+00:00,2026-09-05T03:06:26Z,True
tt06_95db5241bfdb00ab3d2eb3bc,supervised_adapt,ts-ui-dashboard,0,0,0,2026-09-05T02:51:26.606634+00:00,2026-09-05T03:06:26Z,True
tt06_95db5241bfdb00ab3d2eb3bc,supervised_adapt,ts-user-service,0,0,0,2026-09-05T02:51:26.606634+00:00,2026-09-05T03:06:26Z,True
tt06_95db5241bfdb00ab3d2eb3bc,supervised_adapt,tsdb-mysql,548,180,270,2026-09-05T02:51:26.606634+00:00,2026-09-05T03:06:26Z,True
tt06_99851423162516b5f867fe3f,supervised_adapt,nacos,0,0,0,2026-09-04T19:46:50.303712+00:00,2026-09-04T20:01:50Z,True
tt06_99851423162516b5f867fe3f,supervised_adapt,nacosdb-mysql,547,180,269,2026-09-04T19:46:50.303712+00:00,2026-09-04T20:01:50Z,True
tt06_99851423162516b5f867fe3f,supervised_adapt,rabbitmq,0,0,0,2026-09-04T19:46:50.303712+00:00,2026-09-04T20:01:50Z,True
tt06_99851423162516b5f867fe3f,supervised_adapt,ts-auth-service,0,0,0,2026-09-04T19:46:50.303712+00:00,2026-09-04T20:01:50Z,True
tt06_99851423162516b5f867fe3f,supervised_adapt,ts-basic-service,0,0,0,2026-09-04T19:46:50.303712+00:00,2026-09-04T20:01:50Z,True
tt06_99851423162516b5f867fe3f,supervised_adapt,ts-config-service,0,0,0,2026-09-04T19:46:50.303712+00:00,2026-09-04T20:01:50Z,True
tt06_99851423162516b5f867fe3f,supervised_adapt,ts-contacts-service,0,0,0,2026-09-04T19:46:50.303712+00:00,2026-09-04T20:01:50Z,True
tt06_99851423162516b5f867fe3f,supervised_adapt,ts-gateway-service,0,0,0,2026-09-04T19:46:50.303712+00:00,2026-09-04T20:01:50Z,True
tt06_99851423162516b5f867fe3f,supervised_adapt,ts-order-other-service,0,0,0,2026-09-04T19:46:50.303712+00:00,2026-09-04T20:01:50Z,True
tt06_99851423162516b5f867fe3f,supervised_adapt,ts-order-service,0,0,0,2026-09-04T19:46:50.303712+00:00,2026-09-04T20:01:50Z,True
tt06_99851423162516b5f867fe3f,supervised_adapt,ts-price-service,42,16,24,2026-09-04T19:46:50.303712+00:00,2026-09-04T20:01:50Z,True
tt06_99851423162516b5f867fe3f,supervised_adapt,ts-route-service,21,8,12,2026-09-04T19:46:50.303712+00:00,2026-09-04T20:01:50Z,True
tt06_99851423162516b5f867fe3f,supervised_adapt,ts-seat-service,0,0,0,2026-09-04T19:46:50.303712+00:00,2026-09-04T20:01:50Z,True
tt06_99851423162516b5f867fe3f,supervised_adapt,ts-station-service,0,0,0,2026-09-04T19:46:50.303712+00:00,2026-09-04T20:01:50Z,True
tt06_99851423162516b5f867fe3f,supervised_adapt,ts-train-service,81,32,48,2026-09-04T19:46:50.303712+00:00,2026-09-04T20:01:50Z,True
tt06_99851423162516b5f867fe3f,supervised_adapt,ts-travel-service,0,0,0,2026-09-04T19:46:50.303712+00:00,2026-09-04T20:01:50Z,True
tt06_99851423162516b5f867fe3f,supervised_adapt,ts-travel2-service,0,0,0,2026-09-04T19:46:50.303712+00:00,2026-09-04T20:01:50Z,True
tt06_99851423162516b5f867fe3f,supervised_adapt,ts-ui-dashboard,0,0,0,2026-09-04T19:46:50.303712+00:00,2026-09-04T20:01:50Z,True
tt06_99851423162516b5f867fe3f,supervised_adapt,ts-user-service,0,0,0,2026-09-04T19:46:50.303712+00:00,2026-09-04T20:01:50Z,True
tt06_99851423162516b5f867fe3f,supervised_adapt,tsdb-mysql,547,180,270,2026-09-04T19:46:50.303712+00:00,2026-09-04T20:01:50Z,True
tt06_a21d17cafa7cb897d51fa301,supervised_adapt,nacos,0,0,0,2026-09-04T23:35:09Z,2026-09-04T23:50:09Z,True
tt06_a21d17cafa7cb897d51fa301,supervised_adapt,nacosdb-mysql,548,180,270,2026-09-04T23:35:09Z,2026-09-04T23:50:09Z,True
tt06_a21d17cafa7cb897d51fa301,supervised_adapt,rabbitmq,0,0,0,2026-09-04T23:35:09Z,2026-09-04T23:50:09Z,True
tt06_a21d17cafa7cb897d51fa301,supervised_adapt,ts-auth-service,0,0,0,2026-09-04T23:35:09Z,2026-09-04T23:50:09Z,True
tt06_a21d17cafa7cb897d51fa301,supervised_adapt,ts-basic-service,0,0,0,2026-09-04T23:35:09Z,2026-09-04T23:50:09Z,True
tt06_a21d17cafa7cb897d51fa301,supervised_adapt,ts-config-service,0,0,0,2026-09-04T23:35:09Z,2026-09-04T23:50:09Z,True
tt06_a21d17cafa7cb897d51fa301,supervised_adapt,ts-contacts-service,0,0,0,2026-09-04T23:35:09Z,2026-09-04T23:50:09Z,True
tt06_a21d17cafa7cb897d51fa301,supervised_adapt,ts-gateway-service,12,0,12,2026-09-04T23:35:09Z,2026-09-04T23:50:09Z,True
tt06_a21d17cafa7cb897d51fa301,supervised_adapt,ts-order-other-service,0,0,0,2026-09-04T23:35:09Z,2026-09-04T23:50:09Z,True
tt06_a21d17cafa7cb897d51fa301,supervised_adapt,ts-order-service,0,0,0,2026-09-04T23:35:09Z,2026-09-04T23:50:09Z,True
tt06_a21d17cafa7cb897d51fa301,supervised_adapt,ts-price-service,30,30,0,2026-09-04T23:35:09Z,2026-09-04T23:50:09Z,True
tt06_a21d17cafa7cb897d51fa301,supervised_adapt,ts-route-service,15,15,0,2026-09-04T23:35:09Z,2026-09-04T23:50:09Z,True
tt06_a21d17cafa7cb897d51fa301,supervised_adapt,ts-seat-service,0,0,0,2026-09-04T23:35:09Z,2026-09-04T23:50:09Z,True
tt06_a21d17cafa7cb897d51fa301,supervised_adapt,ts-station-service,0,0,0,2026-09-04T23:35:09Z,2026-09-04T23:50:09Z,True
tt06_a21d17cafa7cb897d51fa301,supervised_adapt,ts-train-service,15,15,0,2026-09-04T23:35:09Z,2026-09-04T23:50:09Z,True
tt06_a21d17cafa7cb897d51fa301,supervised_adapt,ts-travel-service,0,0,0,2026-09-04T23:35:09Z,2026-09-04T23:50:09Z,True
tt06_a21d17cafa7cb897d51fa301,supervised_adapt,ts-travel2-service,0,0,0,2026-09-04T23:35:09Z,2026-09-04T23:50:09Z,True
tt06_a21d17cafa7cb897d51fa301,supervised_adapt,ts-ui-dashboard,0,0,0,2026-09-04T23:35:09Z,2026-09-04T23:50:09Z,True
tt06_a21d17cafa7cb897d51fa301,supervised_adapt,ts-user-service,0,0,0,2026-09-04T23:35:09Z,2026-09-04T23:50:09Z,True
tt06_a21d17cafa7cb897d51fa301,supervised_adapt,tsdb-mysql,549,181,270,2026-09-04T23:35:09Z,2026-09-04T23:50:09Z,True
tt06_a291b372c27898d85493c540,supervised_adapt,nacos,0,0,0,2026-09-04T17:13:03.082400+00:00,2026-09-04T17:28:03Z,True
tt06_a291b372c27898d85493c540,supervised_adapt,nacosdb-mysql,548,180,270,2026-09-04T17:13:03.082400+00:00,2026-09-04T17:28:03Z,True
tt06_a291b372c27898d85493c540,supervised_adapt,rabbitmq,0,0,0,2026-09-04T17:13:03.082400+00:00,2026-09-04T17:28:03Z,True
tt06_a291b372c27898d85493c540,supervised_adapt,ts-auth-service,0,0,0,2026-09-04T17:13:03.082400+00:00,2026-09-04T17:28:03Z,True
tt06_a291b372c27898d85493c540,supervised_adapt,ts-basic-service,0,0,0,2026-09-04T17:13:03.082400+00:00,2026-09-04T17:28:03Z,True
tt06_a291b372c27898d85493c540,supervised_adapt,ts-config-service,0,0,0,2026-09-04T17:13:03.082400+00:00,2026-09-04T17:28:03Z,True
tt06_a291b372c27898d85493c540,supervised_adapt,ts-contacts-service,0,0,0,2026-09-04T17:13:03.082400+00:00,2026-09-04T17:28:03Z,True
tt06_a291b372c27898d85493c540,supervised_adapt,ts-gateway-service,0,0,0,2026-09-04T17:13:03.082400+00:00,2026-09-04T17:28:03Z,True
tt06_a291b372c27898d85493c540,supervised_adapt,ts-order-other-service,0,0,0,2026-09-04T17:13:03.082400+00:00,2026-09-04T17:28:03Z,True
tt06_a291b372c27898d85493c540,supervised_adapt,ts-order-service,0,0,0,2026-09-04T17:13:03.082400+00:00,2026-09-04T17:28:03Z,True
tt06_a291b372c27898d85493c540,supervised_adapt,ts-price-service,42,16,24,2026-09-04T17:13:03.082400+00:00,2026-09-04T17:28:03Z,True
tt06_a291b372c27898d85493c540,supervised_adapt,ts-route-service,81,32,48,2026-09-04T17:13:03.082400+00:00,2026-09-04T17:28:03Z,True
tt06_a291b372c27898d85493c540,supervised_adapt,ts-seat-service,0,0,0,2026-09-04T17:13:03.082400+00:00,2026-09-04T17:28:03Z,True
tt06_a291b372c27898d85493c540,supervised_adapt,ts-station-service,0,0,0,2026-09-04T17:13:03.082400+00:00,2026-09-04T17:28:03Z,True
tt06_a291b372c27898d85493c540,supervised_adapt,ts-train-service,21,8,12,2026-09-04T17:13:03.082400+00:00,2026-09-04T17:28:03Z,True
tt06_a291b372c27898d85493c540,supervised_adapt,ts-travel-service,0,0,0,2026-09-04T17:13:03.082400+00:00,2026-09-04T17:28:03Z,True
tt06_a291b372c27898d85493c540,supervised_adapt,ts-travel2-service,0,0,0,2026-09-04T17:13:03.082400+00:00,2026-09-04T17:28:03Z,True
tt06_a291b372c27898d85493c540,supervised_adapt,ts-ui-dashboard,0,0,0,2026-09-04T17:13:03.082400+00:00,2026-09-04T17:28:03Z,True
tt06_a291b372c27898d85493c540,supervised_adapt,ts-user-service,0,0,0,2026-09-04T17:13:03.082400+00:00,2026-09-04T17:28:03Z,True
tt06_a291b372c27898d85493c540,supervised_adapt,tsdb-mysql,547,181,270,2026-09-04T17:13:03.082400+00:00,2026-09-04T17:28:03Z,True
tt06_a3eb3ee1bc0467bc59919b71,supervised_adapt,nacos,0,0,0,2026-09-04T11:23:47Z,2026-09-04T11:38:47Z,True
tt06_a3eb3ee1bc0467bc59919b71,supervised_adapt,nacosdb-mysql,547,180,270,2026-09-04T11:23:47Z,2026-09-04T11:38:47Z,True
tt06_a3eb3ee1bc0467bc59919b71,supervised_adapt,rabbitmq,0,0,0,2026-09-04T11:23:47Z,2026-09-04T11:38:47Z,True
tt06_a3eb3ee1bc0467bc59919b71,supervised_adapt,ts-auth-service,0,0,0,2026-09-04T11:23:47Z,2026-09-04T11:38:47Z,True
tt06_a3eb3ee1bc0467bc59919b71,supervised_adapt,ts-basic-service,0,0,0,2026-09-04T11:23:47Z,2026-09-04T11:38:47Z,True
tt06_a3eb3ee1bc0467bc59919b71,supervised_adapt,ts-config-service,0,0,0,2026-09-04T11:23:47Z,2026-09-04T11:38:47Z,True
tt06_a3eb3ee1bc0467bc59919b71,supervised_adapt,ts-contacts-service,0,0,0,2026-09-04T11:23:47Z,2026-09-04T11:38:47Z,True
tt06_a3eb3ee1bc0467bc59919b71,supervised_adapt,ts-gateway-service,0,0,0,2026-09-04T11:23:47Z,2026-09-04T11:38:47Z,True
tt06_a3eb3ee1bc0467bc59919b71,supervised_adapt,ts-order-other-service,0,0,0,2026-09-04T11:23:47Z,2026-09-04T11:38:47Z,True
tt06_a3eb3ee1bc0467bc59919b71,supervised_adapt,ts-order-service,0,0,0,2026-09-04T11:23:47Z,2026-09-04T11:38:47Z,True
tt06_a3eb3ee1bc0467bc59919b71,supervised_adapt,ts-price-service,40,16,24,2026-09-04T11:23:47Z,2026-09-04T11:38:47Z,True
tt06_a3eb3ee1bc0467bc59919b71,supervised_adapt,ts-route-service,20,8,12,2026-09-04T11:23:47Z,2026-09-04T11:38:47Z,True
tt06_a3eb3ee1bc0467bc59919b71,supervised_adapt,ts-seat-service,0,0,0,2026-09-04T11:23:47Z,2026-09-04T11:38:47Z,True
tt06_a3eb3ee1bc0467bc59919b71,supervised_adapt,ts-station-service,0,0,0,2026-09-04T11:23:47Z,2026-09-04T11:38:47Z,True
tt06_a3eb3ee1bc0467bc59919b71,supervised_adapt,ts-train-service,47,32,15,2026-09-04T11:23:47Z,2026-09-04T11:38:47Z,True
tt06_a3eb3ee1bc0467bc59919b71,supervised_adapt,ts-travel-service,0,0,0,2026-09-04T11:23:47Z,2026-09-04T11:38:47Z,True
tt06_a3eb3ee1bc0467bc59919b71,supervised_adapt,ts-travel2-service,0,0,0,2026-09-04T11:23:47Z,2026-09-04T11:38:47Z,True
tt06_a3eb3ee1bc0467bc59919b71,supervised_adapt,ts-ui-dashboard,0,0,0,2026-09-04T11:23:47Z,2026-09-04T11:38:47Z,True
tt06_a3eb3ee1bc0467bc59919b71,supervised_adapt,ts-user-service,0,0,0,2026-09-04T11:23:47Z,2026-09-04T11:38:47Z,True
tt06_a3eb3ee1bc0467bc59919b71,supervised_adapt,tsdb-mysql,547,180,270,2026-09-04T11:23:47Z,2026-09-04T11:38:47Z,True
tt06_bfad560f3fd4c4478e711823,supervised_adapt,nacos,0,0,0,2026-09-04T15:53:41Z,2026-09-04T16:08:41Z,True
tt06_bfad560f3fd4c4478e711823,supervised_adapt,nacosdb-mysql,548,182,270,2026-09-04T15:53:41Z,2026-09-04T16:08:41Z,True
tt06_bfad560f3fd4c4478e711823,supervised_adapt,rabbitmq,0,0,0,2026-09-04T15:53:41Z,2026-09-04T16:08:41Z,True
tt06_bfad560f3fd4c4478e711823,supervised_adapt,ts-auth-service,0,0,0,2026-09-04T15:53:41Z,2026-09-04T16:08:41Z,True
tt06_bfad560f3fd4c4478e711823,supervised_adapt,ts-basic-service,0,0,0,2026-09-04T15:53:41Z,2026-09-04T16:08:41Z,True
tt06_bfad560f3fd4c4478e711823,supervised_adapt,ts-config-service,0,0,0,2026-09-04T15:53:41Z,2026-09-04T16:08:41Z,True
tt06_bfad560f3fd4c4478e711823,supervised_adapt,ts-contacts-service,0,0,0,2026-09-04T15:53:41Z,2026-09-04T16:08:41Z,True
tt06_bfad560f3fd4c4478e711823,supervised_adapt,ts-gateway-service,6,0,6,2026-09-04T15:53:41Z,2026-09-04T16:08:41Z,True
tt06_bfad560f3fd4c4478e711823,supervised_adapt,ts-order-other-service,0,0,0,2026-09-04T15:53:41Z,2026-09-04T16:08:41Z,True
tt06_bfad560f3fd4c4478e711823,supervised_adapt,ts-order-service,0,0,0,2026-09-04T15:53:41Z,2026-09-04T16:08:41Z,True
tt06_bfad560f3fd4c4478e711823,supervised_adapt,ts-price-service,40,16,24,2026-09-04T15:53:41Z,2026-09-04T16:08:41Z,True
tt06_bfad560f3fd4c4478e711823,supervised_adapt,ts-route-service,47,32,15,2026-09-04T15:53:41Z,2026-09-04T16:08:41Z,True
tt06_bfad560f3fd4c4478e711823,supervised_adapt,ts-seat-service,0,0,0,2026-09-04T15:53:41Z,2026-09-04T16:08:41Z,True
tt06_bfad560f3fd4c4478e711823,supervised_adapt,ts-station-service,0,0,0,2026-09-04T15:53:41Z,2026-09-04T16:08:41Z,True
tt06_bfad560f3fd4c4478e711823,supervised_adapt,ts-train-service,20,8,12,2026-09-04T15:53:41Z,2026-09-04T16:08:41Z,True
tt06_bfad560f3fd4c4478e711823,supervised_adapt,ts-travel-service,0,0,0,2026-09-04T15:53:41Z,2026-09-04T16:08:41Z,True
tt06_bfad560f3fd4c4478e711823,supervised_adapt,ts-travel2-service,0,0,0,2026-09-04T15:53:41Z,2026-09-04T16:08:41Z,True
tt06_bfad560f3fd4c4478e711823,supervised_adapt,ts-ui-dashboard,0,0,0,2026-09-04T15:53:41Z,2026-09-04T16:08:41Z,True
tt06_bfad560f3fd4c4478e711823,supervised_adapt,ts-user-service,0,0,0,2026-09-04T15:53:41Z,2026-09-04T16:08:41Z,True
tt06_bfad560f3fd4c4478e711823,supervised_adapt,tsdb-mysql,548,180,270,2026-09-04T15:53:41Z,2026-09-04T16:08:41Z,True
tt06_c08c769fb72b80a3b00d6576,supervised_adapt,nacos,0,0,0,2026-07-30T17:49:54Z,2026-07-30T18:04:55Z,True
tt06_c08c769fb72b80a3b00d6576,supervised_adapt,nacosdb-mysql,547,180,270,2026-07-30T17:49:54Z,2026-07-30T18:04:55Z,True
tt06_c08c769fb72b80a3b00d6576,supervised_adapt,rabbitmq,0,0,0,2026-07-30T17:49:54Z,2026-07-30T18:04:55Z,True
tt06_c08c769fb72b80a3b00d6576,supervised_adapt,ts-auth-service,0,0,0,2026-07-30T17:49:54Z,2026-07-30T18:04:55Z,True
tt06_c08c769fb72b80a3b00d6576,supervised_adapt,ts-basic-service,0,0,0,2026-07-30T17:49:54Z,2026-07-30T18:04:55Z,True
tt06_c08c769fb72b80a3b00d6576,supervised_adapt,ts-config-service,0,0,0,2026-07-30T17:49:54Z,2026-07-30T18:04:55Z,True
tt06_c08c769fb72b80a3b00d6576,supervised_adapt,ts-contacts-service,0,0,0,2026-07-30T17:49:54Z,2026-07-30T18:04:55Z,True
tt06_c08c769fb72b80a3b00d6576,supervised_adapt,ts-gateway-service,0,0,0,2026-07-30T17:49:54Z,2026-07-30T18:04:55Z,True
tt06_c08c769fb72b80a3b00d6576,supervised_adapt,ts-order-other-service,0,0,0,2026-07-30T17:49:54Z,2026-07-30T18:04:55Z,True
tt06_c08c769fb72b80a3b00d6576,supervised_adapt,ts-order-service,0,0,0,2026-07-30T17:49:54Z,2026-07-30T18:04:55Z,True
tt06_c08c769fb72b80a3b00d6576,supervised_adapt,ts-price-service,63,48,15,2026-07-30T17:49:54Z,2026-07-30T18:04:55Z,True
tt06_c08c769fb72b80a3b00d6576,supervised_adapt,ts-route-service,60,24,36,2026-07-30T17:49:54Z,2026-07-30T18:04:55Z,True
tt06_c08c769fb72b80a3b00d6576,supervised_adapt,ts-seat-service,0,0,0,2026-07-30T17:49:54Z,2026-07-30T18:04:55Z,True
tt06_c08c769fb72b80a3b00d6576,supervised_adapt,ts-station-service,0,0,0,2026-07-30T17:49:54Z,2026-07-30T18:04:55Z,True
tt06_c08c769fb72b80a3b00d6576,supervised_adapt,ts-train-service,56,24,32,2026-07-30T17:49:54Z,2026-07-30T18:04:55Z,True
tt06_c08c769fb72b80a3b00d6576,supervised_adapt,ts-travel-service,0,0,0,2026-07-30T17:49:54Z,2026-07-30T18:04:55Z,True
tt06_c08c769fb72b80a3b00d6576,supervised_adapt,ts-travel2-service,0,0,0,2026-07-30T17:49:54Z,2026-07-30T18:04:55Z,True
tt06_c08c769fb72b80a3b00d6576,supervised_adapt,ts-ui-dashboard,0,0,0,2026-07-30T17:49:54Z,2026-07-30T18:04:55Z,True
tt06_c08c769fb72b80a3b00d6576,supervised_adapt,ts-user-service,0,0,0,2026-07-30T17:49:54Z,2026-07-30T18:04:55Z,True
tt06_c08c769fb72b80a3b00d6576,supervised_adapt,tsdb-mysql,548,181,270,2026-07-30T17:49:54Z,2026-07-30T18:04:55Z,True
tt06_c5ce18c5cfaf99c34ef602be,supervised_adapt,nacos,0,0,0,2026-09-04T13:57:39Z,2026-09-04T14:12:39Z,True
tt06_c5ce18c5cfaf99c34ef602be,supervised_adapt,nacosdb-mysql,548,180,270,2026-09-04T13:57:39Z,2026-09-04T14:12:39Z,True
tt06_c5ce18c5cfaf99c34ef602be,supervised_adapt,rabbitmq,0,0,0,2026-09-04T13:57:39Z,2026-09-04T14:12:39Z,True
tt06_c5ce18c5cfaf99c34ef602be,supervised_adapt,ts-auth-service,0,0,0,2026-09-04T13:57:39Z,2026-09-04T14:12:39Z,True
tt06_c5ce18c5cfaf99c34ef602be,supervised_adapt,ts-basic-service,0,0,0,2026-09-04T13:57:39Z,2026-09-04T14:12:39Z,True
tt06_c5ce18c5cfaf99c34ef602be,supervised_adapt,ts-config-service,0,0,0,2026-09-04T13:57:39Z,2026-09-04T14:12:39Z,True
tt06_c5ce18c5cfaf99c34ef602be,supervised_adapt,ts-contacts-service,0,0,0,2026-09-04T13:57:39Z,2026-09-04T14:12:39Z,True
tt06_c5ce18c5cfaf99c34ef602be,supervised_adapt,ts-gateway-service,12,0,12,2026-09-04T13:57:39Z,2026-09-04T14:12:39Z,True
tt06_c5ce18c5cfaf99c34ef602be,supervised_adapt,ts-order-other-service,0,0,0,2026-09-04T13:57:39Z,2026-09-04T14:12:39Z,True
tt06_c5ce18c5cfaf99c34ef602be,supervised_adapt,ts-order-service,0,0,0,2026-09-04T13:57:39Z,2026-09-04T14:12:39Z,True
tt06_c5ce18c5cfaf99c34ef602be,supervised_adapt,ts-price-service,30,30,0,2026-09-04T13:57:39Z,2026-09-04T14:12:39Z,True
tt06_c5ce18c5cfaf99c34ef602be,supervised_adapt,ts-route-service,15,15,0,2026-09-04T13:57:39Z,2026-09-04T14:12:39Z,True
tt06_c5ce18c5cfaf99c34ef602be,supervised_adapt,ts-seat-service,0,0,0,2026-09-04T13:57:39Z,2026-09-04T14:12:39Z,True
tt06_c5ce18c5cfaf99c34ef602be,supervised_adapt,ts-station-service,0,0,0,2026-09-04T13:57:39Z,2026-09-04T14:12:39Z,True
tt06_c5ce18c5cfaf99c34ef602be,supervised_adapt,ts-train-service,15,15,0,2026-09-04T13:57:39Z,2026-09-04T14:12:39Z,True
tt06_c5ce18c5cfaf99c34ef602be,supervised_adapt,ts-travel-service,0,0,0,2026-09-04T13:57:39Z,2026-09-04T14:12:39Z,True
tt06_c5ce18c5cfaf99c34ef602be,supervised_adapt,ts-travel2-service,0,0,0,2026-09-04T13:57:39Z,2026-09-04T14:12:39Z,True
tt06_c5ce18c5cfaf99c34ef602be,supervised_adapt,ts-ui-dashboard,0,0,0,2026-09-04T13:57:39Z,2026-09-04T14:12:39Z,True
tt06_c5ce18c5cfaf99c34ef602be,supervised_adapt,ts-user-service,0,0,0,2026-09-04T13:57:39Z,2026-09-04T14:12:39Z,True
tt06_c5ce18c5cfaf99c34ef602be,supervised_adapt,tsdb-mysql,548,180,270,2026-09-04T13:57:39Z,2026-09-04T14:12:39Z,True
tt06_cd5e17cef621f5610cccb3b2,supervised_adapt,nacos,0,0,0,2026-09-04T18:27:28Z,2026-09-04T18:42:28Z,True
tt06_cd5e17cef621f5610cccb3b2,supervised_adapt,nacosdb-mysql,548,180,270,2026-09-04T18:27:28Z,2026-09-04T18:42:28Z,True
tt06_cd5e17cef621f5610cccb3b2,supervised_adapt,rabbitmq,0,0,0,2026-09-04T18:27:28Z,2026-09-04T18:42:28Z,True
tt06_cd5e17cef621f5610cccb3b2,supervised_adapt,ts-auth-service,0,0,0,2026-09-04T18:27:28Z,2026-09-04T18:42:28Z,True
tt06_cd5e17cef621f5610cccb3b2,supervised_adapt,ts-basic-service,0,0,0,2026-09-04T18:27:28Z,2026-09-04T18:42:28Z,True
tt06_cd5e17cef621f5610cccb3b2,supervised_adapt,ts-config-service,0,0,0,2026-09-04T18:27:28Z,2026-09-04T18:42:28Z,True
tt06_cd5e17cef621f5610cccb3b2,supervised_adapt,ts-contacts-service,0,0,0,2026-09-04T18:27:28Z,2026-09-04T18:42:28Z,True
tt06_cd5e17cef621f5610cccb3b2,supervised_adapt,ts-gateway-service,0,0,0,2026-09-04T18:27:28Z,2026-09-04T18:42:28Z,True
tt06_cd5e17cef621f5610cccb3b2,supervised_adapt,ts-order-other-service,0,0,0,2026-09-04T18:27:28Z,2026-09-04T18:42:28Z,True
tt06_cd5e17cef621f5610cccb3b2,supervised_adapt,ts-order-service,0,0,0,2026-09-04T18:27:28Z,2026-09-04T18:42:28Z,True
tt06_cd5e17cef621f5610cccb3b2,supervised_adapt,ts-price-service,40,16,24,2026-09-04T18:27:28Z,2026-09-04T18:42:28Z,True
tt06_cd5e17cef621f5610cccb3b2,supervised_adapt,ts-route-service,20,8,12,2026-09-04T18:27:28Z,2026-09-04T18:42:28Z,True
tt06_cd5e17cef621f5610cccb3b2,supervised_adapt,ts-seat-service,0,0,0,2026-09-04T18:27:28Z,2026-09-04T18:42:28Z,True
tt06_cd5e17cef621f5610cccb3b2,supervised_adapt,ts-station-service,15,0,15,2026-09-04T18:27:28Z,2026-09-04T18:42:28Z,True
tt06_cd5e17cef621f5610cccb3b2,supervised_adapt,ts-train-service,80,32,48,2026-09-04T18:27:28Z,2026-09-04T18:42:28Z,True
tt06_cd5e17cef621f5610cccb3b2,supervised_adapt,ts-travel-service,0,0,0,2026-09-04T18:27:28Z,2026-09-04T18:42:28Z,True
tt06_cd5e17cef621f5610cccb3b2,supervised_adapt,ts-travel2-service,0,0,0,2026-09-04T18:27:28Z,2026-09-04T18:42:28Z,True
tt06_cd5e17cef621f5610cccb3b2,supervised_adapt,ts-ui-dashboard,0,0,0,2026-09-04T18:27:28Z,2026-09-04T18:42:28Z,True
tt06_cd5e17cef621f5610cccb3b2,supervised_adapt,ts-user-service,0,0,0,2026-09-04T18:27:28Z,2026-09-04T18:42:28Z,True
tt06_cd5e17cef621f5610cccb3b2,supervised_adapt,tsdb-mysql,548,181,270,2026-09-04T18:27:28Z,2026-09-04T18:42:28Z,True
tt06_dd7456ef64dd417c387ab6db,supervised_adapt,nacos,0,0,0,2026-09-04T07:35:36.451200+00:00,2026-09-04T07:50:36Z,True
tt06_dd7456ef64dd417c387ab6db,supervised_adapt,nacosdb-mysql,548,182,270,2026-09-04T07:35:36.451200+00:00,2026-09-04T07:50:36Z,True
tt06_dd7456ef64dd417c387ab6db,supervised_adapt,rabbitmq,0,0,0,2026-09-04T07:35:36.451200+00:00,2026-09-04T07:50:36Z,True
tt06_dd7456ef64dd417c387ab6db,supervised_adapt,ts-auth-service,0,0,0,2026-09-04T07:35:36.451200+00:00,2026-09-04T07:50:36Z,True
tt06_dd7456ef64dd417c387ab6db,supervised_adapt,ts-basic-service,0,0,0,2026-09-04T07:35:36.451200+00:00,2026-09-04T07:50:36Z,True
tt06_dd7456ef64dd417c387ab6db,supervised_adapt,ts-config-service,0,0,0,2026-09-04T07:35:36.451200+00:00,2026-09-04T07:50:36Z,True
tt06_dd7456ef64dd417c387ab6db,supervised_adapt,ts-contacts-service,0,0,0,2026-09-04T07:35:36.451200+00:00,2026-09-04T07:50:36Z,True
tt06_dd7456ef64dd417c387ab6db,supervised_adapt,ts-gateway-service,0,0,0,2026-09-04T07:35:36.451200+00:00,2026-09-04T07:50:36Z,True
tt06_dd7456ef64dd417c387ab6db,supervised_adapt,ts-order-other-service,0,0,0,2026-09-04T07:35:36.451200+00:00,2026-09-04T07:50:36Z,True
tt06_dd7456ef64dd417c387ab6db,supervised_adapt,ts-order-service,0,0,0,2026-09-04T07:35:36.451200+00:00,2026-09-04T07:50:36Z,True
tt06_dd7456ef64dd417c387ab6db,supervised_adapt,ts-price-service,42,16,24,2026-09-04T07:35:36.451200+00:00,2026-09-04T07:50:36Z,True
tt06_dd7456ef64dd417c387ab6db,supervised_adapt,ts-route-service,21,8,12,2026-09-04T07:35:36.451200+00:00,2026-09-04T07:50:36Z,True
tt06_dd7456ef64dd417c387ab6db,supervised_adapt,ts-seat-service,0,0,0,2026-09-04T07:35:36.451200+00:00,2026-09-04T07:50:36Z,True
tt06_dd7456ef64dd417c387ab6db,supervised_adapt,ts-station-service,0,0,0,2026-09-04T07:35:36.451200+00:00,2026-09-04T07:50:36Z,True
tt06_dd7456ef64dd417c387ab6db,supervised_adapt,ts-train-service,81,32,48,2026-09-04T07:35:36.451200+00:00,2026-09-04T07:50:36Z,True
tt06_dd7456ef64dd417c387ab6db,supervised_adapt,ts-travel-service,0,0,0,2026-09-04T07:35:36.451200+00:00,2026-09-04T07:50:36Z,True
tt06_dd7456ef64dd417c387ab6db,supervised_adapt,ts-travel2-service,0,0,0,2026-09-04T07:35:36.451200+00:00,2026-09-04T07:50:36Z,True
tt06_dd7456ef64dd417c387ab6db,supervised_adapt,ts-ui-dashboard,0,0,0,2026-09-04T07:35:36.451200+00:00,2026-09-04T07:50:36Z,True
tt06_dd7456ef64dd417c387ab6db,supervised_adapt,ts-user-service,0,0,0,2026-09-04T07:35:36.451200+00:00,2026-09-04T07:50:36Z,True
tt06_dd7456ef64dd417c387ab6db,supervised_adapt,tsdb-mysql,548,180,270,2026-09-04T07:35:36.451200+00:00,2026-09-04T07:50:36Z,True
tt06_e9f259b0a38ed46de8bd8bf9,supervised_adapt,nacos,0,0,0,2026-09-05T01:35:10Z,2026-09-05T01:50:10Z,True
tt06_e9f259b0a38ed46de8bd8bf9,supervised_adapt,nacosdb-mysql,546,180,270,2026-09-05T01:35:10Z,2026-09-05T01:50:10Z,True
tt06_e9f259b0a38ed46de8bd8bf9,supervised_adapt,rabbitmq,0,0,0,2026-09-05T01:35:10Z,2026-09-05T01:50:10Z,True
tt06_e9f259b0a38ed46de8bd8bf9,supervised_adapt,ts-auth-service,0,0,0,2026-09-05T01:35:10Z,2026-09-05T01:50:10Z,True
tt06_e9f259b0a38ed46de8bd8bf9,supervised_adapt,ts-basic-service,0,0,0,2026-09-05T01:35:10Z,2026-09-05T01:50:10Z,True
tt06_e9f259b0a38ed46de8bd8bf9,supervised_adapt,ts-config-service,0,0,0,2026-09-05T01:35:10Z,2026-09-05T01:50:10Z,True
tt06_e9f259b0a38ed46de8bd8bf9,supervised_adapt,ts-contacts-service,0,0,0,2026-09-05T01:35:10Z,2026-09-05T01:50:10Z,True
tt06_e9f259b0a38ed46de8bd8bf9,supervised_adapt,ts-gateway-service,0,0,0,2026-09-05T01:35:10Z,2026-09-05T01:50:10Z,True
tt06_e9f259b0a38ed46de8bd8bf9,supervised_adapt,ts-order-other-service,0,0,0,2026-09-05T01:35:10Z,2026-09-05T01:50:10Z,True
tt06_e9f259b0a38ed46de8bd8bf9,supervised_adapt,ts-order-service,0,0,0,2026-09-05T01:35:10Z,2026-09-05T01:50:10Z,True
tt06_e9f259b0a38ed46de8bd8bf9,supervised_adapt,ts-price-service,9301,48,7824,2026-09-05T01:35:10Z,2026-09-05T01:50:10Z,True
tt06_e9f259b0a38ed46de8bd8bf9,supervised_adapt,ts-route-service,60,24,36,2026-09-05T01:35:10Z,2026-09-05T01:50:10Z,True
tt06_e9f259b0a38ed46de8bd8bf9,supervised_adapt,ts-seat-service,0,0,0,2026-09-05T01:35:10Z,2026-09-05T01:50:10Z,True
tt06_e9f259b0a38ed46de8bd8bf9,supervised_adapt,ts-station-service,0,0,0,2026-09-05T01:35:10Z,2026-09-05T01:50:10Z,True
tt06_e9f259b0a38ed46de8bd8bf9,supervised_adapt,ts-train-service,56,24,32,2026-09-05T01:35:10Z,2026-09-05T01:50:10Z,True
tt06_e9f259b0a38ed46de8bd8bf9,supervised_adapt,ts-travel-service,0,0,0,2026-09-05T01:35:10Z,2026-09-05T01:50:10Z,True
tt06_e9f259b0a38ed46de8bd8bf9,supervised_adapt,ts-travel2-service,0,0,0,2026-09-05T01:35:10Z,2026-09-05T01:50:10Z,True
tt06_e9f259b0a38ed46de8bd8bf9,supervised_adapt,ts-ui-dashboard,0,0,0,2026-09-05T01:35:10Z,2026-09-05T01:50:10Z,True
tt06_e9f259b0a38ed46de8bd8bf9,supervised_adapt,ts-user-service,0,0,0,2026-09-05T01:35:10Z,2026-09-05T01:50:10Z,True
tt06_e9f259b0a38ed46de8bd8bf9,supervised_adapt,tsdb-mysql,546,180,270,2026-09-05T01:35:10Z,2026-09-05T01:50:10Z,True
tt06_eace9706c63b4f97e216bc11,supervised_adapt,nacos,0,0,0,2026-09-05T02:09:04Z,2026-09-05T02:24:04Z,True
tt06_eace9706c63b4f97e216bc11,supervised_adapt,nacosdb-mysql,547,180,270,2026-09-05T02:09:04Z,2026-09-05T02:24:04Z,True
tt06_eace9706c63b4f97e216bc11,supervised_adapt,rabbitmq,0,0,0,2026-09-05T02:09:04Z,2026-09-05T02:24:04Z,True
tt06_eace9706c63b4f97e216bc11,supervised_adapt,ts-auth-service,0,0,0,2026-09-05T02:09:04Z,2026-09-05T02:24:04Z,True
tt06_eace9706c63b4f97e216bc11,supervised_adapt,ts-basic-service,0,0,0,2026-09-05T02:09:04Z,2026-09-05T02:24:04Z,True
tt06_eace9706c63b4f97e216bc11,supervised_adapt,ts-config-service,0,0,0,2026-09-05T02:09:04Z,2026-09-05T02:24:04Z,True
tt06_eace9706c63b4f97e216bc11,supervised_adapt,ts-contacts-service,0,0,0,2026-09-05T02:09:04Z,2026-09-05T02:24:04Z,True
tt06_eace9706c63b4f97e216bc11,supervised_adapt,ts-gateway-service,0,0,0,2026-09-05T02:09:04Z,2026-09-05T02:24:04Z,True
tt06_eace9706c63b4f97e216bc11,supervised_adapt,ts-order-other-service,0,0,0,2026-09-05T02:09:04Z,2026-09-05T02:24:04Z,True
tt06_eace9706c63b4f97e216bc11,supervised_adapt,ts-order-service,0,0,0,2026-09-05T02:09:04Z,2026-09-05T02:24:04Z,True
tt06_eace9706c63b4f97e216bc11,supervised_adapt,ts-price-service,63,48,15,2026-09-05T02:09:04Z,2026-09-05T02:24:04Z,True
tt06_eace9706c63b4f97e216bc11,supervised_adapt,ts-route-service,60,24,36,2026-09-05T02:09:04Z,2026-09-05T02:24:04Z,True
tt06_eace9706c63b4f97e216bc11,supervised_adapt,ts-seat-service,0,0,0,2026-09-05T02:09:04Z,2026-09-05T02:24:04Z,True
tt06_eace9706c63b4f97e216bc11,supervised_adapt,ts-station-service,0,0,0,2026-09-05T02:09:04Z,2026-09-05T02:24:04Z,True
tt06_eace9706c63b4f97e216bc11,supervised_adapt,ts-train-service,56,24,32,2026-09-05T02:09:04Z,2026-09-05T02:24:04Z,True
tt06_eace9706c63b4f97e216bc11,supervised_adapt,ts-travel-service,0,0,0,2026-09-05T02:09:04Z,2026-09-05T02:24:04Z,True
tt06_eace9706c63b4f97e216bc11,supervised_adapt,ts-travel2-service,0,0,0,2026-09-05T02:09:04Z,2026-09-05T02:24:04Z,True
tt06_eace9706c63b4f97e216bc11,supervised_adapt,ts-ui-dashboard,0,0,0,2026-09-05T02:09:04Z,2026-09-05T02:24:04Z,True
tt06_eace9706c63b4f97e216bc11,supervised_adapt,ts-user-service,0,0,0,2026-09-05T02:09:04Z,2026-09-05T02:24:04Z,True
tt06_eace9706c63b4f97e216bc11,supervised_adapt,tsdb-mysql,547,180,270,2026-09-05T02:09:04Z,2026-09-05T02:24:04Z,True
tt06_eaea715c6070dec64abe2e45,supervised_adapt,nacos,0,0,0,2026-09-04T19:09:50.944533+00:00,2026-09-04T19:24:50Z,True
tt06_eaea715c6070dec64abe2e45,supervised_adapt,nacosdb-mysql,547,180,268,2026-09-04T19:09:50.944533+00:00,2026-09-04T19:24:50Z,True
tt06_eaea715c6070dec64abe2e45,supervised_adapt,rabbitmq,0,0,0,2026-09-04T19:09:50.944533+00:00,2026-09-04T19:24:50Z,True
tt06_eaea715c6070dec64abe2e45,supervised_adapt,ts-auth-service,0,0,0,2026-09-04T19:09:50.944533+00:00,2026-09-04T19:24:50Z,True
tt06_eaea715c6070dec64abe2e45,supervised_adapt,ts-basic-service,0,0,0,2026-09-04T19:09:50.944533+00:00,2026-09-04T19:24:50Z,True
tt06_eaea715c6070dec64abe2e45,supervised_adapt,ts-config-service,0,0,0,2026-09-04T19:09:50.944533+00:00,2026-09-04T19:24:50Z,True
tt06_eaea715c6070dec64abe2e45,supervised_adapt,ts-contacts-service,0,0,0,2026-09-04T19:09:50.944533+00:00,2026-09-04T19:24:50Z,True
tt06_eaea715c6070dec64abe2e45,supervised_adapt,ts-gateway-service,0,0,0,2026-09-04T19:09:50.944533+00:00,2026-09-04T19:24:50Z,True
tt06_eaea715c6070dec64abe2e45,supervised_adapt,ts-order-other-service,0,0,0,2026-09-04T19:09:50.944533+00:00,2026-09-04T19:24:50Z,True
tt06_eaea715c6070dec64abe2e45,supervised_adapt,ts-order-service,0,0,0,2026-09-04T19:09:50.944533+00:00,2026-09-04T19:24:50Z,True
tt06_eaea715c6070dec64abe2e45,supervised_adapt,ts-price-service,42,16,24,2026-09-04T19:09:50.944533+00:00,2026-09-04T19:24:50Z,True
tt06_eaea715c6070dec64abe2e45,supervised_adapt,ts-route-service,21,8,12,2026-09-04T19:09:50.944533+00:00,2026-09-04T19:24:50Z,True
tt06_eaea715c6070dec64abe2e45,supervised_adapt,ts-seat-service,0,0,0,2026-09-04T19:09:50.944533+00:00,2026-09-04T19:24:50Z,True
tt06_eaea715c6070dec64abe2e45,supervised_adapt,ts-station-service,80,0,0,2026-09-04T19:09:50.944533+00:00,2026-09-04T19:24:50Z,True
tt06_eaea715c6070dec64abe2e45,supervised_adapt,ts-train-service,81,32,48,2026-09-04T19:09:50.944533+00:00,2026-09-04T19:24:50Z,True
tt06_eaea715c6070dec64abe2e45,supervised_adapt,ts-travel-service,0,0,0,2026-09-04T19:09:50.944533+00:00,2026-09-04T19:24:50Z,True
tt06_eaea715c6070dec64abe2e45,supervised_adapt,ts-travel2-service,0,0,0,2026-09-04T19:09:50.944533+00:00,2026-09-04T19:24:50Z,True
tt06_eaea715c6070dec64abe2e45,supervised_adapt,ts-ui-dashboard,0,0,0,2026-09-04T19:09:50.944533+00:00,2026-09-04T19:24:50Z,True
tt06_eaea715c6070dec64abe2e45,supervised_adapt,ts-user-service,0,0,0,2026-09-04T19:09:50.944533+00:00,2026-09-04T19:24:50Z,True
tt06_eaea715c6070dec64abe2e45,supervised_adapt,tsdb-mysql,547,180,270,2026-09-04T19:09:50.944533+00:00,2026-09-04T19:24:50Z,True
tt06_ee87353ac6c2012335221324,supervised_adapt,nacos,0,0,0,2026-09-04T23:01:07Z,2026-09-04T23:16:07Z,True
tt06_ee87353ac6c2012335221324,supervised_adapt,nacosdb-mysql,546,180,270,2026-09-04T23:01:07Z,2026-09-04T23:16:07Z,True
tt06_ee87353ac6c2012335221324,supervised_adapt,rabbitmq,0,0,0,2026-09-04T23:01:07Z,2026-09-04T23:16:07Z,True
tt06_ee87353ac6c2012335221324,supervised_adapt,ts-auth-service,0,0,0,2026-09-04T23:01:07Z,2026-09-04T23:16:07Z,True
tt06_ee87353ac6c2012335221324,supervised_adapt,ts-basic-service,0,0,0,2026-09-04T23:01:07Z,2026-09-04T23:16:07Z,True
tt06_ee87353ac6c2012335221324,supervised_adapt,ts-config-service,0,0,0,2026-09-04T23:01:07Z,2026-09-04T23:16:07Z,True
tt06_ee87353ac6c2012335221324,supervised_adapt,ts-contacts-service,0,0,0,2026-09-04T23:01:07Z,2026-09-04T23:16:07Z,True
tt06_ee87353ac6c2012335221324,supervised_adapt,ts-gateway-service,227,0,135,2026-09-04T23:01:07Z,2026-09-04T23:16:07Z,True
tt06_ee87353ac6c2012335221324,supervised_adapt,ts-order-other-service,0,0,0,2026-09-04T23:01:07Z,2026-09-04T23:16:07Z,True
tt06_ee87353ac6c2012335221324,supervised_adapt,ts-order-service,0,0,0,2026-09-04T23:01:07Z,2026-09-04T23:16:07Z,True
tt06_ee87353ac6c2012335221324,supervised_adapt,ts-price-service,30,30,0,2026-09-04T23:01:07Z,2026-09-04T23:16:07Z,True
tt06_ee87353ac6c2012335221324,supervised_adapt,ts-route-service,15,15,0,2026-09-04T23:01:07Z,2026-09-04T23:16:07Z,True
tt06_ee87353ac6c2012335221324,supervised_adapt,ts-seat-service,0,0,0,2026-09-04T23:01:07Z,2026-09-04T23:16:07Z,True
tt06_ee87353ac6c2012335221324,supervised_adapt,ts-station-service,0,0,0,2026-09-04T23:01:07Z,2026-09-04T23:16:07Z,True
tt06_ee87353ac6c2012335221324,supervised_adapt,ts-train-service,15,15,0,2026-09-04T23:01:07Z,2026-09-04T23:16:07Z,True
tt06_ee87353ac6c2012335221324,supervised_adapt,ts-travel-service,0,0,0,2026-09-04T23:01:07Z,2026-09-04T23:16:07Z,True
tt06_ee87353ac6c2012335221324,supervised_adapt,ts-travel2-service,0,0,0,2026-09-04T23:01:07Z,2026-09-04T23:16:07Z,True
tt06_ee87353ac6c2012335221324,supervised_adapt,ts-ui-dashboard,0,0,0,2026-09-04T23:01:07Z,2026-09-04T23:16:07Z,True
tt06_ee87353ac6c2012335221324,supervised_adapt,ts-user-service,0,0,0,2026-09-04T23:01:07Z,2026-09-04T23:16:07Z,True
tt06_ee87353ac6c2012335221324,supervised_adapt,tsdb-mysql,547,180,270,2026-09-04T23:01:07Z,2026-09-04T23:16:07Z,True
tt06_ee8b8243f1d0940d99ad7562,supervised_adapt,nacos,0,0,0,2026-09-04T22:20:37.029855+00:00,2026-09-04T22:35:37Z,True
tt06_ee8b8243f1d0940d99ad7562,supervised_adapt,nacosdb-mysql,546,180,270,2026-09-04T22:20:37.029855+00:00,2026-09-04T22:35:37Z,True
tt06_ee8b8243f1d0940d99ad7562,supervised_adapt,rabbitmq,0,0,0,2026-09-04T22:20:37.029855+00:00,2026-09-04T22:35:37Z,True
tt06_ee8b8243f1d0940d99ad7562,supervised_adapt,ts-auth-service,0,0,0,2026-09-04T22:20:37.029855+00:00,2026-09-04T22:35:37Z,True
tt06_ee8b8243f1d0940d99ad7562,supervised_adapt,ts-basic-service,0,0,0,2026-09-04T22:20:37.029855+00:00,2026-09-04T22:35:37Z,True
tt06_ee8b8243f1d0940d99ad7562,supervised_adapt,ts-config-service,0,0,0,2026-09-04T22:20:37.029855+00:00,2026-09-04T22:35:37Z,True
tt06_ee8b8243f1d0940d99ad7562,supervised_adapt,ts-contacts-service,0,0,0,2026-09-04T22:20:37.029855+00:00,2026-09-04T22:35:37Z,True
tt06_ee8b8243f1d0940d99ad7562,supervised_adapt,ts-gateway-service,0,0,0,2026-09-04T22:20:37.029855+00:00,2026-09-04T22:35:37Z,True
tt06_ee8b8243f1d0940d99ad7562,supervised_adapt,ts-order-other-service,0,0,0,2026-09-04T22:20:37.029855+00:00,2026-09-04T22:35:37Z,True
tt06_ee8b8243f1d0940d99ad7562,supervised_adapt,ts-order-service,0,0,0,2026-09-04T22:20:37.029855+00:00,2026-09-04T22:35:37Z,True
tt06_ee8b8243f1d0940d99ad7562,supervised_adapt,ts-price-service,42,16,24,2026-09-04T22:20:37.029855+00:00,2026-09-04T22:35:37Z,True
tt06_ee8b8243f1d0940d99ad7562,supervised_adapt,ts-route-service,21,8,12,2026-09-04T22:20:37.029855+00:00,2026-09-04T22:35:37Z,True
tt06_ee8b8243f1d0940d99ad7562,supervised_adapt,ts-seat-service,0,0,0,2026-09-04T22:20:37.029855+00:00,2026-09-04T22:35:37Z,True
tt06_ee8b8243f1d0940d99ad7562,supervised_adapt,ts-station-service,0,0,0,2026-09-04T22:20:37.029855+00:00,2026-09-04T22:35:37Z,True
tt06_ee8b8243f1d0940d99ad7562,supervised_adapt,ts-train-service,81,32,48,2026-09-04T22:20:37.029855+00:00,2026-09-04T22:35:37Z,True
tt06_ee8b8243f1d0940d99ad7562,supervised_adapt,ts-travel-service,0,0,0,2026-09-04T22:20:37.029855+00:00,2026-09-04T22:35:37Z,True
tt06_ee8b8243f1d0940d99ad7562,supervised_adapt,ts-travel2-service,0,0,0,2026-09-04T22:20:37.029855+00:00,2026-09-04T22:35:37Z,True
tt06_ee8b8243f1d0940d99ad7562,supervised_adapt,ts-ui-dashboard,0,0,0,2026-09-04T22:20:37.029855+00:00,2026-09-04T22:35:37Z,True
tt06_ee8b8243f1d0940d99ad7562,supervised_adapt,ts-user-service,0,0,0,2026-09-04T22:20:37.029855+00:00,2026-09-04T22:35:37Z,True
tt06_ee8b8243f1d0940d99ad7562,supervised_adapt,tsdb-mysql,548,180,270,2026-09-04T22:20:37.029855+00:00,2026-09-04T22:35:37Z,True
tt06_efb0cf266e72f46d1b8f9fb6,supervised_adapt,nacos,0,0,0,2026-07-30T17:15:59Z,2026-07-30T17:31:00Z,True
tt06_efb0cf266e72f46d1b8f9fb6,supervised_adapt,nacosdb-mysql,547,180,271,2026-07-30T17:15:59Z,2026-07-30T17:31:00Z,True
tt06_efb0cf266e72f46d1b8f9fb6,supervised_adapt,rabbitmq,0,0,0,2026-07-30T17:15:59Z,2026-07-30T17:31:00Z,True
tt06_efb0cf266e72f46d1b8f9fb6,supervised_adapt,ts-auth-service,0,0,0,2026-07-30T17:15:59Z,2026-07-30T17:31:00Z,True
tt06_efb0cf266e72f46d1b8f9fb6,supervised_adapt,ts-basic-service,0,0,0,2026-07-30T17:15:59Z,2026-07-30T17:31:00Z,True
tt06_efb0cf266e72f46d1b8f9fb6,supervised_adapt,ts-config-service,0,0,0,2026-07-30T17:15:59Z,2026-07-30T17:31:00Z,True
tt06_efb0cf266e72f46d1b8f9fb6,supervised_adapt,ts-contacts-service,0,0,0,2026-07-30T17:15:59Z,2026-07-30T17:31:00Z,True
tt06_efb0cf266e72f46d1b8f9fb6,supervised_adapt,ts-gateway-service,0,0,0,2026-07-30T17:15:59Z,2026-07-30T17:31:00Z,True
tt06_efb0cf266e72f46d1b8f9fb6,supervised_adapt,ts-order-other-service,0,0,0,2026-07-30T17:15:59Z,2026-07-30T17:31:00Z,True
tt06_efb0cf266e72f46d1b8f9fb6,supervised_adapt,ts-order-service,0,0,0,2026-07-30T17:15:59Z,2026-07-30T17:31:00Z,True
tt06_efb0cf266e72f46d1b8f9fb6,supervised_adapt,ts-price-service,9239,48,7762,2026-07-30T17:15:59Z,2026-07-30T17:31:00Z,True
tt06_efb0cf266e72f46d1b8f9fb6,supervised_adapt,ts-route-service,60,24,36,2026-07-30T17:15:59Z,2026-07-30T17:31:00Z,True
tt06_efb0cf266e72f46d1b8f9fb6,supervised_adapt,ts-seat-service,0,0,0,2026-07-30T17:15:59Z,2026-07-30T17:31:00Z,True
tt06_efb0cf266e72f46d1b8f9fb6,supervised_adapt,ts-station-service,0,0,0,2026-07-30T17:15:59Z,2026-07-30T17:31:00Z,True
tt06_efb0cf266e72f46d1b8f9fb6,supervised_adapt,ts-train-service,56,24,32,2026-07-30T17:15:59Z,2026-07-30T17:31:00Z,True
tt06_efb0cf266e72f46d1b8f9fb6,supervised_adapt,ts-travel-service,0,0,0,2026-07-30T17:15:59Z,2026-07-30T17:31:00Z,True
tt06_efb0cf266e72f46d1b8f9fb6,supervised_adapt,ts-travel2-service,0,0,0,2026-07-30T17:15:59Z,2026-07-30T17:31:00Z,True
tt06_efb0cf266e72f46d1b8f9fb6,supervised_adapt,ts-ui-dashboard,0,0,0,2026-07-30T17:15:59Z,2026-07-30T17:31:00Z,True
tt06_efb0cf266e72f46d1b8f9fb6,supervised_adapt,ts-user-service,0,0,0,2026-07-30T17:15:59Z,2026-07-30T17:31:00Z,True
tt06_efb0cf266e72f46d1b8f9fb6,supervised_adapt,tsdb-mysql,547,181,270,2026-07-30T17:15:59Z,2026-07-30T17:31:00Z,True
tt06_f6f68cbec7e358a88652d7ab,supervised_adapt,nacos,0,0,0,2026-09-04T10:09:23.217952+00:00,2026-09-04T10:24:23Z,True
tt06_f6f68cbec7e358a88652d7ab,supervised_adapt,nacosdb-mysql,548,180,270,2026-09-04T10:09:23.217952+00:00,2026-09-04T10:24:23Z,True
tt06_f6f68cbec7e358a88652d7ab,supervised_adapt,rabbitmq,0,0,0,2026-09-04T10:09:23.217952+00:00,2026-09-04T10:24:23Z,True
tt06_f6f68cbec7e358a88652d7ab,supervised_adapt,ts-auth-service,0,0,0,2026-09-04T10:09:23.217952+00:00,2026-09-04T10:24:23Z,True
tt06_f6f68cbec7e358a88652d7ab,supervised_adapt,ts-basic-service,0,0,0,2026-09-04T10:09:23.217952+00:00,2026-09-04T10:24:23Z,True
tt06_f6f68cbec7e358a88652d7ab,supervised_adapt,ts-config-service,0,0,0,2026-09-04T10:09:23.217952+00:00,2026-09-04T10:24:23Z,True
tt06_f6f68cbec7e358a88652d7ab,supervised_adapt,ts-contacts-service,0,0,0,2026-09-04T10:09:23.217952+00:00,2026-09-04T10:24:23Z,True
tt06_f6f68cbec7e358a88652d7ab,supervised_adapt,ts-gateway-service,0,0,0,2026-09-04T10:09:23.217952+00:00,2026-09-04T10:24:23Z,True
tt06_f6f68cbec7e358a88652d7ab,supervised_adapt,ts-order-other-service,0,0,0,2026-09-04T10:09:23.217952+00:00,2026-09-04T10:24:23Z,True
tt06_f6f68cbec7e358a88652d7ab,supervised_adapt,ts-order-service,0,0,0,2026-09-04T10:09:23.217952+00:00,2026-09-04T10:24:23Z,True
tt06_f6f68cbec7e358a88652d7ab,supervised_adapt,ts-price-service,42,16,24,2026-09-04T10:09:23.217952+00:00,2026-09-04T10:24:23Z,True
tt06_f6f68cbec7e358a88652d7ab,supervised_adapt,ts-route-service,21,8,12,2026-09-04T10:09:23.217952+00:00,2026-09-04T10:24:23Z,True
tt06_f6f68cbec7e358a88652d7ab,supervised_adapt,ts-seat-service,0,0,0,2026-09-04T10:09:23.217952+00:00,2026-09-04T10:24:23Z,True
tt06_f6f68cbec7e358a88652d7ab,supervised_adapt,ts-station-service,0,0,0,2026-09-04T10:09:23.217952+00:00,2026-09-04T10:24:23Z,True
tt06_f6f68cbec7e358a88652d7ab,supervised_adapt,ts-train-service,81,32,48,2026-09-04T10:09:23.217952+00:00,2026-09-04T10:24:23Z,True
tt06_f6f68cbec7e358a88652d7ab,supervised_adapt,ts-travel-service,0,0,0,2026-09-04T10:09:23.217952+00:00,2026-09-04T10:24:23Z,True
tt06_f6f68cbec7e358a88652d7ab,supervised_adapt,ts-travel2-service,0,0,0,2026-09-04T10:09:23.217952+00:00,2026-09-04T10:24:23Z,True
tt06_f6f68cbec7e358a88652d7ab,supervised_adapt,ts-ui-dashboard,0,0,0,2026-09-04T10:09:23.217952+00:00,2026-09-04T10:24:23Z,True
tt06_f6f68cbec7e358a88652d7ab,supervised_adapt,ts-user-service,0,0,0,2026-09-04T10:09:23.217952+00:00,2026-09-04T10:24:23Z,True
tt06_f6f68cbec7e358a88652d7ab,supervised_adapt,tsdb-mysql,547,181,270,2026-09-04T10:09:23.217952+00:00,2026-09-04T10:24:23Z,True
tt06_f8d6c2ce7491ab519c7d02db,supervised_adapt,nacos,0,0,0,2026-07-30T18:32:16.872763+00:00,2026-07-30T18:47:16Z,True
tt06_f8d6c2ce7491ab519c7d02db,supervised_adapt,nacosdb-mysql,547,181,270,2026-07-30T18:32:16.872763+00:00,2026-07-30T18:47:16Z,True
tt06_f8d6c2ce7491ab519c7d02db,supervised_adapt,rabbitmq,0,0,0,2026-07-30T18:32:16.872763+00:00,2026-07-30T18:47:16Z,True
tt06_f8d6c2ce7491ab519c7d02db,supervised_adapt,ts-auth-service,0,0,0,2026-07-30T18:32:16.872763+00:00,2026-07-30T18:47:16Z,True
tt06_f8d6c2ce7491ab519c7d02db,supervised_adapt,ts-basic-service,0,0,0,2026-07-30T18:32:16.872763+00:00,2026-07-30T18:47:16Z,True
tt06_f8d6c2ce7491ab519c7d02db,supervised_adapt,ts-config-service,0,0,0,2026-07-30T18:32:16.872763+00:00,2026-07-30T18:47:16Z,True
tt06_f8d6c2ce7491ab519c7d02db,supervised_adapt,ts-contacts-service,0,0,0,2026-07-30T18:32:16.872763+00:00,2026-07-30T18:47:16Z,True
tt06_f8d6c2ce7491ab519c7d02db,supervised_adapt,ts-gateway-service,0,0,0,2026-07-30T18:32:16.872763+00:00,2026-07-30T18:47:16Z,True
tt06_f8d6c2ce7491ab519c7d02db,supervised_adapt,ts-order-other-service,0,0,0,2026-07-30T18:32:16.872763+00:00,2026-07-30T18:47:16Z,True
tt06_f8d6c2ce7491ab519c7d02db,supervised_adapt,ts-order-service,0,0,0,2026-07-30T18:32:16.872763+00:00,2026-07-30T18:47:16Z,True
tt06_f8d6c2ce7491ab519c7d02db,supervised_adapt,ts-price-service,207,48,80,2026-07-30T18:32:16.872763+00:00,2026-07-30T18:47:16Z,True
tt06_f8d6c2ce7491ab519c7d02db,supervised_adapt,ts-route-service,61,24,36,2026-07-30T18:32:16.872763+00:00,2026-07-30T18:47:16Z,True
tt06_f8d6c2ce7491ab519c7d02db,supervised_adapt,ts-seat-service,0,0,0,2026-07-30T18:32:16.872763+00:00,2026-07-30T18:47:16Z,True
tt06_f8d6c2ce7491ab519c7d02db,supervised_adapt,ts-station-service,0,0,0,2026-07-30T18:32:16.872763+00:00,2026-07-30T18:47:16Z,True
tt06_f8d6c2ce7491ab519c7d02db,supervised_adapt,ts-train-service,57,24,32,2026-07-30T18:32:16.872763+00:00,2026-07-30T18:47:16Z,True
tt06_f8d6c2ce7491ab519c7d02db,supervised_adapt,ts-travel-service,0,0,0,2026-07-30T18:32:16.872763+00:00,2026-07-30T18:47:16Z,True
tt06_f8d6c2ce7491ab519c7d02db,supervised_adapt,ts-travel2-service,0,0,0,2026-07-30T18:32:16.872763+00:00,2026-07-30T18:47:16Z,True
tt06_f8d6c2ce7491ab519c7d02db,supervised_adapt,ts-ui-dashboard,0,0,0,2026-07-30T18:32:16.872763+00:00,2026-07-30T18:47:16Z,True
tt06_f8d6c2ce7491ab519c7d02db,supervised_adapt,ts-user-service,0,0,0,2026-07-30T18:32:16.872763+00:00,2026-07-30T18:47:16Z,True
tt06_f8d6c2ce7491ab519c7d02db,supervised_adapt,tsdb-mysql,548,180,270,2026-07-30T18:32:16.872763+00:00,2026-07-30T18:47:16Z,True
tt06_00124e15bfa3906df513f3c9,dev,nacos,0,0,0,2026-09-05T15:02:09Z,2026-09-05T15:17:09Z,True
tt06_00124e15bfa3906df513f3c9,dev,nacosdb-mysql,546,180,270,2026-09-05T15:02:09Z,2026-09-05T15:17:09Z,True
tt06_00124e15bfa3906df513f3c9,dev,rabbitmq,0,0,0,2026-09-05T15:02:09Z,2026-09-05T15:17:09Z,True
tt06_00124e15bfa3906df513f3c9,dev,ts-auth-service,0,0,0,2026-09-05T15:02:09Z,2026-09-05T15:17:09Z,True
tt06_00124e15bfa3906df513f3c9,dev,ts-basic-service,0,0,0,2026-09-05T15:02:09Z,2026-09-05T15:17:09Z,True
tt06_00124e15bfa3906df513f3c9,dev,ts-config-service,0,0,0,2026-09-05T15:02:09Z,2026-09-05T15:17:09Z,True
tt06_00124e15bfa3906df513f3c9,dev,ts-contacts-service,0,0,0,2026-09-05T15:02:09Z,2026-09-05T15:17:09Z,True
tt06_00124e15bfa3906df513f3c9,dev,ts-gateway-service,227,0,138,2026-09-05T15:02:09Z,2026-09-05T15:17:09Z,True
tt06_00124e15bfa3906df513f3c9,dev,ts-order-other-service,0,0,0,2026-09-05T15:02:09Z,2026-09-05T15:17:09Z,True
tt06_00124e15bfa3906df513f3c9,dev,ts-order-service,0,0,0,2026-09-05T15:02:09Z,2026-09-05T15:17:09Z,True
tt06_00124e15bfa3906df513f3c9,dev,ts-price-service,30,30,0,2026-09-05T15:02:09Z,2026-09-05T15:17:09Z,True
tt06_00124e15bfa3906df513f3c9,dev,ts-route-service,15,15,0,2026-09-05T15:02:09Z,2026-09-05T15:17:09Z,True
tt06_00124e15bfa3906df513f3c9,dev,ts-seat-service,0,0,0,2026-09-05T15:02:09Z,2026-09-05T15:17:09Z,True
tt06_00124e15bfa3906df513f3c9,dev,ts-station-service,0,0,0,2026-09-05T15:02:09Z,2026-09-05T15:17:09Z,True
tt06_00124e15bfa3906df513f3c9,dev,ts-train-service,15,15,0,2026-09-05T15:02:09Z,2026-09-05T15:17:09Z,True
tt06_00124e15bfa3906df513f3c9,dev,ts-travel-service,0,0,0,2026-09-05T15:02:09Z,2026-09-05T15:17:09Z,True
tt06_00124e15bfa3906df513f3c9,dev,ts-travel2-service,0,0,0,2026-09-05T15:02:09Z,2026-09-05T15:17:09Z,True
tt06_00124e15bfa3906df513f3c9,dev,ts-ui-dashboard,0,0,0,2026-09-05T15:02:09Z,2026-09-05T15:17:09Z,True
tt06_00124e15bfa3906df513f3c9,dev,ts-user-service,0,0,0,2026-09-05T15:02:09Z,2026-09-05T15:17:09Z,True
tt06_00124e15bfa3906df513f3c9,dev,tsdb-mysql,547,181,270,2026-09-05T15:02:09Z,2026-09-05T15:17:09Z,True
tt06_0b91ffee27a577019dd8565c,dev,nacos,0,0,0,2026-09-05T13:44:39.228297+00:00,2026-09-05T13:59:39Z,True
tt06_0b91ffee27a577019dd8565c,dev,nacosdb-mysql,547,180,270,2026-09-05T13:44:39.228297+00:00,2026-09-05T13:59:39Z,True
tt06_0b91ffee27a577019dd8565c,dev,rabbitmq,0,0,0,2026-09-05T13:44:39.228297+00:00,2026-09-05T13:59:39Z,True
tt06_0b91ffee27a577019dd8565c,dev,ts-auth-service,0,0,0,2026-09-05T13:44:39.228297+00:00,2026-09-05T13:59:39Z,True
tt06_0b91ffee27a577019dd8565c,dev,ts-basic-service,0,0,0,2026-09-05T13:44:39.228297+00:00,2026-09-05T13:59:39Z,True
tt06_0b91ffee27a577019dd8565c,dev,ts-config-service,0,0,0,2026-09-05T13:44:39.228297+00:00,2026-09-05T13:59:39Z,True
tt06_0b91ffee27a577019dd8565c,dev,ts-contacts-service,0,0,0,2026-09-05T13:44:39.228297+00:00,2026-09-05T13:59:39Z,True
tt06_0b91ffee27a577019dd8565c,dev,ts-gateway-service,0,0,0,2026-09-05T13:44:39.228297+00:00,2026-09-05T13:59:39Z,True
tt06_0b91ffee27a577019dd8565c,dev,ts-order-other-service,0,0,0,2026-09-05T13:44:39.228297+00:00,2026-09-05T13:59:39Z,True
tt06_0b91ffee27a577019dd8565c,dev,ts-order-service,0,0,0,2026-09-05T13:44:39.228297+00:00,2026-09-05T13:59:39Z,True
tt06_0b91ffee27a577019dd8565c,dev,ts-price-service,42,16,24,2026-09-05T13:44:39.228297+00:00,2026-09-05T13:59:39Z,True
tt06_0b91ffee27a577019dd8565c,dev,ts-route-service,21,8,12,2026-09-05T13:44:39.228297+00:00,2026-09-05T13:59:39Z,True
tt06_0b91ffee27a577019dd8565c,dev,ts-seat-service,0,0,0,2026-09-05T13:44:39.228297+00:00,2026-09-05T13:59:39Z,True
tt06_0b91ffee27a577019dd8565c,dev,ts-station-service,0,0,0,2026-09-05T13:44:39.228297+00:00,2026-09-05T13:59:39Z,True
tt06_0b91ffee27a577019dd8565c,dev,ts-train-service,154,32,48,2026-09-05T13:44:39.228297+00:00,2026-09-05T13:59:39Z,True
tt06_0b91ffee27a577019dd8565c,dev,ts-travel-service,0,0,0,2026-09-05T13:44:39.228297+00:00,2026-09-05T13:59:39Z,True
tt06_0b91ffee27a577019dd8565c,dev,ts-travel2-service,0,0,0,2026-09-05T13:44:39.228297+00:00,2026-09-05T13:59:39Z,True
tt06_0b91ffee27a577019dd8565c,dev,ts-ui-dashboard,0,0,0,2026-09-05T13:44:39.228297+00:00,2026-09-05T13:59:39Z,True
tt06_0b91ffee27a577019dd8565c,dev,ts-user-service,0,0,0,2026-09-05T13:44:39.228297+00:00,2026-09-05T13:59:39Z,True
tt06_0b91ffee27a577019dd8565c,dev,tsdb-mysql,548,182,270,2026-09-05T13:44:39.228297+00:00,2026-09-05T13:59:39Z,True
tt06_0e6479053a10d2a947fa5967,dev,nacos,0,0,0,2026-09-05T22:39:39Z,2026-09-05T22:54:39Z,True
tt06_0e6479053a10d2a947fa5967,dev,nacosdb-mysql,548,180,270,2026-09-05T22:39:39Z,2026-09-05T22:54:39Z,True
tt06_0e6479053a10d2a947fa5967,dev,rabbitmq,0,0,0,2026-09-05T22:39:39Z,2026-09-05T22:54:39Z,True
tt06_0e6479053a10d2a947fa5967,dev,ts-auth-service,0,0,0,2026-09-05T22:39:39Z,2026-09-05T22:54:39Z,True
tt06_0e6479053a10d2a947fa5967,dev,ts-basic-service,0,0,0,2026-09-05T22:39:39Z,2026-09-05T22:54:39Z,True
tt06_0e6479053a10d2a947fa5967,dev,ts-config-service,0,0,0,2026-09-05T22:39:39Z,2026-09-05T22:54:39Z,True
tt06_0e6479053a10d2a947fa5967,dev,ts-contacts-service,0,0,0,2026-09-05T22:39:39Z,2026-09-05T22:54:39Z,True
tt06_0e6479053a10d2a947fa5967,dev,ts-gateway-service,0,0,0,2026-09-05T22:39:39Z,2026-09-05T22:54:39Z,True
tt06_0e6479053a10d2a947fa5967,dev,ts-order-other-service,0,0,0,2026-09-05T22:39:39Z,2026-09-05T22:54:39Z,True
tt06_0e6479053a10d2a947fa5967,dev,ts-order-service,0,0,0,2026-09-05T22:39:39Z,2026-09-05T22:54:39Z,True
tt06_0e6479053a10d2a947fa5967,dev,ts-price-service,40,16,24,2026-09-05T22:39:39Z,2026-09-05T22:54:39Z,True
tt06_0e6479053a10d2a947fa5967,dev,ts-route-service,20,8,12,2026-09-05T22:39:39Z,2026-09-05T22:54:39Z,True
tt06_0e6479053a10d2a947fa5967,dev,ts-seat-service,0,0,0,2026-09-05T22:39:39Z,2026-09-05T22:54:39Z,True
tt06_0e6479053a10d2a947fa5967,dev,ts-station-service,0,0,0,2026-09-05T22:39:39Z,2026-09-05T22:54:39Z,True
tt06_0e6479053a10d2a947fa5967,dev,ts-train-service,47,32,15,2026-09-05T22:39:39Z,2026-09-05T22:54:39Z,True
tt06_0e6479053a10d2a947fa5967,dev,ts-travel-service,0,0,0,2026-09-05T22:39:39Z,2026-09-05T22:54:39Z,True
tt06_0e6479053a10d2a947fa5967,dev,ts-travel2-service,0,0,0,2026-09-05T22:39:39Z,2026-09-05T22:54:39Z,True
tt06_0e6479053a10d2a947fa5967,dev,ts-ui-dashboard,0,0,0,2026-09-05T22:39:39Z,2026-09-05T22:54:39Z,True
tt06_0e6479053a10d2a947fa5967,dev,ts-user-service,0,0,0,2026-09-05T22:39:39Z,2026-09-05T22:54:39Z,True
tt06_0e6479053a10d2a947fa5967,dev,tsdb-mysql,548,180,270,2026-09-05T22:39:39Z,2026-09-05T22:54:39Z,True
tt06_12cf77c6ed22f1602ee22acb,dev,nacos,0,0,0,2026-09-05T05:20:49Z,2026-09-05T05:35:50Z,True
tt06_12cf77c6ed22f1602ee22acb,dev,nacosdb-mysql,548,180,270,2026-09-05T05:20:49Z,2026-09-05T05:35:50Z,True
tt06_12cf77c6ed22f1602ee22acb,dev,rabbitmq,0,0,0,2026-09-05T05:20:49Z,2026-09-05T05:35:50Z,True
tt06_12cf77c6ed22f1602ee22acb,dev,ts-auth-service,0,0,0,2026-09-05T05:20:49Z,2026-09-05T05:35:50Z,True
tt06_12cf77c6ed22f1602ee22acb,dev,ts-basic-service,0,0,0,2026-09-05T05:20:49Z,2026-09-05T05:35:50Z,True
tt06_12cf77c6ed22f1602ee22acb,dev,ts-config-service,0,0,0,2026-09-05T05:20:49Z,2026-09-05T05:35:50Z,True
tt06_12cf77c6ed22f1602ee22acb,dev,ts-contacts-service,0,0,0,2026-09-05T05:20:49Z,2026-09-05T05:35:50Z,True
tt06_12cf77c6ed22f1602ee22acb,dev,ts-gateway-service,6,0,6,2026-09-05T05:20:49Z,2026-09-05T05:35:50Z,True
tt06_12cf77c6ed22f1602ee22acb,dev,ts-order-other-service,0,0,0,2026-09-05T05:20:49Z,2026-09-05T05:35:50Z,True
tt06_12cf77c6ed22f1602ee22acb,dev,ts-order-service,0,0,0,2026-09-05T05:20:49Z,2026-09-05T05:35:50Z,True
tt06_12cf77c6ed22f1602ee22acb,dev,ts-price-service,63,48,15,2026-09-05T05:20:49Z,2026-09-05T05:35:50Z,True
tt06_12cf77c6ed22f1602ee22acb,dev,ts-route-service,60,24,36,2026-09-05T05:20:49Z,2026-09-05T05:35:50Z,True
tt06_12cf77c6ed22f1602ee22acb,dev,ts-seat-service,0,0,0,2026-09-05T05:20:49Z,2026-09-05T05:35:50Z,True
tt06_12cf77c6ed22f1602ee22acb,dev,ts-station-service,0,0,0,2026-09-05T05:20:49Z,2026-09-05T05:35:50Z,True
tt06_12cf77c6ed22f1602ee22acb,dev,ts-train-service,56,24,32,2026-09-05T05:20:49Z,2026-09-05T05:35:50Z,True
tt06_12cf77c6ed22f1602ee22acb,dev,ts-travel-service,0,0,0,2026-09-05T05:20:49Z,2026-09-05T05:35:50Z,True
tt06_12cf77c6ed22f1602ee22acb,dev,ts-travel2-service,0,0,0,2026-09-05T05:20:49Z,2026-09-05T05:35:50Z,True
tt06_12cf77c6ed22f1602ee22acb,dev,ts-ui-dashboard,0,0,0,2026-09-05T05:20:49Z,2026-09-05T05:35:50Z,True
tt06_12cf77c6ed22f1602ee22acb,dev,ts-user-service,0,0,0,2026-09-05T05:20:49Z,2026-09-05T05:35:50Z,True
tt06_12cf77c6ed22f1602ee22acb,dev,tsdb-mysql,548,180,270,2026-09-05T05:20:49Z,2026-09-05T05:35:50Z,True
tt06_330d4b85d8dd0d2f72927e3f,dev,nacos,0,0,0,2026-09-05T08:37:05.789522+00:00,2026-09-05T08:52:05Z,True
tt06_330d4b85d8dd0d2f72927e3f,dev,nacosdb-mysql,548,180,269,2026-09-05T08:37:05.789522+00:00,2026-09-05T08:52:05Z,True
tt06_330d4b85d8dd0d2f72927e3f,dev,rabbitmq,0,0,0,2026-09-05T08:37:05.789522+00:00,2026-09-05T08:52:05Z,True
tt06_330d4b85d8dd0d2f72927e3f,dev,ts-auth-service,0,0,0,2026-09-05T08:37:05.789522+00:00,2026-09-05T08:52:05Z,True
tt06_330d4b85d8dd0d2f72927e3f,dev,ts-basic-service,0,0,0,2026-09-05T08:37:05.789522+00:00,2026-09-05T08:52:05Z,True
tt06_330d4b85d8dd0d2f72927e3f,dev,ts-config-service,0,0,0,2026-09-05T08:37:05.789522+00:00,2026-09-05T08:52:05Z,True
tt06_330d4b85d8dd0d2f72927e3f,dev,ts-contacts-service,0,0,0,2026-09-05T08:37:05.789522+00:00,2026-09-05T08:52:05Z,True
tt06_330d4b85d8dd0d2f72927e3f,dev,ts-gateway-service,0,0,0,2026-09-05T08:37:05.789522+00:00,2026-09-05T08:52:05Z,True
tt06_330d4b85d8dd0d2f72927e3f,dev,ts-order-other-service,0,0,0,2026-09-05T08:37:05.789522+00:00,2026-09-05T08:52:05Z,True
tt06_330d4b85d8dd0d2f72927e3f,dev,ts-order-service,0,0,0,2026-09-05T08:37:05.789522+00:00,2026-09-05T08:52:05Z,True
tt06_330d4b85d8dd0d2f72927e3f,dev,ts-price-service,42,16,24,2026-09-05T08:37:05.789522+00:00,2026-09-05T08:52:05Z,True
tt06_330d4b85d8dd0d2f72927e3f,dev,ts-route-service,158,32,48,2026-09-05T08:37:05.789522+00:00,2026-09-05T08:52:05Z,True
tt06_330d4b85d8dd0d2f72927e3f,dev,ts-seat-service,0,0,0,2026-09-05T08:37:05.789522+00:00,2026-09-05T08:52:05Z,True
tt06_330d4b85d8dd0d2f72927e3f,dev,ts-station-service,0,0,0,2026-09-05T08:37:05.789522+00:00,2026-09-05T08:52:05Z,True
tt06_330d4b85d8dd0d2f72927e3f,dev,ts-train-service,21,8,12,2026-09-05T08:37:05.789522+00:00,2026-09-05T08:52:05Z,True
tt06_330d4b85d8dd0d2f72927e3f,dev,ts-travel-service,0,0,0,2026-09-05T08:37:05.789522+00:00,2026-09-05T08:52:05Z,True
tt06_330d4b85d8dd0d2f72927e3f,dev,ts-travel2-service,0,0,0,2026-09-05T08:37:05.789522+00:00,2026-09-05T08:52:05Z,True
tt06_330d4b85d8dd0d2f72927e3f,dev,ts-ui-dashboard,0,0,0,2026-09-05T08:37:05.789522+00:00,2026-09-05T08:52:05Z,True
tt06_330d4b85d8dd0d2f72927e3f,dev,ts-user-service,0,0,0,2026-09-05T08:37:05.789522+00:00,2026-09-05T08:52:05Z,True
tt06_330d4b85d8dd0d2f72927e3f,dev,tsdb-mysql,548,180,270,2026-09-05T08:37:05.789522+00:00,2026-09-05T08:52:05Z,True
tt06_3a0bdc264a63a5de7a43530a,dev,nacos,0,0,0,2026-09-05T20:48:15.649997+00:00,2026-09-05T21:03:15Z,True
tt06_3a0bdc264a63a5de7a43530a,dev,nacosdb-mysql,548,180,270,2026-09-05T20:48:15.649997+00:00,2026-09-05T21:03:15Z,True
tt06_3a0bdc264a63a5de7a43530a,dev,rabbitmq,0,0,0,2026-09-05T20:48:15.649997+00:00,2026-09-05T21:03:15Z,True
tt06_3a0bdc264a63a5de7a43530a,dev,ts-auth-service,0,0,0,2026-09-05T20:48:15.649997+00:00,2026-09-05T21:03:15Z,True
tt06_3a0bdc264a63a5de7a43530a,dev,ts-basic-service,0,0,0,2026-09-05T20:48:15.649997+00:00,2026-09-05T21:03:15Z,True
tt06_3a0bdc264a63a5de7a43530a,dev,ts-config-service,0,0,0,2026-09-05T20:48:15.649997+00:00,2026-09-05T21:03:15Z,True
tt06_3a0bdc264a63a5de7a43530a,dev,ts-contacts-service,0,0,0,2026-09-05T20:48:15.649997+00:00,2026-09-05T21:03:15Z,True
tt06_3a0bdc264a63a5de7a43530a,dev,ts-gateway-service,0,0,0,2026-09-05T20:48:15.649997+00:00,2026-09-05T21:03:15Z,True
tt06_3a0bdc264a63a5de7a43530a,dev,ts-order-other-service,0,0,0,2026-09-05T20:48:15.649997+00:00,2026-09-05T21:03:15Z,True
tt06_3a0bdc264a63a5de7a43530a,dev,ts-order-service,0,0,0,2026-09-05T20:48:15.649997+00:00,2026-09-05T21:03:15Z,True
tt06_3a0bdc264a63a5de7a43530a,dev,ts-price-service,42,16,24,2026-09-05T20:48:15.649997+00:00,2026-09-05T21:03:15Z,True
tt06_3a0bdc264a63a5de7a43530a,dev,ts-route-service,21,8,12,2026-09-05T20:48:15.649997+00:00,2026-09-05T21:03:15Z,True
tt06_3a0bdc264a63a5de7a43530a,dev,ts-seat-service,0,0,0,2026-09-05T20:48:15.649997+00:00,2026-09-05T21:03:15Z,True
tt06_3a0bdc264a63a5de7a43530a,dev,ts-station-service,80,0,0,2026-09-05T20:48:15.649997+00:00,2026-09-05T21:03:15Z,True
tt06_3a0bdc264a63a5de7a43530a,dev,ts-train-service,81,32,48,2026-09-05T20:48:15.649997+00:00,2026-09-05T21:03:15Z,True
tt06_3a0bdc264a63a5de7a43530a,dev,ts-travel-service,0,0,0,2026-09-05T20:48:15.649997+00:00,2026-09-05T21:03:15Z,True
tt06_3a0bdc264a63a5de7a43530a,dev,ts-travel2-service,0,0,0,2026-09-05T20:48:15.649997+00:00,2026-09-05T21:03:15Z,True
tt06_3a0bdc264a63a5de7a43530a,dev,ts-ui-dashboard,0,0,0,2026-09-05T20:48:15.649997+00:00,2026-09-05T21:03:15Z,True
tt06_3a0bdc264a63a5de7a43530a,dev,ts-user-service,0,0,0,2026-09-05T20:48:15.649997+00:00,2026-09-05T21:03:15Z,True
tt06_3a0bdc264a63a5de7a43530a,dev,tsdb-mysql,548,180,270,2026-09-05T20:48:15.649997+00:00,2026-09-05T21:03:15Z,True
tt06_433d88129071f76cf4afe825,dev,nacos,0,0,0,2026-09-05T14:21:38.566106+00:00,2026-09-05T14:36:38Z,True
tt06_433d88129071f76cf4afe825,dev,nacosdb-mysql,547,180,270,2026-09-05T14:21:38.566106+00:00,2026-09-05T14:36:38Z,True
tt06_433d88129071f76cf4afe825,dev,rabbitmq,0,0,0,2026-09-05T14:21:38.566106+00:00,2026-09-05T14:36:38Z,True
tt06_433d88129071f76cf4afe825,dev,ts-auth-service,0,0,0,2026-09-05T14:21:38.566106+00:00,2026-09-05T14:36:38Z,True
tt06_433d88129071f76cf4afe825,dev,ts-basic-service,0,0,0,2026-09-05T14:21:38.566106+00:00,2026-09-05T14:36:38Z,True
tt06_433d88129071f76cf4afe825,dev,ts-config-service,0,0,0,2026-09-05T14:21:38.566106+00:00,2026-09-05T14:36:38Z,True
tt06_433d88129071f76cf4afe825,dev,ts-contacts-service,0,0,0,2026-09-05T14:21:38.566106+00:00,2026-09-05T14:36:38Z,True
tt06_433d88129071f76cf4afe825,dev,ts-gateway-service,0,0,0,2026-09-05T14:21:38.566106+00:00,2026-09-05T14:36:38Z,True
tt06_433d88129071f76cf4afe825,dev,ts-order-other-service,0,0,0,2026-09-05T14:21:38.566106+00:00,2026-09-05T14:36:38Z,True
tt06_433d88129071f76cf4afe825,dev,ts-order-service,0,0,0,2026-09-05T14:21:38.566106+00:00,2026-09-05T14:36:38Z,True
tt06_433d88129071f76cf4afe825,dev,ts-price-service,74,30,42,2026-09-05T14:21:38.566106+00:00,2026-09-05T14:36:38Z,True
tt06_433d88129071f76cf4afe825,dev,ts-route-service,40,15,24,2026-09-05T14:21:38.566106+00:00,2026-09-05T14:36:38Z,True
tt06_433d88129071f76cf4afe825,dev,ts-seat-service,0,0,0,2026-09-05T14:21:38.566106+00:00,2026-09-05T14:36:38Z,True
tt06_433d88129071f76cf4afe825,dev,ts-station-service,0,0,0,2026-09-05T14:21:38.566106+00:00,2026-09-05T14:36:38Z,True
tt06_433d88129071f76cf4afe825,dev,ts-train-service,39,15,23,2026-09-05T14:21:38.566106+00:00,2026-09-05T14:36:38Z,True
tt06_433d88129071f76cf4afe825,dev,ts-travel-service,0,0,0,2026-09-05T14:21:38.566106+00:00,2026-09-05T14:36:38Z,True
tt06_433d88129071f76cf4afe825,dev,ts-travel2-service,0,0,0,2026-09-05T14:21:38.566106+00:00,2026-09-05T14:36:38Z,True
tt06_433d88129071f76cf4afe825,dev,ts-ui-dashboard,0,0,0,2026-09-05T14:21:38.566106+00:00,2026-09-05T14:36:38Z,True
tt06_433d88129071f76cf4afe825,dev,ts-user-service,0,0,0,2026-09-05T14:21:38.566106+00:00,2026-09-05T14:36:38Z,True
tt06_433d88129071f76cf4afe825,dev,tsdb-mysql,548,182,270,2026-09-05T14:21:38.566106+00:00,2026-09-05T14:36:38Z,True
tt06_444a8c0ea5667123d62aa9d5,dev,nacos,0,0,0,2026-09-06T05:06:51.531350+00:00,2026-09-06T05:21:51Z,True
tt06_444a8c0ea5667123d62aa9d5,dev,nacosdb-mysql,548,181,270,2026-09-06T05:06:51.531350+00:00,2026-09-06T05:21:51Z,True
tt06_444a8c0ea5667123d62aa9d5,dev,rabbitmq,0,0,0,2026-09-06T05:06:51.531350+00:00,2026-09-06T05:21:51Z,True
tt06_444a8c0ea5667123d62aa9d5,dev,ts-auth-service,0,0,0,2026-09-06T05:06:51.531350+00:00,2026-09-06T05:21:51Z,True
tt06_444a8c0ea5667123d62aa9d5,dev,ts-basic-service,0,0,0,2026-09-06T05:06:51.531350+00:00,2026-09-06T05:21:51Z,True
tt06_444a8c0ea5667123d62aa9d5,dev,ts-config-service,0,0,0,2026-09-06T05:06:51.531350+00:00,2026-09-06T05:21:51Z,True
tt06_444a8c0ea5667123d62aa9d5,dev,ts-contacts-service,0,0,0,2026-09-06T05:06:51.531350+00:00,2026-09-06T05:21:51Z,True
tt06_444a8c0ea5667123d62aa9d5,dev,ts-gateway-service,0,0,0,2026-09-06T05:06:51.531350+00:00,2026-09-06T05:21:51Z,True
tt06_444a8c0ea5667123d62aa9d5,dev,ts-order-other-service,0,0,0,2026-09-06T05:06:51.531350+00:00,2026-09-06T05:21:51Z,True
tt06_444a8c0ea5667123d62aa9d5,dev,ts-order-service,0,0,0,2026-09-06T05:06:51.531350+00:00,2026-09-06T05:21:51Z,True
tt06_444a8c0ea5667123d62aa9d5,dev,ts-price-service,130,48,80,2026-09-06T05:06:51.531350+00:00,2026-09-06T05:21:51Z,True
tt06_444a8c0ea5667123d62aa9d5,dev,ts-route-service,61,24,36,2026-09-06T05:06:51.531350+00:00,2026-09-06T05:21:51Z,True
tt06_444a8c0ea5667123d62aa9d5,dev,ts-seat-service,0,0,0,2026-09-06T05:06:51.531350+00:00,2026-09-06T05:21:51Z,True
tt06_444a8c0ea5667123d62aa9d5,dev,ts-station-service,0,0,0,2026-09-06T05:06:51.531350+00:00,2026-09-06T05:21:51Z,True
tt06_444a8c0ea5667123d62aa9d5,dev,ts-train-service,57,24,32,2026-09-06T05:06:51.531350+00:00,2026-09-06T05:21:51Z,True
tt06_444a8c0ea5667123d62aa9d5,dev,ts-travel-service,0,0,0,2026-09-06T05:06:51.531350+00:00,2026-09-06T05:21:51Z,True
tt06_444a8c0ea5667123d62aa9d5,dev,ts-travel2-service,0,0,0,2026-09-06T05:06:51.531350+00:00,2026-09-06T05:21:51Z,True
tt06_444a8c0ea5667123d62aa9d5,dev,ts-ui-dashboard,0,0,0,2026-09-06T05:06:51.531350+00:00,2026-09-06T05:21:51Z,True
tt06_444a8c0ea5667123d62aa9d5,dev,ts-user-service,0,0,0,2026-09-06T05:06:51.531350+00:00,2026-09-06T05:21:51Z,True
tt06_444a8c0ea5667123d62aa9d5,dev,tsdb-mysql,547,180,270,2026-09-06T05:06:51.531350+00:00,2026-09-06T05:21:51Z,True
tt06_487dfe92ec4a63b7afa76e18,dev,nacos,0,0,0,2026-09-05T16:58:10Z,2026-09-05T17:13:10Z,True
tt06_487dfe92ec4a63b7afa76e18,dev,nacosdb-mysql,548,180,270,2026-09-05T16:58:10Z,2026-09-05T17:13:10Z,True
tt06_487dfe92ec4a63b7afa76e18,dev,rabbitmq,0,0,0,2026-09-05T16:58:10Z,2026-09-05T17:13:10Z,True
tt06_487dfe92ec4a63b7afa76e18,dev,ts-auth-service,0,0,0,2026-09-05T16:58:10Z,2026-09-05T17:13:10Z,True
tt06_487dfe92ec4a63b7afa76e18,dev,ts-basic-service,0,0,0,2026-09-05T16:58:10Z,2026-09-05T17:13:10Z,True
tt06_487dfe92ec4a63b7afa76e18,dev,ts-config-service,0,0,0,2026-09-05T16:58:10Z,2026-09-05T17:13:10Z,True
tt06_487dfe92ec4a63b7afa76e18,dev,ts-contacts-service,0,0,0,2026-09-05T16:58:10Z,2026-09-05T17:13:10Z,True
tt06_487dfe92ec4a63b7afa76e18,dev,ts-gateway-service,0,0,0,2026-09-05T16:58:10Z,2026-09-05T17:13:10Z,True
tt06_487dfe92ec4a63b7afa76e18,dev,ts-order-other-service,0,0,0,2026-09-05T16:58:10Z,2026-09-05T17:13:10Z,True
tt06_487dfe92ec4a63b7afa76e18,dev,ts-order-service,0,0,0,2026-09-05T16:58:10Z,2026-09-05T17:13:10Z,True
tt06_487dfe92ec4a63b7afa76e18,dev,ts-price-service,40,16,24,2026-09-05T16:58:10Z,2026-09-05T17:13:10Z,True
tt06_487dfe92ec4a63b7afa76e18,dev,ts-route-service,7921,32,7068,2026-09-05T16:58:10Z,2026-09-05T17:13:10Z,True
tt06_487dfe92ec4a63b7afa76e18,dev,ts-seat-service,0,0,0,2026-09-05T16:58:10Z,2026-09-05T17:13:10Z,True
tt06_487dfe92ec4a63b7afa76e18,dev,ts-station-service,0,0,0,2026-09-05T16:58:10Z,2026-09-05T17:13:10Z,True
tt06_487dfe92ec4a63b7afa76e18,dev,ts-train-service,20,8,12,2026-09-05T16:58:10Z,2026-09-05T17:13:10Z,True
tt06_487dfe92ec4a63b7afa76e18,dev,ts-travel-service,0,0,0,2026-09-05T16:58:10Z,2026-09-05T17:13:10Z,True
tt06_487dfe92ec4a63b7afa76e18,dev,ts-travel2-service,0,0,0,2026-09-05T16:58:10Z,2026-09-05T17:13:10Z,True
tt06_487dfe92ec4a63b7afa76e18,dev,ts-ui-dashboard,0,0,0,2026-09-05T16:58:10Z,2026-09-05T17:13:10Z,True
tt06_487dfe92ec4a63b7afa76e18,dev,ts-user-service,0,0,0,2026-09-05T16:58:10Z,2026-09-05T17:13:10Z,True
tt06_487dfe92ec4a63b7afa76e18,dev,tsdb-mysql,546,180,270,2026-09-05T16:58:10Z,2026-09-05T17:13:10Z,True
tt06_4ca25561b5a7f4c522d5d595,dev,nacos,0,0,0,2026-09-06T03:47:24Z,2026-09-06T04:02:24Z,True
tt06_4ca25561b5a7f4c522d5d595,dev,nacosdb-mysql,547,180,270,2026-09-06T03:47:24Z,2026-09-06T04:02:24Z,True
tt06_4ca25561b5a7f4c522d5d595,dev,rabbitmq,0,0,0,2026-09-06T03:47:24Z,2026-09-06T04:02:24Z,True
tt06_4ca25561b5a7f4c522d5d595,dev,ts-auth-service,0,0,0,2026-09-06T03:47:24Z,2026-09-06T04:02:24Z,True
tt06_4ca25561b5a7f4c522d5d595,dev,ts-basic-service,0,0,0,2026-09-06T03:47:24Z,2026-09-06T04:02:24Z,True
tt06_4ca25561b5a7f4c522d5d595,dev,ts-config-service,0,0,0,2026-09-06T03:47:24Z,2026-09-06T04:02:24Z,True
tt06_4ca25561b5a7f4c522d5d595,dev,ts-contacts-service,0,0,0,2026-09-06T03:47:24Z,2026-09-06T04:02:24Z,True
tt06_4ca25561b5a7f4c522d5d595,dev,ts-gateway-service,0,0,0,2026-09-06T03:47:24Z,2026-09-06T04:02:24Z,True
tt06_4ca25561b5a7f4c522d5d595,dev,ts-order-other-service,0,0,0,2026-09-06T03:47:24Z,2026-09-06T04:02:24Z,True
tt06_4ca25561b5a7f4c522d5d595,dev,ts-order-service,0,0,0,2026-09-06T03:47:24Z,2026-09-06T04:02:24Z,True
tt06_4ca25561b5a7f4c522d5d595,dev,ts-price-service,63,48,15,2026-09-06T03:47:24Z,2026-09-06T04:02:24Z,True
tt06_4ca25561b5a7f4c522d5d595,dev,ts-route-service,60,24,36,2026-09-06T03:47:24Z,2026-09-06T04:02:24Z,True
tt06_4ca25561b5a7f4c522d5d595,dev,ts-seat-service,0,0,0,2026-09-06T03:47:24Z,2026-09-06T04:02:24Z,True
tt06_4ca25561b5a7f4c522d5d595,dev,ts-station-service,0,0,0,2026-09-06T03:47:24Z,2026-09-06T04:02:24Z,True
tt06_4ca25561b5a7f4c522d5d595,dev,ts-train-service,56,24,32,2026-09-06T03:47:24Z,2026-09-06T04:02:24Z,True
tt06_4ca25561b5a7f4c522d5d595,dev,ts-travel-service,0,0,0,2026-09-06T03:47:24Z,2026-09-06T04:02:24Z,True
tt06_4ca25561b5a7f4c522d5d595,dev,ts-travel2-service,0,0,0,2026-09-06T03:47:24Z,2026-09-06T04:02:24Z,True
tt06_4ca25561b5a7f4c522d5d595,dev,ts-ui-dashboard,0,0,0,2026-09-06T03:47:24Z,2026-09-06T04:02:24Z,True
tt06_4ca25561b5a7f4c522d5d595,dev,ts-user-service,0,0,0,2026-09-06T03:47:24Z,2026-09-06T04:02:24Z,True
tt06_4ca25561b5a7f4c522d5d595,dev,tsdb-mysql,547,180,270,2026-09-06T03:47:24Z,2026-09-06T04:02:24Z,True
tt06_56e46d12be62a2ae7d536a70,dev,nacos,0,0,0,2026-09-05T23:59:00.685100+00:00,2026-09-06T00:14:00Z,True
tt06_56e46d12be62a2ae7d536a70,dev,nacosdb-mysql,547,181,269,2026-09-05T23:59:00.685100+00:00,2026-09-06T00:14:00Z,True
tt06_56e46d12be62a2ae7d536a70,dev,rabbitmq,0,0,0,2026-09-05T23:59:00.685100+00:00,2026-09-06T00:14:00Z,True
tt06_56e46d12be62a2ae7d536a70,dev,ts-auth-service,0,0,0,2026-09-05T23:59:00.685100+00:00,2026-09-06T00:14:00Z,True
tt06_56e46d12be62a2ae7d536a70,dev,ts-basic-service,0,0,0,2026-09-05T23:59:00.685100+00:00,2026-09-06T00:14:00Z,True
tt06_56e46d12be62a2ae7d536a70,dev,ts-config-service,0,0,0,2026-09-05T23:59:00.685100+00:00,2026-09-06T00:14:00Z,True
tt06_56e46d12be62a2ae7d536a70,dev,ts-contacts-service,0,0,0,2026-09-05T23:59:00.685100+00:00,2026-09-06T00:14:00Z,True
tt06_56e46d12be62a2ae7d536a70,dev,ts-gateway-service,0,0,0,2026-09-05T23:59:00.685100+00:00,2026-09-06T00:14:00Z,True
tt06_56e46d12be62a2ae7d536a70,dev,ts-order-other-service,0,0,0,2026-09-05T23:59:00.685100+00:00,2026-09-06T00:14:00Z,True
tt06_56e46d12be62a2ae7d536a70,dev,ts-order-service,0,0,0,2026-09-05T23:59:00.685100+00:00,2026-09-06T00:14:00Z,True
tt06_56e46d12be62a2ae7d536a70,dev,ts-price-service,42,16,24,2026-09-05T23:59:00.685100+00:00,2026-09-06T00:14:00Z,True
tt06_56e46d12be62a2ae7d536a70,dev,ts-route-service,21,8,12,2026-09-05T23:59:00.685100+00:00,2026-09-06T00:14:00Z,True
tt06_56e46d12be62a2ae7d536a70,dev,ts-seat-service,0,0,0,2026-09-05T23:59:00.685100+00:00,2026-09-06T00:14:00Z,True
tt06_56e46d12be62a2ae7d536a70,dev,ts-station-service,0,0,0,2026-09-05T23:59:00.685100+00:00,2026-09-06T00:14:00Z,True
tt06_56e46d12be62a2ae7d536a70,dev,ts-train-service,81,32,48,2026-09-05T23:59:00.685100+00:00,2026-09-06T00:14:00Z,True
tt06_56e46d12be62a2ae7d536a70,dev,ts-travel-service,0,0,0,2026-09-05T23:59:00.685100+00:00,2026-09-06T00:14:00Z,True
tt06_56e46d12be62a2ae7d536a70,dev,ts-travel2-service,0,0,0,2026-09-05T23:59:00.685100+00:00,2026-09-06T00:14:00Z,True
tt06_56e46d12be62a2ae7d536a70,dev,ts-ui-dashboard,0,0,0,2026-09-05T23:59:00.685100+00:00,2026-09-06T00:14:00Z,True
tt06_56e46d12be62a2ae7d536a70,dev,ts-user-service,0,0,0,2026-09-05T23:59:00.685100+00:00,2026-09-06T00:14:00Z,True
tt06_56e46d12be62a2ae7d536a70,dev,tsdb-mysql,547,180,270,2026-09-05T23:59:00.685100+00:00,2026-09-06T00:14:00Z,True
tt06_59dfc3055ffb1c77b81b8a0b,dev,nacos,0,0,0,2026-09-05T16:18:46.784308+00:00,2026-09-05T16:33:46Z,True
tt06_59dfc3055ffb1c77b81b8a0b,dev,nacosdb-mysql,546,180,270,2026-09-05T16:18:46.784308+00:00,2026-09-05T16:33:46Z,True
tt06_59dfc3055ffb1c77b81b8a0b,dev,rabbitmq,0,0,0,2026-09-05T16:18:46.784308+00:00,2026-09-05T16:33:46Z,True
tt06_59dfc3055ffb1c77b81b8a0b,dev,ts-auth-service,0,0,0,2026-09-05T16:18:46.784308+00:00,2026-09-05T16:33:46Z,True
tt06_59dfc3055ffb1c77b81b8a0b,dev,ts-basic-service,0,0,0,2026-09-05T16:18:46.784308+00:00,2026-09-05T16:33:46Z,True
tt06_59dfc3055ffb1c77b81b8a0b,dev,ts-config-service,0,0,0,2026-09-05T16:18:46.784308+00:00,2026-09-05T16:33:46Z,True
tt06_59dfc3055ffb1c77b81b8a0b,dev,ts-contacts-service,0,0,0,2026-09-05T16:18:46.784308+00:00,2026-09-05T16:33:46Z,True
tt06_59dfc3055ffb1c77b81b8a0b,dev,ts-gateway-service,150,0,41,2026-09-05T16:18:46.784308+00:00,2026-09-05T16:33:46Z,True
tt06_59dfc3055ffb1c77b81b8a0b,dev,ts-order-other-service,0,0,0,2026-09-05T16:18:46.784308+00:00,2026-09-05T16:33:46Z,True
tt06_59dfc3055ffb1c77b81b8a0b,dev,ts-order-service,0,0,0,2026-09-05T16:18:46.784308+00:00,2026-09-05T16:33:46Z,True
tt06_59dfc3055ffb1c77b81b8a0b,dev,ts-price-service,74,30,42,2026-09-05T16:18:46.784308+00:00,2026-09-05T16:33:46Z,True
tt06_59dfc3055ffb1c77b81b8a0b,dev,ts-route-service,40,15,24,2026-09-05T16:18:46.784308+00:00,2026-09-05T16:33:46Z,True
tt06_59dfc3055ffb1c77b81b8a0b,dev,ts-seat-service,0,0,0,2026-09-05T16:18:46.784308+00:00,2026-09-05T16:33:46Z,True
tt06_59dfc3055ffb1c77b81b8a0b,dev,ts-station-service,0,0,0,2026-09-05T16:18:46.784308+00:00,2026-09-05T16:33:46Z,True
tt06_59dfc3055ffb1c77b81b8a0b,dev,ts-train-service,39,15,23,2026-09-05T16:18:46.784308+00:00,2026-09-05T16:33:46Z,True
tt06_59dfc3055ffb1c77b81b8a0b,dev,ts-travel-service,0,0,0,2026-09-05T16:18:46.784308+00:00,2026-09-05T16:33:46Z,True
tt06_59dfc3055ffb1c77b81b8a0b,dev,ts-travel2-service,0,0,0,2026-09-05T16:18:46.784308+00:00,2026-09-05T16:33:46Z,True
tt06_59dfc3055ffb1c77b81b8a0b,dev,ts-ui-dashboard,0,0,0,2026-09-05T16:18:46.784308+00:00,2026-09-05T16:33:46Z,True
tt06_59dfc3055ffb1c77b81b8a0b,dev,ts-user-service,0,0,0,2026-09-05T16:18:46.784308+00:00,2026-09-05T16:33:46Z,True
tt06_59dfc3055ffb1c77b81b8a0b,dev,tsdb-mysql,546,180,270,2026-09-05T16:18:46.784308+00:00,2026-09-05T16:33:46Z,True
tt06_5ef29ec4ff56afa2a035317d,dev,nacos,0,0,0,2026-09-05T22:05:45Z,2026-09-05T22:20:45Z,True
tt06_5ef29ec4ff56afa2a035317d,dev,nacosdb-mysql,546,180,270,2026-09-05T22:05:45Z,2026-09-05T22:20:45Z,True
tt06_5ef29ec4ff56afa2a035317d,dev,rabbitmq,0,0,0,2026-09-05T22:05:45Z,2026-09-05T22:20:45Z,True
tt06_5ef29ec4ff56afa2a035317d,dev,ts-auth-service,0,0,0,2026-09-05T22:05:45Z,2026-09-05T22:20:45Z,True
tt06_5ef29ec4ff56afa2a035317d,dev,ts-basic-service,0,0,0,2026-09-05T22:05:45Z,2026-09-05T22:20:45Z,True
tt06_5ef29ec4ff56afa2a035317d,dev,ts-config-service,0,0,0,2026-09-05T22:05:45Z,2026-09-05T22:20:45Z,True
tt06_5ef29ec4ff56afa2a035317d,dev,ts-contacts-service,0,0,0,2026-09-05T22:05:45Z,2026-09-05T22:20:45Z,True
tt06_5ef29ec4ff56afa2a035317d,dev,ts-gateway-service,0,0,0,2026-09-05T22:05:45Z,2026-09-05T22:20:45Z,True
tt06_5ef29ec4ff56afa2a035317d,dev,ts-order-other-service,0,0,0,2026-09-05T22:05:45Z,2026-09-05T22:20:45Z,True
tt06_5ef29ec4ff56afa2a035317d,dev,ts-order-service,0,0,0,2026-09-05T22:05:45Z,2026-09-05T22:20:45Z,True
tt06_5ef29ec4ff56afa2a035317d,dev,ts-price-service,40,16,24,2026-09-05T22:05:45Z,2026-09-05T22:20:45Z,True
tt06_5ef29ec4ff56afa2a035317d,dev,ts-route-service,20,8,12,2026-09-05T22:05:45Z,2026-09-05T22:20:45Z,True
tt06_5ef29ec4ff56afa2a035317d,dev,ts-seat-service,0,0,0,2026-09-05T22:05:45Z,2026-09-05T22:20:45Z,True
tt06_5ef29ec4ff56afa2a035317d,dev,ts-station-service,0,0,0,2026-09-05T22:05:45Z,2026-09-05T22:20:45Z,True
tt06_5ef29ec4ff56afa2a035317d,dev,ts-train-service,7735,32,6882,2026-09-05T22:05:45Z,2026-09-05T22:20:45Z,True
tt06_5ef29ec4ff56afa2a035317d,dev,ts-travel-service,0,0,0,2026-09-05T22:05:45Z,2026-09-05T22:20:45Z,True
tt06_5ef29ec4ff56afa2a035317d,dev,ts-travel2-service,0,0,0,2026-09-05T22:05:45Z,2026-09-05T22:20:45Z,True
tt06_5ef29ec4ff56afa2a035317d,dev,ts-ui-dashboard,0,0,0,2026-09-05T22:05:45Z,2026-09-05T22:20:45Z,True
tt06_5ef29ec4ff56afa2a035317d,dev,ts-user-service,0,0,0,2026-09-05T22:05:45Z,2026-09-05T22:20:45Z,True
tt06_5ef29ec4ff56afa2a035317d,dev,tsdb-mysql,546,180,270,2026-09-05T22:05:45Z,2026-09-05T22:20:45Z,True
tt06_696f9a3cebc52be4c5cc41b1,dev,nacos,0,0,0,2026-09-06T01:56:14.389824+00:00,2026-09-06T02:11:14Z,True
tt06_696f9a3cebc52be4c5cc41b1,dev,nacosdb-mysql,546,180,270,2026-09-06T01:56:14.389824+00:00,2026-09-06T02:11:14Z,True
tt06_696f9a3cebc52be4c5cc41b1,dev,rabbitmq,0,0,0,2026-09-06T01:56:14.389824+00:00,2026-09-06T02:11:14Z,True
tt06_696f9a3cebc52be4c5cc41b1,dev,ts-auth-service,0,0,0,2026-09-06T01:56:14.389824+00:00,2026-09-06T02:11:14Z,True
tt06_696f9a3cebc52be4c5cc41b1,dev,ts-basic-service,0,0,0,2026-09-06T01:56:14.389824+00:00,2026-09-06T02:11:14Z,True
tt06_696f9a3cebc52be4c5cc41b1,dev,ts-config-service,0,0,0,2026-09-06T01:56:14.389824+00:00,2026-09-06T02:11:14Z,True
tt06_696f9a3cebc52be4c5cc41b1,dev,ts-contacts-service,0,0,0,2026-09-06T01:56:14.389824+00:00,2026-09-06T02:11:14Z,True
tt06_696f9a3cebc52be4c5cc41b1,dev,ts-gateway-service,150,0,17,2026-09-06T01:56:14.389824+00:00,2026-09-06T02:11:14Z,True
tt06_696f9a3cebc52be4c5cc41b1,dev,ts-order-other-service,0,0,0,2026-09-06T01:56:14.389824+00:00,2026-09-06T02:11:14Z,True
tt06_696f9a3cebc52be4c5cc41b1,dev,ts-order-service,0,0,0,2026-09-06T01:56:14.389824+00:00,2026-09-06T02:11:14Z,True
tt06_696f9a3cebc52be4c5cc41b1,dev,ts-price-service,74,30,42,2026-09-06T01:56:14.389824+00:00,2026-09-06T02:11:14Z,True
tt06_696f9a3cebc52be4c5cc41b1,dev,ts-route-service,40,15,24,2026-09-06T01:56:14.389824+00:00,2026-09-06T02:11:14Z,True
tt06_696f9a3cebc52be4c5cc41b1,dev,ts-seat-service,0,0,0,2026-09-06T01:56:14.389824+00:00,2026-09-06T02:11:14Z,True
tt06_696f9a3cebc52be4c5cc41b1,dev,ts-station-service,0,0,0,2026-09-06T01:56:14.389824+00:00,2026-09-06T02:11:14Z,True
tt06_696f9a3cebc52be4c5cc41b1,dev,ts-train-service,39,15,23,2026-09-06T01:56:14.389824+00:00,2026-09-06T02:11:14Z,True
tt06_696f9a3cebc52be4c5cc41b1,dev,ts-travel-service,0,0,0,2026-09-06T01:56:14.389824+00:00,2026-09-06T02:11:14Z,True
tt06_696f9a3cebc52be4c5cc41b1,dev,ts-travel2-service,0,0,0,2026-09-06T01:56:14.389824+00:00,2026-09-06T02:11:14Z,True
tt06_696f9a3cebc52be4c5cc41b1,dev,ts-ui-dashboard,0,0,0,2026-09-06T01:56:14.389824+00:00,2026-09-06T02:11:14Z,True
tt06_696f9a3cebc52be4c5cc41b1,dev,ts-user-service,0,0,0,2026-09-06T01:56:14.389824+00:00,2026-09-06T02:11:14Z,True
tt06_696f9a3cebc52be4c5cc41b1,dev,tsdb-mysql,547,181,270,2026-09-06T01:56:14.389824+00:00,2026-09-06T02:11:14Z,True
tt06_7224f1347ec63716bf857bdb,dev,nacos,0,0,0,2026-09-05T06:03:11.896236+00:00,2026-09-05T06:18:11Z,True
tt06_7224f1347ec63716bf857bdb,dev,nacosdb-mysql,548,181,270,2026-09-05T06:03:11.896236+00:00,2026-09-05T06:18:11Z,True
tt06_7224f1347ec63716bf857bdb,dev,rabbitmq,0,0,0,2026-09-05T06:03:11.896236+00:00,2026-09-05T06:18:11Z,True
tt06_7224f1347ec63716bf857bdb,dev,ts-auth-service,0,0,0,2026-09-05T06:03:11.896236+00:00,2026-09-05T06:18:11Z,True
tt06_7224f1347ec63716bf857bdb,dev,ts-basic-service,0,0,0,2026-09-05T06:03:11.896236+00:00,2026-09-05T06:18:11Z,True
tt06_7224f1347ec63716bf857bdb,dev,ts-config-service,0,0,0,2026-09-05T06:03:11.896236+00:00,2026-09-05T06:18:11Z,True
tt06_7224f1347ec63716bf857bdb,dev,ts-contacts-service,0,0,0,2026-09-05T06:03:11.896236+00:00,2026-09-05T06:18:11Z,True
tt06_7224f1347ec63716bf857bdb,dev,ts-gateway-service,0,0,0,2026-09-05T06:03:11.896236+00:00,2026-09-05T06:18:11Z,True
tt06_7224f1347ec63716bf857bdb,dev,ts-order-other-service,0,0,0,2026-09-05T06:03:11.896236+00:00,2026-09-05T06:18:11Z,True
tt06_7224f1347ec63716bf857bdb,dev,ts-order-service,0,0,0,2026-09-05T06:03:11.896236+00:00,2026-09-05T06:18:11Z,True
tt06_7224f1347ec63716bf857bdb,dev,ts-price-service,207,48,80,2026-09-05T06:03:11.896236+00:00,2026-09-05T06:18:11Z,True
tt06_7224f1347ec63716bf857bdb,dev,ts-route-service,61,24,36,2026-09-05T06:03:11.896236+00:00,2026-09-05T06:18:11Z,True
tt06_7224f1347ec63716bf857bdb,dev,ts-seat-service,0,0,0,2026-09-05T06:03:11.896236+00:00,2026-09-05T06:18:11Z,True
tt06_7224f1347ec63716bf857bdb,dev,ts-station-service,0,0,0,2026-09-05T06:03:11.896236+00:00,2026-09-05T06:18:11Z,True
tt06_7224f1347ec63716bf857bdb,dev,ts-train-service,57,24,32,2026-09-05T06:03:11.896236+00:00,2026-09-05T06:18:11Z,True
tt06_7224f1347ec63716bf857bdb,dev,ts-travel-service,0,0,0,2026-09-05T06:03:11.896236+00:00,2026-09-05T06:18:11Z,True
tt06_7224f1347ec63716bf857bdb,dev,ts-travel2-service,0,0,0,2026-09-05T06:03:11.896236+00:00,2026-09-05T06:18:11Z,True
tt06_7224f1347ec63716bf857bdb,dev,ts-ui-dashboard,0,0,0,2026-09-05T06:03:11.896236+00:00,2026-09-05T06:18:11Z,True
tt06_7224f1347ec63716bf857bdb,dev,ts-user-service,0,0,0,2026-09-05T06:03:11.896236+00:00,2026-09-05T06:18:11Z,True
tt06_7224f1347ec63716bf857bdb,dev,tsdb-mysql,547,180,270,2026-09-05T06:03:11.896236+00:00,2026-09-05T06:18:11Z,True
tt06_7b4914bec609844a39f6ee41,dev,nacos,0,0,0,2026-09-05T11:47:52.347152+00:00,2026-09-05T12:02:52Z,True
tt06_7b4914bec609844a39f6ee41,dev,nacosdb-mysql,548,180,270,2026-09-05T11:47:52.347152+00:00,2026-09-05T12:02:52Z,True
tt06_7b4914bec609844a39f6ee41,dev,rabbitmq,0,0,0,2026-09-05T11:47:52.347152+00:00,2026-09-05T12:02:52Z,True
tt06_7b4914bec609844a39f6ee41,dev,ts-auth-service,0,0,0,2026-09-05T11:47:52.347152+00:00,2026-09-05T12:02:52Z,True
tt06_7b4914bec609844a39f6ee41,dev,ts-basic-service,0,0,0,2026-09-05T11:47:52.347152+00:00,2026-09-05T12:02:52Z,True
tt06_7b4914bec609844a39f6ee41,dev,ts-config-service,0,0,0,2026-09-05T11:47:52.347152+00:00,2026-09-05T12:02:52Z,True
tt06_7b4914bec609844a39f6ee41,dev,ts-contacts-service,0,0,0,2026-09-05T11:47:52.347152+00:00,2026-09-05T12:02:52Z,True
tt06_7b4914bec609844a39f6ee41,dev,ts-gateway-service,0,0,0,2026-09-05T11:47:52.347152+00:00,2026-09-05T12:02:52Z,True
tt06_7b4914bec609844a39f6ee41,dev,ts-order-other-service,0,0,0,2026-09-05T11:47:52.347152+00:00,2026-09-05T12:02:52Z,True
tt06_7b4914bec609844a39f6ee41,dev,ts-order-service,0,0,0,2026-09-05T11:47:52.347152+00:00,2026-09-05T12:02:52Z,True
tt06_7b4914bec609844a39f6ee41,dev,ts-price-service,42,16,24,2026-09-05T11:47:52.347152+00:00,2026-09-05T12:02:52Z,True
tt06_7b4914bec609844a39f6ee41,dev,ts-route-service,21,8,12,2026-09-05T11:47:52.347152+00:00,2026-09-05T12:02:52Z,True
tt06_7b4914bec609844a39f6ee41,dev,ts-seat-service,0,0,0,2026-09-05T11:47:52.347152+00:00,2026-09-05T12:02:52Z,True
tt06_7b4914bec609844a39f6ee41,dev,ts-station-service,0,0,0,2026-09-05T11:47:52.347152+00:00,2026-09-05T12:02:52Z,True
tt06_7b4914bec609844a39f6ee41,dev,ts-train-service,81,32,48,2026-09-05T11:47:52.347152+00:00,2026-09-05T12:02:52Z,True
tt06_7b4914bec609844a39f6ee41,dev,ts-travel-service,0,0,0,2026-09-05T11:47:52.347152+00:00,2026-09-05T12:02:52Z,True
tt06_7b4914bec609844a39f6ee41,dev,ts-travel2-service,0,0,0,2026-09-05T11:47:52.347152+00:00,2026-09-05T12:02:52Z,True
tt06_7b4914bec609844a39f6ee41,dev,ts-ui-dashboard,0,0,0,2026-09-05T11:47:52.347152+00:00,2026-09-05T12:02:52Z,True
tt06_7b4914bec609844a39f6ee41,dev,ts-user-service,0,0,0,2026-09-05T11:47:52.347152+00:00,2026-09-05T12:02:52Z,True
tt06_7b4914bec609844a39f6ee41,dev,tsdb-mysql,547,180,269,2026-09-05T11:47:52.347152+00:00,2026-09-05T12:02:52Z,True
tt06_7f009fa2e8da4155ad76bad7,dev,nacos,0,0,0,2026-09-05T09:54:35Z,2026-09-05T10:09:35Z,True
tt06_7f009fa2e8da4155ad76bad7,dev,nacosdb-mysql,547,180,270,2026-09-05T09:54:35Z,2026-09-05T10:09:35Z,True
tt06_7f009fa2e8da4155ad76bad7,dev,rabbitmq,0,0,0,2026-09-05T09:54:35Z,2026-09-05T10:09:35Z,True
tt06_7f009fa2e8da4155ad76bad7,dev,ts-auth-service,0,0,0,2026-09-05T09:54:35Z,2026-09-05T10:09:35Z,True
tt06_7f009fa2e8da4155ad76bad7,dev,ts-basic-service,0,0,0,2026-09-05T09:54:35Z,2026-09-05T10:09:35Z,True
tt06_7f009fa2e8da4155ad76bad7,dev,ts-config-service,0,0,0,2026-09-05T09:54:35Z,2026-09-05T10:09:35Z,True
tt06_7f009fa2e8da4155ad76bad7,dev,ts-contacts-service,0,0,0,2026-09-05T09:54:35Z,2026-09-05T10:09:35Z,True
tt06_7f009fa2e8da4155ad76bad7,dev,ts-gateway-service,0,0,0,2026-09-05T09:54:35Z,2026-09-05T10:09:35Z,True
tt06_7f009fa2e8da4155ad76bad7,dev,ts-order-other-service,0,0,0,2026-09-05T09:54:35Z,2026-09-05T10:09:35Z,True
tt06_7f009fa2e8da4155ad76bad7,dev,ts-order-service,0,0,0,2026-09-05T09:54:35Z,2026-09-05T10:09:35Z,True
tt06_7f009fa2e8da4155ad76bad7,dev,ts-price-service,40,16,24,2026-09-05T09:54:35Z,2026-09-05T10:09:35Z,True
tt06_7f009fa2e8da4155ad76bad7,dev,ts-route-service,20,8,12,2026-09-05T09:54:35Z,2026-09-05T10:09:35Z,True
tt06_7f009fa2e8da4155ad76bad7,dev,ts-seat-service,0,0,0,2026-09-05T09:54:35Z,2026-09-05T10:09:35Z,True
tt06_7f009fa2e8da4155ad76bad7,dev,ts-station-service,744,0,525,2026-09-05T09:54:35Z,2026-09-05T10:09:35Z,True
tt06_7f009fa2e8da4155ad76bad7,dev,ts-train-service,80,32,48,2026-09-05T09:54:35Z,2026-09-05T10:09:35Z,True
tt06_7f009fa2e8da4155ad76bad7,dev,ts-travel-service,0,0,0,2026-09-05T09:54:35Z,2026-09-05T10:09:35Z,True
tt06_7f009fa2e8da4155ad76bad7,dev,ts-travel2-service,0,0,0,2026-09-05T09:54:35Z,2026-09-05T10:09:35Z,True
tt06_7f009fa2e8da4155ad76bad7,dev,ts-ui-dashboard,0,0,0,2026-09-05T09:54:35Z,2026-09-05T10:09:35Z,True
tt06_7f009fa2e8da4155ad76bad7,dev,ts-user-service,0,0,0,2026-09-05T09:54:35Z,2026-09-05T10:09:35Z,True
tt06_7f009fa2e8da4155ad76bad7,dev,tsdb-mysql,546,180,270,2026-09-05T09:54:35Z,2026-09-05T10:09:35Z,True
tt06_934f885ac572381ec2063b6a,dev,nacos,0,0,0,2026-09-05T18:51:28.086003+00:00,2026-09-05T19:06:28Z,True
tt06_934f885ac572381ec2063b6a,dev,nacosdb-mysql,547,180,270,2026-09-05T18:51:28.086003+00:00,2026-09-05T19:06:28Z,True
tt06_934f885ac572381ec2063b6a,dev,rabbitmq,0,0,0,2026-09-05T18:51:28.086003+00:00,2026-09-05T19:06:28Z,True
tt06_934f885ac572381ec2063b6a,dev,ts-auth-service,0,0,0,2026-09-05T18:51:28.086003+00:00,2026-09-05T19:06:28Z,True
tt06_934f885ac572381ec2063b6a,dev,ts-basic-service,0,0,0,2026-09-05T18:51:28.086003+00:00,2026-09-05T19:06:28Z,True
tt06_934f885ac572381ec2063b6a,dev,ts-config-service,0,0,0,2026-09-05T18:51:28.086003+00:00,2026-09-05T19:06:28Z,True
tt06_934f885ac572381ec2063b6a,dev,ts-contacts-service,0,0,0,2026-09-05T18:51:28.086003+00:00,2026-09-05T19:06:28Z,True
tt06_934f885ac572381ec2063b6a,dev,ts-gateway-service,0,0,0,2026-09-05T18:51:28.086003+00:00,2026-09-05T19:06:28Z,True
tt06_934f885ac572381ec2063b6a,dev,ts-order-other-service,0,0,0,2026-09-05T18:51:28.086003+00:00,2026-09-05T19:06:28Z,True
tt06_934f885ac572381ec2063b6a,dev,ts-order-service,0,0,0,2026-09-05T18:51:28.086003+00:00,2026-09-05T19:06:28Z,True
tt06_934f885ac572381ec2063b6a,dev,ts-price-service,42,16,24,2026-09-05T18:51:28.086003+00:00,2026-09-05T19:06:28Z,True
tt06_934f885ac572381ec2063b6a,dev,ts-route-service,81,32,48,2026-09-05T18:51:28.086003+00:00,2026-09-05T19:06:28Z,True
tt06_934f885ac572381ec2063b6a,dev,ts-seat-service,0,0,0,2026-09-05T18:51:28.086003+00:00,2026-09-05T19:06:28Z,True
tt06_934f885ac572381ec2063b6a,dev,ts-station-service,0,0,0,2026-09-05T18:51:28.086003+00:00,2026-09-05T19:06:28Z,True
tt06_934f885ac572381ec2063b6a,dev,ts-train-service,21,8,12,2026-09-05T18:51:28.086003+00:00,2026-09-05T19:06:28Z,True
tt06_934f885ac572381ec2063b6a,dev,ts-travel-service,0,0,0,2026-09-05T18:51:28.086003+00:00,2026-09-05T19:06:28Z,True
tt06_934f885ac572381ec2063b6a,dev,ts-travel2-service,0,0,0,2026-09-05T18:51:28.086003+00:00,2026-09-05T19:06:28Z,True
tt06_934f885ac572381ec2063b6a,dev,ts-ui-dashboard,0,0,0,2026-09-05T18:51:28.086003+00:00,2026-09-05T19:06:28Z,True
tt06_934f885ac572381ec2063b6a,dev,ts-user-service,0,0,0,2026-09-05T18:51:28.086003+00:00,2026-09-05T19:06:28Z,True
tt06_934f885ac572381ec2063b6a,dev,tsdb-mysql,548,182,270,2026-09-05T18:51:28.086003+00:00,2026-09-05T19:06:28Z,True
tt06_9e8866ec1a8e863a310b4fe8,dev,nacos,0,0,0,2026-09-05T04:06:26.153833+00:00,2026-09-05T04:21:26Z,True
tt06_9e8866ec1a8e863a310b4fe8,dev,nacosdb-mysql,548,182,270,2026-09-05T04:06:26.153833+00:00,2026-09-05T04:21:26Z,True
tt06_9e8866ec1a8e863a310b4fe8,dev,rabbitmq,0,0,0,2026-09-05T04:06:26.153833+00:00,2026-09-05T04:21:26Z,True
tt06_9e8866ec1a8e863a310b4fe8,dev,ts-auth-service,0,0,0,2026-09-05T04:06:26.153833+00:00,2026-09-05T04:21:26Z,True
tt06_9e8866ec1a8e863a310b4fe8,dev,ts-basic-service,0,0,0,2026-09-05T04:06:26.153833+00:00,2026-09-05T04:21:26Z,True
tt06_9e8866ec1a8e863a310b4fe8,dev,ts-config-service,0,0,0,2026-09-05T04:06:26.153833+00:00,2026-09-05T04:21:26Z,True
tt06_9e8866ec1a8e863a310b4fe8,dev,ts-contacts-service,0,0,0,2026-09-05T04:06:26.153833+00:00,2026-09-05T04:21:26Z,True
tt06_9e8866ec1a8e863a310b4fe8,dev,ts-gateway-service,0,0,0,2026-09-05T04:06:26.153833+00:00,2026-09-05T04:21:26Z,True
tt06_9e8866ec1a8e863a310b4fe8,dev,ts-order-other-service,0,0,0,2026-09-05T04:06:26.153833+00:00,2026-09-05T04:21:26Z,True
tt06_9e8866ec1a8e863a310b4fe8,dev,ts-order-service,0,0,0,2026-09-05T04:06:26.153833+00:00,2026-09-05T04:21:26Z,True
tt06_9e8866ec1a8e863a310b4fe8,dev,ts-price-service,130,48,80,2026-09-05T04:06:26.153833+00:00,2026-09-05T04:21:26Z,True
tt06_9e8866ec1a8e863a310b4fe8,dev,ts-route-service,61,24,36,2026-09-05T04:06:26.153833+00:00,2026-09-05T04:21:26Z,True
tt06_9e8866ec1a8e863a310b4fe8,dev,ts-seat-service,0,0,0,2026-09-05T04:06:26.153833+00:00,2026-09-05T04:21:26Z,True
tt06_9e8866ec1a8e863a310b4fe8,dev,ts-station-service,0,0,0,2026-09-05T04:06:26.153833+00:00,2026-09-05T04:21:26Z,True
tt06_9e8866ec1a8e863a310b4fe8,dev,ts-train-service,57,24,32,2026-09-05T04:06:26.153833+00:00,2026-09-05T04:21:26Z,True
tt06_9e8866ec1a8e863a310b4fe8,dev,ts-travel-service,0,0,0,2026-09-05T04:06:26.153833+00:00,2026-09-05T04:21:26Z,True
tt06_9e8866ec1a8e863a310b4fe8,dev,ts-travel2-service,0,0,0,2026-09-05T04:06:26.153833+00:00,2026-09-05T04:21:26Z,True
tt06_9e8866ec1a8e863a310b4fe8,dev,ts-ui-dashboard,0,0,0,2026-09-05T04:06:26.153833+00:00,2026-09-05T04:21:26Z,True
tt06_9e8866ec1a8e863a310b4fe8,dev,ts-user-service,0,0,0,2026-09-05T04:06:26.153833+00:00,2026-09-05T04:21:26Z,True
tt06_9e8866ec1a8e863a310b4fe8,dev,tsdb-mysql,548,180,270,2026-09-05T04:06:26.153833+00:00,2026-09-05T04:21:26Z,True
tt06_accf86ace8a8462337024036,dev,nacos,0,0,0,2026-09-05T15:36:11Z,2026-09-05T15:51:11Z,True
tt06_accf86ace8a8462337024036,dev,nacosdb-mysql,548,182,270,2026-09-05T15:36:11Z,2026-09-05T15:51:11Z,True
tt06_accf86ace8a8462337024036,dev,rabbitmq,0,0,0,2026-09-05T15:36:11Z,2026-09-05T15:51:11Z,True
tt06_accf86ace8a8462337024036,dev,ts-auth-service,0,0,0,2026-09-05T15:36:11Z,2026-09-05T15:51:11Z,True
tt06_accf86ace8a8462337024036,dev,ts-basic-service,0,0,0,2026-09-05T15:36:11Z,2026-09-05T15:51:11Z,True
tt06_accf86ace8a8462337024036,dev,ts-config-service,0,0,0,2026-09-05T15:36:11Z,2026-09-05T15:51:11Z,True
tt06_accf86ace8a8462337024036,dev,ts-contacts-service,0,0,0,2026-09-05T15:36:11Z,2026-09-05T15:51:11Z,True
tt06_accf86ace8a8462337024036,dev,ts-gateway-service,12,0,12,2026-09-05T15:36:11Z,2026-09-05T15:51:11Z,True
tt06_accf86ace8a8462337024036,dev,ts-order-other-service,0,0,0,2026-09-05T15:36:11Z,2026-09-05T15:51:11Z,True
tt06_accf86ace8a8462337024036,dev,ts-order-service,0,0,0,2026-09-05T15:36:11Z,2026-09-05T15:51:11Z,True
tt06_accf86ace8a8462337024036,dev,ts-price-service,30,30,0,2026-09-05T15:36:11Z,2026-09-05T15:51:11Z,True
tt06_accf86ace8a8462337024036,dev,ts-route-service,15,15,0,2026-09-05T15:36:11Z,2026-09-05T15:51:11Z,True
tt06_accf86ace8a8462337024036,dev,ts-seat-service,0,0,0,2026-09-05T15:36:11Z,2026-09-05T15:51:11Z,True
tt06_accf86ace8a8462337024036,dev,ts-station-service,0,0,0,2026-09-05T15:36:11Z,2026-09-05T15:51:11Z,True
tt06_accf86ace8a8462337024036,dev,ts-train-service,15,15,0,2026-09-05T15:36:11Z,2026-09-05T15:51:11Z,True
tt06_accf86ace8a8462337024036,dev,ts-travel-service,0,0,0,2026-09-05T15:36:11Z,2026-09-05T15:51:11Z,True
tt06_accf86ace8a8462337024036,dev,ts-travel2-service,0,0,0,2026-09-05T15:36:11Z,2026-09-05T15:51:11Z,True
tt06_accf86ace8a8462337024036,dev,ts-ui-dashboard,0,0,0,2026-09-05T15:36:11Z,2026-09-05T15:51:11Z,True
tt06_accf86ace8a8462337024036,dev,ts-user-service,0,0,0,2026-09-05T15:36:11Z,2026-09-05T15:51:11Z,True
tt06_accf86ace8a8462337024036,dev,tsdb-mysql,548,180,270,2026-09-05T15:36:11Z,2026-09-05T15:51:11Z,True
tt06_b0cbf32e480022669b541fef,dev,nacos,0,0,0,2026-09-06T04:29:46.763556+00:00,2026-09-06T04:44:46Z,True
tt06_b0cbf32e480022669b541fef,dev,nacosdb-mysql,548,182,270,2026-09-06T04:29:46.763556+00:00,2026-09-06T04:44:46Z,True
tt06_b0cbf32e480022669b541fef,dev,rabbitmq,0,0,0,2026-09-06T04:29:46.763556+00:00,2026-09-06T04:44:46Z,True
tt06_b0cbf32e480022669b541fef,dev,ts-auth-service,0,0,0,2026-09-06T04:29:46.763556+00:00,2026-09-06T04:44:46Z,True
tt06_b0cbf32e480022669b541fef,dev,ts-basic-service,0,0,0,2026-09-06T04:29:46.763556+00:00,2026-09-06T04:44:46Z,True
tt06_b0cbf32e480022669b541fef,dev,ts-config-service,0,0,0,2026-09-06T04:29:46.763556+00:00,2026-09-06T04:44:46Z,True
tt06_b0cbf32e480022669b541fef,dev,ts-contacts-service,0,0,0,2026-09-06T04:29:46.763556+00:00,2026-09-06T04:44:46Z,True
tt06_b0cbf32e480022669b541fef,dev,ts-gateway-service,0,0,0,2026-09-06T04:29:46.763556+00:00,2026-09-06T04:44:46Z,True
tt06_b0cbf32e480022669b541fef,dev,ts-order-other-service,0,0,0,2026-09-06T04:29:46.763556+00:00,2026-09-06T04:44:46Z,True
tt06_b0cbf32e480022669b541fef,dev,ts-order-service,0,0,0,2026-09-06T04:29:46.763556+00:00,2026-09-06T04:44:46Z,True
tt06_b0cbf32e480022669b541fef,dev,ts-price-service,207,48,80,2026-09-06T04:29:46.763556+00:00,2026-09-06T04:44:46Z,True
tt06_b0cbf32e480022669b541fef,dev,ts-route-service,61,24,36,2026-09-06T04:29:46.763556+00:00,2026-09-06T04:44:46Z,True
tt06_b0cbf32e480022669b541fef,dev,ts-seat-service,0,0,0,2026-09-06T04:29:46.763556+00:00,2026-09-06T04:44:46Z,True
tt06_b0cbf32e480022669b541fef,dev,ts-station-service,0,0,0,2026-09-06T04:29:46.763556+00:00,2026-09-06T04:44:46Z,True
tt06_b0cbf32e480022669b541fef,dev,ts-train-service,57,24,32,2026-09-06T04:29:46.763556+00:00,2026-09-06T04:44:46Z,True
tt06_b0cbf32e480022669b541fef,dev,ts-travel-service,0,0,0,2026-09-06T04:29:46.763556+00:00,2026-09-06T04:44:46Z,True
tt06_b0cbf32e480022669b541fef,dev,ts-travel2-service,0,0,0,2026-09-06T04:29:46.763556+00:00,2026-09-06T04:44:46Z,True
tt06_b0cbf32e480022669b541fef,dev,ts-ui-dashboard,0,0,0,2026-09-06T04:29:46.763556+00:00,2026-09-06T04:44:46Z,True
tt06_b0cbf32e480022669b541fef,dev,ts-user-service,0,0,0,2026-09-06T04:29:46.763556+00:00,2026-09-06T04:44:46Z,True
tt06_b0cbf32e480022669b541fef,dev,tsdb-mysql,548,180,270,2026-09-06T04:29:46.763556+00:00,2026-09-06T04:44:46Z,True
tt06_b4bdf71d65559bfa33aa7d8f,dev,nacos,0,0,0,2026-09-05T10:28:30Z,2026-09-05T10:43:30Z,True
tt06_b4bdf71d65559bfa33aa7d8f,dev,nacosdb-mysql,548,180,270,2026-09-05T10:28:30Z,2026-09-05T10:43:30Z,True
tt06_b4bdf71d65559bfa33aa7d8f,dev,rabbitmq,0,0,0,2026-09-05T10:28:30Z,2026-09-05T10:43:30Z,True
tt06_b4bdf71d65559bfa33aa7d8f,dev,ts-auth-service,0,0,0,2026-09-05T10:28:30Z,2026-09-05T10:43:30Z,True
tt06_b4bdf71d65559bfa33aa7d8f,dev,ts-basic-service,0,0,0,2026-09-05T10:28:30Z,2026-09-05T10:43:30Z,True
tt06_b4bdf71d65559bfa33aa7d8f,dev,ts-config-service,0,0,0,2026-09-05T10:28:30Z,2026-09-05T10:43:30Z,True
tt06_b4bdf71d65559bfa33aa7d8f,dev,ts-contacts-service,0,0,0,2026-09-05T10:28:30Z,2026-09-05T10:43:30Z,True
tt06_b4bdf71d65559bfa33aa7d8f,dev,ts-gateway-service,0,0,0,2026-09-05T10:28:30Z,2026-09-05T10:43:30Z,True
tt06_b4bdf71d65559bfa33aa7d8f,dev,ts-order-other-service,0,0,0,2026-09-05T10:28:30Z,2026-09-05T10:43:30Z,True
tt06_b4bdf71d65559bfa33aa7d8f,dev,ts-order-service,0,0,0,2026-09-05T10:28:30Z,2026-09-05T10:43:30Z,True
tt06_b4bdf71d65559bfa33aa7d8f,dev,ts-price-service,40,16,24,2026-09-05T10:28:30Z,2026-09-05T10:43:30Z,True
tt06_b4bdf71d65559bfa33aa7d8f,dev,ts-route-service,20,8,12,2026-09-05T10:28:30Z,2026-09-05T10:43:30Z,True
tt06_b4bdf71d65559bfa33aa7d8f,dev,ts-seat-service,0,0,0,2026-09-05T10:28:30Z,2026-09-05T10:43:30Z,True
tt06_b4bdf71d65559bfa33aa7d8f,dev,ts-station-service,15,0,15,2026-09-05T10:28:30Z,2026-09-05T10:43:30Z,True
tt06_b4bdf71d65559bfa33aa7d8f,dev,ts-train-service,80,32,48,2026-09-05T10:28:30Z,2026-09-05T10:43:30Z,True
tt06_b4bdf71d65559bfa33aa7d8f,dev,ts-travel-service,0,0,0,2026-09-05T10:28:30Z,2026-09-05T10:43:30Z,True
tt06_b4bdf71d65559bfa33aa7d8f,dev,ts-travel2-service,0,0,0,2026-09-05T10:28:30Z,2026-09-05T10:43:30Z,True
tt06_b4bdf71d65559bfa33aa7d8f,dev,ts-ui-dashboard,0,0,0,2026-09-05T10:28:30Z,2026-09-05T10:43:30Z,True
tt06_b4bdf71d65559bfa33aa7d8f,dev,ts-user-service,0,0,0,2026-09-05T10:28:30Z,2026-09-05T10:43:30Z,True
tt06_b4bdf71d65559bfa33aa7d8f,dev,tsdb-mysql,548,180,270,2026-09-05T10:28:30Z,2026-09-05T10:43:30Z,True
tt06_b63c036d15921c09d816c39a,dev,nacos,0,0,0,2026-09-05T17:32:06Z,2026-09-05T17:47:06Z,True
tt06_b63c036d15921c09d816c39a,dev,nacosdb-mysql,548,181,270,2026-09-05T17:32:06Z,2026-09-05T17:47:06Z,True
tt06_b63c036d15921c09d816c39a,dev,rabbitmq,0,0,0,2026-09-05T17:32:06Z,2026-09-05T17:47:06Z,True
tt06_b63c036d15921c09d816c39a,dev,ts-auth-service,0,0,0,2026-09-05T17:32:06Z,2026-09-05T17:47:06Z,True
tt06_b63c036d15921c09d816c39a,dev,ts-basic-service,0,0,0,2026-09-05T17:32:06Z,2026-09-05T17:47:06Z,True
tt06_b63c036d15921c09d816c39a,dev,ts-config-service,0,0,0,2026-09-05T17:32:06Z,2026-09-05T17:47:06Z,True
tt06_b63c036d15921c09d816c39a,dev,ts-contacts-service,0,0,0,2026-09-05T17:32:06Z,2026-09-05T17:47:06Z,True
tt06_b63c036d15921c09d816c39a,dev,ts-gateway-service,0,0,0,2026-09-05T17:32:06Z,2026-09-05T17:47:06Z,True
tt06_b63c036d15921c09d816c39a,dev,ts-order-other-service,0,0,0,2026-09-05T17:32:06Z,2026-09-05T17:47:06Z,True
tt06_b63c036d15921c09d816c39a,dev,ts-order-service,0,0,0,2026-09-05T17:32:06Z,2026-09-05T17:47:06Z,True
tt06_b63c036d15921c09d816c39a,dev,ts-price-service,40,16,24,2026-09-05T17:32:06Z,2026-09-05T17:47:06Z,True
tt06_b63c036d15921c09d816c39a,dev,ts-route-service,47,32,15,2026-09-05T17:32:06Z,2026-09-05T17:47:06Z,True
tt06_b63c036d15921c09d816c39a,dev,ts-seat-service,0,0,0,2026-09-05T17:32:06Z,2026-09-05T17:47:06Z,True
tt06_b63c036d15921c09d816c39a,dev,ts-station-service,0,0,0,2026-09-05T17:32:06Z,2026-09-05T17:47:06Z,True
tt06_b63c036d15921c09d816c39a,dev,ts-train-service,20,8,12,2026-09-05T17:32:06Z,2026-09-05T17:47:06Z,True
tt06_b63c036d15921c09d816c39a,dev,ts-travel-service,0,0,0,2026-09-05T17:32:06Z,2026-09-05T17:47:06Z,True
tt06_b63c036d15921c09d816c39a,dev,ts-travel2-service,0,0,0,2026-09-05T17:32:06Z,2026-09-05T17:47:06Z,True
tt06_b63c036d15921c09d816c39a,dev,ts-ui-dashboard,0,0,0,2026-09-05T17:32:06Z,2026-09-05T17:47:06Z,True
tt06_b63c036d15921c09d816c39a,dev,ts-user-service,0,0,0,2026-09-05T17:32:06Z,2026-09-05T17:47:06Z,True
tt06_b63c036d15921c09d816c39a,dev,tsdb-mysql,547,180,270,2026-09-05T17:32:06Z,2026-09-05T17:47:06Z,True
tt06_b8c9e03949394f33db676567,dev,nacos,0,0,0,2026-09-05T04:46:55Z,2026-09-05T05:01:55Z,True
tt06_b8c9e03949394f33db676567,dev,nacosdb-mysql,546,180,270,2026-09-05T04:46:55Z,2026-09-05T05:01:55Z,True
tt06_b8c9e03949394f33db676567,dev,rabbitmq,0,0,0,2026-09-05T04:46:55Z,2026-09-05T05:01:55Z,True
tt06_b8c9e03949394f33db676567,dev,ts-auth-service,0,0,0,2026-09-05T04:46:55Z,2026-09-05T05:01:55Z,True
tt06_b8c9e03949394f33db676567,dev,ts-basic-service,0,0,0,2026-09-05T04:46:55Z,2026-09-05T05:01:55Z,True
tt06_b8c9e03949394f33db676567,dev,ts-config-service,0,0,0,2026-09-05T04:46:55Z,2026-09-05T05:01:55Z,True
tt06_b8c9e03949394f33db676567,dev,ts-contacts-service,0,0,0,2026-09-05T04:46:55Z,2026-09-05T05:01:55Z,True
tt06_b8c9e03949394f33db676567,dev,ts-gateway-service,0,0,0,2026-09-05T04:46:55Z,2026-09-05T05:01:55Z,True
tt06_b8c9e03949394f33db676567,dev,ts-order-other-service,0,0,0,2026-09-05T04:46:55Z,2026-09-05T05:01:55Z,True
tt06_b8c9e03949394f33db676567,dev,ts-order-service,0,0,0,2026-09-05T04:46:55Z,2026-09-05T05:01:55Z,True
tt06_b8c9e03949394f33db676567,dev,ts-price-service,9239,48,7950,2026-09-05T04:46:55Z,2026-09-05T05:01:55Z,True
tt06_b8c9e03949394f33db676567,dev,ts-route-service,60,24,36,2026-09-05T04:46:55Z,2026-09-05T05:01:55Z,True
tt06_b8c9e03949394f33db676567,dev,ts-seat-service,0,0,0,2026-09-05T04:46:55Z,2026-09-05T05:01:55Z,True
tt06_b8c9e03949394f33db676567,dev,ts-station-service,0,0,0,2026-09-05T04:46:55Z,2026-09-05T05:01:55Z,True
tt06_b8c9e03949394f33db676567,dev,ts-train-service,56,24,32,2026-09-05T04:46:55Z,2026-09-05T05:01:55Z,True
tt06_b8c9e03949394f33db676567,dev,ts-travel-service,0,0,0,2026-09-05T04:46:55Z,2026-09-05T05:01:55Z,True
tt06_b8c9e03949394f33db676567,dev,ts-travel2-service,0,0,0,2026-09-05T04:46:55Z,2026-09-05T05:01:55Z,True
tt06_b8c9e03949394f33db676567,dev,ts-ui-dashboard,0,0,0,2026-09-05T04:46:55Z,2026-09-05T05:01:55Z,True
tt06_b8c9e03949394f33db676567,dev,ts-user-service,0,0,0,2026-09-05T04:46:55Z,2026-09-05T05:01:55Z,True
tt06_b8c9e03949394f33db676567,dev,tsdb-mysql,546,180,270,2026-09-05T04:46:55Z,2026-09-05T05:01:55Z,True
tt06_ba8398664e836799d6a69cdb,dev,nacos,0,0,0,2026-09-06T03:13:30Z,2026-09-06T03:28:30Z,True
tt06_ba8398664e836799d6a69cdb,dev,nacosdb-mysql,546,180,270,2026-09-06T03:13:30Z,2026-09-06T03:28:30Z,True
tt06_ba8398664e836799d6a69cdb,dev,rabbitmq,0,0,0,2026-09-06T03:13:30Z,2026-09-06T03:28:30Z,True
tt06_ba8398664e836799d6a69cdb,dev,ts-auth-service,0,0,0,2026-09-06T03:13:30Z,2026-09-06T03:28:30Z,True
tt06_ba8398664e836799d6a69cdb,dev,ts-basic-service,0,0,0,2026-09-06T03:13:30Z,2026-09-06T03:28:30Z,True
tt06_ba8398664e836799d6a69cdb,dev,ts-config-service,0,0,0,2026-09-06T03:13:30Z,2026-09-06T03:28:30Z,True
tt06_ba8398664e836799d6a69cdb,dev,ts-contacts-service,0,0,0,2026-09-06T03:13:30Z,2026-09-06T03:28:30Z,True
tt06_ba8398664e836799d6a69cdb,dev,ts-gateway-service,0,0,0,2026-09-06T03:13:30Z,2026-09-06T03:28:30Z,True
tt06_ba8398664e836799d6a69cdb,dev,ts-order-other-service,0,0,0,2026-09-06T03:13:30Z,2026-09-06T03:28:30Z,True
tt06_ba8398664e836799d6a69cdb,dev,ts-order-service,0,0,0,2026-09-06T03:13:30Z,2026-09-06T03:28:30Z,True
tt06_ba8398664e836799d6a69cdb,dev,ts-price-service,9301,48,7908,2026-09-06T03:13:30Z,2026-09-06T03:28:30Z,True
tt06_ba8398664e836799d6a69cdb,dev,ts-route-service,60,24,36,2026-09-06T03:13:30Z,2026-09-06T03:28:30Z,True
tt06_ba8398664e836799d6a69cdb,dev,ts-seat-service,0,0,0,2026-09-06T03:13:30Z,2026-09-06T03:28:30Z,True
tt06_ba8398664e836799d6a69cdb,dev,ts-station-service,0,0,0,2026-09-06T03:13:30Z,2026-09-06T03:28:30Z,True
tt06_ba8398664e836799d6a69cdb,dev,ts-train-service,56,24,32,2026-09-06T03:13:30Z,2026-09-06T03:28:30Z,True
tt06_ba8398664e836799d6a69cdb,dev,ts-travel-service,0,0,0,2026-09-06T03:13:30Z,2026-09-06T03:28:30Z,True
tt06_ba8398664e836799d6a69cdb,dev,ts-travel2-service,0,0,0,2026-09-06T03:13:30Z,2026-09-06T03:28:30Z,True
tt06_ba8398664e836799d6a69cdb,dev,ts-ui-dashboard,0,0,0,2026-09-06T03:13:30Z,2026-09-06T03:28:30Z,True
tt06_ba8398664e836799d6a69cdb,dev,ts-user-service,0,0,0,2026-09-06T03:13:30Z,2026-09-06T03:28:30Z,True
tt06_ba8398664e836799d6a69cdb,dev,tsdb-mysql,546,180,270,2026-09-06T03:13:30Z,2026-09-06T03:28:30Z,True
tt06_c0cf97bc9bbdb40e8a0b5782,dev,nacos,0,0,0,2026-09-06T02:32:59.639178+00:00,2026-09-06T02:47:59Z,True
tt06_c0cf97bc9bbdb40e8a0b5782,dev,nacosdb-mysql,547,180,270,2026-09-06T02:32:59.639178+00:00,2026-09-06T02:47:59Z,True
tt06_c0cf97bc9bbdb40e8a0b5782,dev,rabbitmq,0,0,0,2026-09-06T02:32:59.639178+00:00,2026-09-06T02:47:59Z,True
tt06_c0cf97bc9bbdb40e8a0b5782,dev,ts-auth-service,0,0,0,2026-09-06T02:32:59.639178+00:00,2026-09-06T02:47:59Z,True
tt06_c0cf97bc9bbdb40e8a0b5782,dev,ts-basic-service,0,0,0,2026-09-06T02:32:59.639178+00:00,2026-09-06T02:47:59Z,True
tt06_c0cf97bc9bbdb40e8a0b5782,dev,ts-config-service,0,0,0,2026-09-06T02:32:59.639178+00:00,2026-09-06T02:47:59Z,True
tt06_c0cf97bc9bbdb40e8a0b5782,dev,ts-contacts-service,0,0,0,2026-09-06T02:32:59.639178+00:00,2026-09-06T02:47:59Z,True
tt06_c0cf97bc9bbdb40e8a0b5782,dev,ts-gateway-service,0,0,0,2026-09-06T02:32:59.639178+00:00,2026-09-06T02:47:59Z,True
tt06_c0cf97bc9bbdb40e8a0b5782,dev,ts-order-other-service,0,0,0,2026-09-06T02:32:59.639178+00:00,2026-09-06T02:47:59Z,True
tt06_c0cf97bc9bbdb40e8a0b5782,dev,ts-order-service,0,0,0,2026-09-06T02:32:59.639178+00:00,2026-09-06T02:47:59Z,True
tt06_c0cf97bc9bbdb40e8a0b5782,dev,ts-price-service,74,30,42,2026-09-06T02:32:59.639178+00:00,2026-09-06T02:47:59Z,True
tt06_c0cf97bc9bbdb40e8a0b5782,dev,ts-route-service,40,15,24,2026-09-06T02:32:59.639178+00:00,2026-09-06T02:47:59Z,True
tt06_c0cf97bc9bbdb40e8a0b5782,dev,ts-seat-service,0,0,0,2026-09-06T02:32:59.639178+00:00,2026-09-06T02:47:59Z,True
tt06_c0cf97bc9bbdb40e8a0b5782,dev,ts-station-service,0,0,0,2026-09-06T02:32:59.639178+00:00,2026-09-06T02:47:59Z,True
tt06_c0cf97bc9bbdb40e8a0b5782,dev,ts-train-service,39,15,23,2026-09-06T02:32:59.639178+00:00,2026-09-06T02:47:59Z,True
tt06_c0cf97bc9bbdb40e8a0b5782,dev,ts-travel-service,0,0,0,2026-09-06T02:32:59.639178+00:00,2026-09-06T02:47:59Z,True
tt06_c0cf97bc9bbdb40e8a0b5782,dev,ts-travel2-service,0,0,0,2026-09-06T02:32:59.639178+00:00,2026-09-06T02:47:59Z,True
tt06_c0cf97bc9bbdb40e8a0b5782,dev,ts-ui-dashboard,0,0,0,2026-09-06T02:32:59.639178+00:00,2026-09-06T02:47:59Z,True
tt06_c0cf97bc9bbdb40e8a0b5782,dev,ts-user-service,0,0,0,2026-09-06T02:32:59.639178+00:00,2026-09-06T02:47:59Z,True
tt06_c0cf97bc9bbdb40e8a0b5782,dev,tsdb-mysql,547,180,270,2026-09-06T02:32:59.639178+00:00,2026-09-06T02:47:59Z,True
tt06_ca65039bc04c6a4a244150f9,dev,nacos,0,0,0,2026-09-05T07:54:42Z,2026-09-05T08:09:42Z,True
tt06_ca65039bc04c6a4a244150f9,dev,nacosdb-mysql,547,180,270,2026-09-05T07:54:42Z,2026-09-05T08:09:42Z,True
tt06_ca65039bc04c6a4a244150f9,dev,rabbitmq,0,0,0,2026-09-05T07:54:42Z,2026-09-05T08:09:42Z,True
tt06_ca65039bc04c6a4a244150f9,dev,ts-auth-service,0,0,0,2026-09-05T07:54:42Z,2026-09-05T08:09:42Z,True
tt06_ca65039bc04c6a4a244150f9,dev,ts-basic-service,0,0,0,2026-09-05T07:54:42Z,2026-09-05T08:09:42Z,True
tt06_ca65039bc04c6a4a244150f9,dev,ts-config-service,0,0,0,2026-09-05T07:54:42Z,2026-09-05T08:09:42Z,True
tt06_ca65039bc04c6a4a244150f9,dev,ts-contacts-service,0,0,0,2026-09-05T07:54:42Z,2026-09-05T08:09:42Z,True
tt06_ca65039bc04c6a4a244150f9,dev,ts-gateway-service,6,0,6,2026-09-05T07:54:42Z,2026-09-05T08:09:42Z,True
tt06_ca65039bc04c6a4a244150f9,dev,ts-order-other-service,0,0,0,2026-09-05T07:54:42Z,2026-09-05T08:09:42Z,True
tt06_ca65039bc04c6a4a244150f9,dev,ts-order-service,0,0,0,2026-09-05T07:54:42Z,2026-09-05T08:09:42Z,True
tt06_ca65039bc04c6a4a244150f9,dev,ts-price-service,40,16,24,2026-09-05T07:54:42Z,2026-09-05T08:09:42Z,True
tt06_ca65039bc04c6a4a244150f9,dev,ts-route-service,47,32,15,2026-09-05T07:54:42Z,2026-09-05T08:09:42Z,True
tt06_ca65039bc04c6a4a244150f9,dev,ts-seat-service,0,0,0,2026-09-05T07:54:42Z,2026-09-05T08:09:42Z,True
tt06_ca65039bc04c6a4a244150f9,dev,ts-station-service,0,0,0,2026-09-05T07:54:42Z,2026-09-05T08:09:42Z,True
tt06_ca65039bc04c6a4a244150f9,dev,ts-train-service,20,8,12,2026-09-05T07:54:42Z,2026-09-05T08:09:42Z,True
tt06_ca65039bc04c6a4a244150f9,dev,ts-travel-service,0,0,0,2026-09-05T07:54:42Z,2026-09-05T08:09:42Z,True
tt06_ca65039bc04c6a4a244150f9,dev,ts-travel2-service,0,0,0,2026-09-05T07:54:42Z,2026-09-05T08:09:42Z,True
tt06_ca65039bc04c6a4a244150f9,dev,ts-ui-dashboard,0,0,0,2026-09-05T07:54:42Z,2026-09-05T08:09:42Z,True
tt06_ca65039bc04c6a4a244150f9,dev,ts-user-service,0,0,0,2026-09-05T07:54:42Z,2026-09-05T08:09:42Z,True
tt06_ca65039bc04c6a4a244150f9,dev,tsdb-mysql,548,180,270,2026-09-05T07:54:42Z,2026-09-05T08:09:42Z,True
tt06_cee92fd04b0139daf7aa1aff,dev,nacos,0,0,0,2026-09-05T13:02:17Z,2026-09-05T13:17:17Z,True
tt06_cee92fd04b0139daf7aa1aff,dev,nacosdb-mysql,548,181,270,2026-09-05T13:02:17Z,2026-09-05T13:17:17Z,True
tt06_cee92fd04b0139daf7aa1aff,dev,rabbitmq,0,0,0,2026-09-05T13:02:17Z,2026-09-05T13:17:17Z,True
tt06_cee92fd04b0139daf7aa1aff,dev,ts-auth-service,0,0,0,2026-09-05T13:02:17Z,2026-09-05T13:17:17Z,True
tt06_cee92fd04b0139daf7aa1aff,dev,ts-basic-service,0,0,0,2026-09-05T13:02:17Z,2026-09-05T13:17:17Z,True
tt06_cee92fd04b0139daf7aa1aff,dev,ts-config-service,0,0,0,2026-09-05T13:02:17Z,2026-09-05T13:17:17Z,True
tt06_cee92fd04b0139daf7aa1aff,dev,ts-contacts-service,0,0,0,2026-09-05T13:02:17Z,2026-09-05T13:17:17Z,True
tt06_cee92fd04b0139daf7aa1aff,dev,ts-gateway-service,0,0,0,2026-09-05T13:02:17Z,2026-09-05T13:17:17Z,True
tt06_cee92fd04b0139daf7aa1aff,dev,ts-order-other-service,0,0,0,2026-09-05T13:02:17Z,2026-09-05T13:17:17Z,True
tt06_cee92fd04b0139daf7aa1aff,dev,ts-order-service,0,0,0,2026-09-05T13:02:17Z,2026-09-05T13:17:17Z,True
tt06_cee92fd04b0139daf7aa1aff,dev,ts-price-service,40,16,24,2026-09-05T13:02:17Z,2026-09-05T13:17:17Z,True
tt06_cee92fd04b0139daf7aa1aff,dev,ts-route-service,20,8,12,2026-09-05T13:02:17Z,2026-09-05T13:17:17Z,True
tt06_cee92fd04b0139daf7aa1aff,dev,ts-seat-service,0,0,0,2026-09-05T13:02:17Z,2026-09-05T13:17:17Z,True
tt06_cee92fd04b0139daf7aa1aff,dev,ts-station-service,0,0,0,2026-09-05T13:02:17Z,2026-09-05T13:17:17Z,True
tt06_cee92fd04b0139daf7aa1aff,dev,ts-train-service,47,32,15,2026-09-05T13:02:17Z,2026-09-05T13:17:17Z,True
tt06_cee92fd04b0139daf7aa1aff,dev,ts-travel-service,0,0,0,2026-09-05T13:02:17Z,2026-09-05T13:17:17Z,True
tt06_cee92fd04b0139daf7aa1aff,dev,ts-travel2-service,0,0,0,2026-09-05T13:02:17Z,2026-09-05T13:17:17Z,True
tt06_cee92fd04b0139daf7aa1aff,dev,ts-ui-dashboard,0,0,0,2026-09-05T13:02:17Z,2026-09-05T13:17:17Z,True
tt06_cee92fd04b0139daf7aa1aff,dev,ts-user-service,0,0,0,2026-09-05T13:02:17Z,2026-09-05T13:17:17Z,True
tt06_cee92fd04b0139daf7aa1aff,dev,tsdb-mysql,547,180,270,2026-09-05T13:02:17Z,2026-09-05T13:17:17Z,True
tt06_cf10644007784666cb4e2205,dev,nacos,0,0,0,2026-09-05T21:25:15.359954+00:00,2026-09-05T21:40:15Z,True
tt06_cf10644007784666cb4e2205,dev,nacosdb-mysql,548,180,270,2026-09-05T21:25:15.359954+00:00,2026-09-05T21:40:15Z,True
tt06_cf10644007784666cb4e2205,dev,rabbitmq,0,0,0,2026-09-05T21:25:15.359954+00:00,2026-09-05T21:40:15Z,True
tt06_cf10644007784666cb4e2205,dev,ts-auth-service,0,0,0,2026-09-05T21:25:15.359954+00:00,2026-09-05T21:40:15Z,True
tt06_cf10644007784666cb4e2205,dev,ts-basic-service,0,0,0,2026-09-05T21:25:15.359954+00:00,2026-09-05T21:40:15Z,True
tt06_cf10644007784666cb4e2205,dev,ts-config-service,0,0,0,2026-09-05T21:25:15.359954+00:00,2026-09-05T21:40:15Z,True
tt06_cf10644007784666cb4e2205,dev,ts-contacts-service,0,0,0,2026-09-05T21:25:15.359954+00:00,2026-09-05T21:40:15Z,True
tt06_cf10644007784666cb4e2205,dev,ts-gateway-service,0,0,0,2026-09-05T21:25:15.359954+00:00,2026-09-05T21:40:15Z,True
tt06_cf10644007784666cb4e2205,dev,ts-order-other-service,0,0,0,2026-09-05T21:25:15.359954+00:00,2026-09-05T21:40:15Z,True
tt06_cf10644007784666cb4e2205,dev,ts-order-service,0,0,0,2026-09-05T21:25:15.359954+00:00,2026-09-05T21:40:15Z,True
tt06_cf10644007784666cb4e2205,dev,ts-price-service,42,16,24,2026-09-05T21:25:15.359954+00:00,2026-09-05T21:40:15Z,True
tt06_cf10644007784666cb4e2205,dev,ts-route-service,21,8,12,2026-09-05T21:25:15.359954+00:00,2026-09-05T21:40:15Z,True
tt06_cf10644007784666cb4e2205,dev,ts-seat-service,0,0,0,2026-09-05T21:25:15.359954+00:00,2026-09-05T21:40:15Z,True
tt06_cf10644007784666cb4e2205,dev,ts-station-service,0,0,0,2026-09-05T21:25:15.359954+00:00,2026-09-05T21:40:15Z,True
tt06_cf10644007784666cb4e2205,dev,ts-train-service,81,32,48,2026-09-05T21:25:15.359954+00:00,2026-09-05T21:40:15Z,True
tt06_cf10644007784666cb4e2205,dev,ts-travel-service,0,0,0,2026-09-05T21:25:15.359954+00:00,2026-09-05T21:40:15Z,True
tt06_cf10644007784666cb4e2205,dev,ts-travel2-service,0,0,0,2026-09-05T21:25:15.359954+00:00,2026-09-05T21:40:15Z,True
tt06_cf10644007784666cb4e2205,dev,ts-ui-dashboard,0,0,0,2026-09-05T21:25:15.359954+00:00,2026-09-05T21:40:15Z,True
tt06_cf10644007784666cb4e2205,dev,ts-user-service,0,0,0,2026-09-05T21:25:15.359954+00:00,2026-09-05T21:40:15Z,True
tt06_cf10644007784666cb4e2205,dev,tsdb-mysql,548,180,270,2026-09-05T21:25:15.359954+00:00,2026-09-05T21:40:15Z,True
tt06_d130f4b31b9493f7cf265906,dev,nacos,0,0,0,2026-09-05T11:10:52.549509+00:00,2026-09-05T11:25:52Z,True
tt06_d130f4b31b9493f7cf265906,dev,nacosdb-mysql,549,181,270,2026-09-05T11:10:52.549509+00:00,2026-09-05T11:25:52Z,True
tt06_d130f4b31b9493f7cf265906,dev,rabbitmq,0,0,0,2026-09-05T11:10:52.549509+00:00,2026-09-05T11:25:52Z,True
tt06_d130f4b31b9493f7cf265906,dev,ts-auth-service,0,0,0,2026-09-05T11:10:52.549509+00:00,2026-09-05T11:25:52Z,True
tt06_d130f4b31b9493f7cf265906,dev,ts-basic-service,0,0,0,2026-09-05T11:10:52.549509+00:00,2026-09-05T11:25:52Z,True
tt06_d130f4b31b9493f7cf265906,dev,ts-config-service,0,0,0,2026-09-05T11:10:52.549509+00:00,2026-09-05T11:25:52Z,True
tt06_d130f4b31b9493f7cf265906,dev,ts-contacts-service,0,0,0,2026-09-05T11:10:52.549509+00:00,2026-09-05T11:25:52Z,True
tt06_d130f4b31b9493f7cf265906,dev,ts-gateway-service,0,0,0,2026-09-05T11:10:52.549509+00:00,2026-09-05T11:25:52Z,True
tt06_d130f4b31b9493f7cf265906,dev,ts-order-other-service,0,0,0,2026-09-05T11:10:52.549509+00:00,2026-09-05T11:25:52Z,True
tt06_d130f4b31b9493f7cf265906,dev,ts-order-service,0,0,0,2026-09-05T11:10:52.549509+00:00,2026-09-05T11:25:52Z,True
tt06_d130f4b31b9493f7cf265906,dev,ts-price-service,42,16,24,2026-09-05T11:10:52.549509+00:00,2026-09-05T11:25:52Z,True
tt06_d130f4b31b9493f7cf265906,dev,ts-route-service,21,8,12,2026-09-05T11:10:52.549509+00:00,2026-09-05T11:25:52Z,True
tt06_d130f4b31b9493f7cf265906,dev,ts-seat-service,0,0,0,2026-09-05T11:10:52.549509+00:00,2026-09-05T11:25:52Z,True
tt06_d130f4b31b9493f7cf265906,dev,ts-station-service,80,0,0,2026-09-05T11:10:52.549509+00:00,2026-09-05T11:25:52Z,True
tt06_d130f4b31b9493f7cf265906,dev,ts-train-service,81,32,48,2026-09-05T11:10:52.549509+00:00,2026-09-05T11:25:52Z,True
tt06_d130f4b31b9493f7cf265906,dev,ts-travel-service,0,0,0,2026-09-05T11:10:52.549509+00:00,2026-09-05T11:25:52Z,True
tt06_d130f4b31b9493f7cf265906,dev,ts-travel2-service,0,0,0,2026-09-05T11:10:52.549509+00:00,2026-09-05T11:25:52Z,True
tt06_d130f4b31b9493f7cf265906,dev,ts-ui-dashboard,0,0,0,2026-09-05T11:10:52.549509+00:00,2026-09-05T11:25:52Z,True
tt06_d130f4b31b9493f7cf265906,dev,ts-user-service,0,0,0,2026-09-05T11:10:52.549509+00:00,2026-09-05T11:25:52Z,True
tt06_d130f4b31b9493f7cf265906,dev,tsdb-mysql,547,180,268,2026-09-05T11:10:52.549509+00:00,2026-09-05T11:25:52Z,True
tt06_d13ac32e762f9a41452b6058,dev,nacos,0,0,0,2026-09-06T01:13:34Z,2026-09-06T01:28:34Z,True
tt06_d13ac32e762f9a41452b6058,dev,nacosdb-mysql,547,180,270,2026-09-06T01:13:34Z,2026-09-06T01:28:34Z,True
tt06_d13ac32e762f9a41452b6058,dev,rabbitmq,0,0,0,2026-09-06T01:13:34Z,2026-09-06T01:28:34Z,True
tt06_d13ac32e762f9a41452b6058,dev,ts-auth-service,0,0,0,2026-09-06T01:13:34Z,2026-09-06T01:28:34Z,True
tt06_d13ac32e762f9a41452b6058,dev,ts-basic-service,0,0,0,2026-09-06T01:13:34Z,2026-09-06T01:28:34Z,True
tt06_d13ac32e762f9a41452b6058,dev,ts-config-service,0,0,0,2026-09-06T01:13:34Z,2026-09-06T01:28:34Z,True
tt06_d13ac32e762f9a41452b6058,dev,ts-contacts-service,0,0,0,2026-09-06T01:13:34Z,2026-09-06T01:28:34Z,True
tt06_d13ac32e762f9a41452b6058,dev,ts-gateway-service,12,0,12,2026-09-06T01:13:34Z,2026-09-06T01:28:34Z,True
tt06_d13ac32e762f9a41452b6058,dev,ts-order-other-service,0,0,0,2026-09-06T01:13:34Z,2026-09-06T01:28:34Z,True
tt06_d13ac32e762f9a41452b6058,dev,ts-order-service,0,0,0,2026-09-06T01:13:34Z,2026-09-06T01:28:34Z,True
tt06_d13ac32e762f9a41452b6058,dev,ts-price-service,30,30,0,2026-09-06T01:13:34Z,2026-09-06T01:28:34Z,True
tt06_d13ac32e762f9a41452b6058,dev,ts-route-service,15,15,0,2026-09-06T01:13:34Z,2026-09-06T01:28:34Z,True
tt06_d13ac32e762f9a41452b6058,dev,ts-seat-service,0,0,0,2026-09-06T01:13:34Z,2026-09-06T01:28:34Z,True
tt06_d13ac32e762f9a41452b6058,dev,ts-station-service,0,0,0,2026-09-06T01:13:34Z,2026-09-06T01:28:34Z,True
tt06_d13ac32e762f9a41452b6058,dev,ts-train-service,15,15,0,2026-09-06T01:13:34Z,2026-09-06T01:28:34Z,True
tt06_d13ac32e762f9a41452b6058,dev,ts-travel-service,0,0,0,2026-09-06T01:13:34Z,2026-09-06T01:28:34Z,True
tt06_d13ac32e762f9a41452b6058,dev,ts-travel2-service,0,0,0,2026-09-06T01:13:34Z,2026-09-06T01:28:34Z,True
tt06_d13ac32e762f9a41452b6058,dev,ts-ui-dashboard,0,0,0,2026-09-06T01:13:34Z,2026-09-06T01:28:34Z,True
tt06_d13ac32e762f9a41452b6058,dev,ts-user-service,0,0,0,2026-09-06T01:13:34Z,2026-09-06T01:28:34Z,True
tt06_d13ac32e762f9a41452b6058,dev,tsdb-mysql,547,180,270,2026-09-06T01:13:34Z,2026-09-06T01:28:34Z,True
tt06_d19ff515d2bebdb85edbfd06,dev,nacos,0,0,0,2026-09-05T09:14:05.081875+00:00,2026-09-05T09:29:05Z,True
tt06_d19ff515d2bebdb85edbfd06,dev,nacosdb-mysql,548,180,270,2026-09-05T09:14:05.081875+00:00,2026-09-05T09:29:05Z,True
tt06_d19ff515d2bebdb85edbfd06,dev,rabbitmq,0,0,0,2026-09-05T09:14:05.081875+00:00,2026-09-05T09:29:05Z,True
tt06_d19ff515d2bebdb85edbfd06,dev,ts-auth-service,0,0,0,2026-09-05T09:14:05.081875+00:00,2026-09-05T09:29:05Z,True
tt06_d19ff515d2bebdb85edbfd06,dev,ts-basic-service,0,0,0,2026-09-05T09:14:05.081875+00:00,2026-09-05T09:29:05Z,True
tt06_d19ff515d2bebdb85edbfd06,dev,ts-config-service,0,0,0,2026-09-05T09:14:05.081875+00:00,2026-09-05T09:29:05Z,True
tt06_d19ff515d2bebdb85edbfd06,dev,ts-contacts-service,0,0,0,2026-09-05T09:14:05.081875+00:00,2026-09-05T09:29:05Z,True
tt06_d19ff515d2bebdb85edbfd06,dev,ts-gateway-service,0,0,0,2026-09-05T09:14:05.081875+00:00,2026-09-05T09:29:05Z,True
tt06_d19ff515d2bebdb85edbfd06,dev,ts-order-other-service,0,0,0,2026-09-05T09:14:05.081875+00:00,2026-09-05T09:29:05Z,True
tt06_d19ff515d2bebdb85edbfd06,dev,ts-order-service,0,0,0,2026-09-05T09:14:05.081875+00:00,2026-09-05T09:29:05Z,True
tt06_d19ff515d2bebdb85edbfd06,dev,ts-price-service,42,16,24,2026-09-05T09:14:05.081875+00:00,2026-09-05T09:29:05Z,True
tt06_d19ff515d2bebdb85edbfd06,dev,ts-route-service,21,8,12,2026-09-05T09:14:05.081875+00:00,2026-09-05T09:29:05Z,True
tt06_d19ff515d2bebdb85edbfd06,dev,ts-seat-service,0,0,0,2026-09-05T09:14:05.081875+00:00,2026-09-05T09:29:05Z,True
tt06_d19ff515d2bebdb85edbfd06,dev,ts-station-service,0,0,0,2026-09-05T09:14:05.081875+00:00,2026-09-05T09:29:05Z,True
tt06_d19ff515d2bebdb85edbfd06,dev,ts-train-service,81,32,48,2026-09-05T09:14:05.081875+00:00,2026-09-05T09:29:05Z,True
tt06_d19ff515d2bebdb85edbfd06,dev,ts-travel-service,0,0,0,2026-09-05T09:14:05.081875+00:00,2026-09-05T09:29:05Z,True
tt06_d19ff515d2bebdb85edbfd06,dev,ts-travel2-service,0,0,0,2026-09-05T09:14:05.081875+00:00,2026-09-05T09:29:05Z,True
tt06_d19ff515d2bebdb85edbfd06,dev,ts-ui-dashboard,0,0,0,2026-09-05T09:14:05.081875+00:00,2026-09-05T09:29:05Z,True
tt06_d19ff515d2bebdb85edbfd06,dev,ts-user-service,0,0,0,2026-09-05T09:14:05.081875+00:00,2026-09-05T09:29:05Z,True
tt06_d19ff515d2bebdb85edbfd06,dev,tsdb-mysql,548,180,270,2026-09-05T09:14:05.081875+00:00,2026-09-05T09:29:05Z,True
tt06_d78f08f01cb5c8af5d00d7da,dev,nacos,0,0,0,2026-09-05T20:05:53Z,2026-09-05T20:20:53Z,True
tt06_d78f08f01cb5c8af5d00d7da,dev,nacosdb-mysql,547,180,270,2026-09-05T20:05:53Z,2026-09-05T20:20:53Z,True
tt06_d78f08f01cb5c8af5d00d7da,dev,rabbitmq,0,0,0,2026-09-05T20:05:53Z,2026-09-05T20:20:53Z,True
tt06_d78f08f01cb5c8af5d00d7da,dev,ts-auth-service,0,0,0,2026-09-05T20:05:53Z,2026-09-05T20:20:53Z,True
tt06_d78f08f01cb5c8af5d00d7da,dev,ts-basic-service,0,0,0,2026-09-05T20:05:53Z,2026-09-05T20:20:53Z,True
tt06_d78f08f01cb5c8af5d00d7da,dev,ts-config-service,0,0,0,2026-09-05T20:05:53Z,2026-09-05T20:20:53Z,True
tt06_d78f08f01cb5c8af5d00d7da,dev,ts-contacts-service,0,0,0,2026-09-05T20:05:53Z,2026-09-05T20:20:53Z,True
tt06_d78f08f01cb5c8af5d00d7da,dev,ts-gateway-service,0,0,0,2026-09-05T20:05:53Z,2026-09-05T20:20:53Z,True
tt06_d78f08f01cb5c8af5d00d7da,dev,ts-order-other-service,0,0,0,2026-09-05T20:05:53Z,2026-09-05T20:20:53Z,True
tt06_d78f08f01cb5c8af5d00d7da,dev,ts-order-service,0,0,0,2026-09-05T20:05:53Z,2026-09-05T20:20:53Z,True
tt06_d78f08f01cb5c8af5d00d7da,dev,ts-price-service,40,16,24,2026-09-05T20:05:53Z,2026-09-05T20:20:53Z,True
tt06_d78f08f01cb5c8af5d00d7da,dev,ts-route-service,20,8,12,2026-09-05T20:05:53Z,2026-09-05T20:20:53Z,True
tt06_d78f08f01cb5c8af5d00d7da,dev,ts-seat-service,0,0,0,2026-09-05T20:05:53Z,2026-09-05T20:20:53Z,True
tt06_d78f08f01cb5c8af5d00d7da,dev,ts-station-service,15,0,15,2026-09-05T20:05:53Z,2026-09-05T20:20:53Z,True
tt06_d78f08f01cb5c8af5d00d7da,dev,ts-train-service,80,32,48,2026-09-05T20:05:53Z,2026-09-05T20:20:53Z,True
tt06_d78f08f01cb5c8af5d00d7da,dev,ts-travel-service,0,0,0,2026-09-05T20:05:53Z,2026-09-05T20:20:53Z,True
tt06_d78f08f01cb5c8af5d00d7da,dev,ts-travel2-service,0,0,0,2026-09-05T20:05:53Z,2026-09-05T20:20:53Z,True
tt06_d78f08f01cb5c8af5d00d7da,dev,ts-ui-dashboard,0,0,0,2026-09-05T20:05:53Z,2026-09-05T20:20:53Z,True
tt06_d78f08f01cb5c8af5d00d7da,dev,ts-user-service,0,0,0,2026-09-05T20:05:53Z,2026-09-05T20:20:53Z,True
tt06_d78f08f01cb5c8af5d00d7da,dev,tsdb-mysql,548,182,270,2026-09-05T20:05:53Z,2026-09-05T20:20:53Z,True
tt06_d8e433666a4b765c86a2c8b4,dev,nacos,0,0,0,2026-09-06T00:39:31Z,2026-09-06T00:54:31Z,True
tt06_d8e433666a4b765c86a2c8b4,dev,nacosdb-mysql,548,180,270,2026-09-06T00:39:31Z,2026-09-06T00:54:31Z,True
tt06_d8e433666a4b765c86a2c8b4,dev,rabbitmq,0,0,0,2026-09-06T00:39:31Z,2026-09-06T00:54:31Z,True
tt06_d8e433666a4b765c86a2c8b4,dev,ts-auth-service,0,0,0,2026-09-06T00:39:31Z,2026-09-06T00:54:31Z,True
tt06_d8e433666a4b765c86a2c8b4,dev,ts-basic-service,0,0,0,2026-09-06T00:39:31Z,2026-09-06T00:54:31Z,True
tt06_d8e433666a4b765c86a2c8b4,dev,ts-config-service,0,0,0,2026-09-06T00:39:31Z,2026-09-06T00:54:31Z,True
tt06_d8e433666a4b765c86a2c8b4,dev,ts-contacts-service,0,0,0,2026-09-06T00:39:31Z,2026-09-06T00:54:31Z,True
tt06_d8e433666a4b765c86a2c8b4,dev,ts-gateway-service,230,0,138,2026-09-06T00:39:31Z,2026-09-06T00:54:31Z,True
tt06_d8e433666a4b765c86a2c8b4,dev,ts-order-other-service,0,0,0,2026-09-06T00:39:31Z,2026-09-06T00:54:31Z,True
tt06_d8e433666a4b765c86a2c8b4,dev,ts-order-service,0,0,0,2026-09-06T00:39:31Z,2026-09-06T00:54:31Z,True
tt06_d8e433666a4b765c86a2c8b4,dev,ts-price-service,30,30,0,2026-09-06T00:39:31Z,2026-09-06T00:54:31Z,True
tt06_d8e433666a4b765c86a2c8b4,dev,ts-route-service,15,15,0,2026-09-06T00:39:31Z,2026-09-06T00:54:31Z,True
tt06_d8e433666a4b765c86a2c8b4,dev,ts-seat-service,0,0,0,2026-09-06T00:39:31Z,2026-09-06T00:54:31Z,True
tt06_d8e433666a4b765c86a2c8b4,dev,ts-station-service,0,0,0,2026-09-06T00:39:31Z,2026-09-06T00:54:31Z,True
tt06_d8e433666a4b765c86a2c8b4,dev,ts-train-service,15,15,0,2026-09-06T00:39:31Z,2026-09-06T00:54:31Z,True
tt06_d8e433666a4b765c86a2c8b4,dev,ts-travel-service,0,0,0,2026-09-06T00:39:31Z,2026-09-06T00:54:31Z,True
tt06_d8e433666a4b765c86a2c8b4,dev,ts-travel2-service,0,0,0,2026-09-06T00:39:31Z,2026-09-06T00:54:31Z,True
tt06_d8e433666a4b765c86a2c8b4,dev,ts-ui-dashboard,0,0,0,2026-09-06T00:39:31Z,2026-09-06T00:54:31Z,True
tt06_d8e433666a4b765c86a2c8b4,dev,ts-user-service,0,0,0,2026-09-06T00:39:31Z,2026-09-06T00:54:31Z,True
tt06_d8e433666a4b765c86a2c8b4,dev,tsdb-mysql,546,180,270,2026-09-06T00:39:31Z,2026-09-06T00:54:31Z,True
tt06_da18bd477a22bb4d9017c400,dev,nacos,0,0,0,2026-09-05T18:14:28.938795+00:00,2026-09-05T18:29:28Z,True
tt06_da18bd477a22bb4d9017c400,dev,nacosdb-mysql,547,180,270,2026-09-05T18:14:28.938795+00:00,2026-09-05T18:29:28Z,True
tt06_da18bd477a22bb4d9017c400,dev,rabbitmq,0,0,0,2026-09-05T18:14:28.938795+00:00,2026-09-05T18:29:28Z,True
tt06_da18bd477a22bb4d9017c400,dev,ts-auth-service,0,0,0,2026-09-05T18:14:28.938795+00:00,2026-09-05T18:29:28Z,True
tt06_da18bd477a22bb4d9017c400,dev,ts-basic-service,0,0,0,2026-09-05T18:14:28.938795+00:00,2026-09-05T18:29:28Z,True
tt06_da18bd477a22bb4d9017c400,dev,ts-config-service,0,0,0,2026-09-05T18:14:28.938795+00:00,2026-09-05T18:29:28Z,True
tt06_da18bd477a22bb4d9017c400,dev,ts-contacts-service,0,0,0,2026-09-05T18:14:28.938795+00:00,2026-09-05T18:29:28Z,True
tt06_da18bd477a22bb4d9017c400,dev,ts-gateway-service,0,0,0,2026-09-05T18:14:28.938795+00:00,2026-09-05T18:29:28Z,True
tt06_da18bd477a22bb4d9017c400,dev,ts-order-other-service,0,0,0,2026-09-05T18:14:28.938795+00:00,2026-09-05T18:29:28Z,True
tt06_da18bd477a22bb4d9017c400,dev,ts-order-service,0,0,0,2026-09-05T18:14:28.938795+00:00,2026-09-05T18:29:28Z,True
tt06_da18bd477a22bb4d9017c400,dev,ts-price-service,42,16,24,2026-09-05T18:14:28.938795+00:00,2026-09-05T18:29:28Z,True
tt06_da18bd477a22bb4d9017c400,dev,ts-route-service,158,32,48,2026-09-05T18:14:28.938795+00:00,2026-09-05T18:29:28Z,True
tt06_da18bd477a22bb4d9017c400,dev,ts-seat-service,0,0,0,2026-09-05T18:14:28.938795+00:00,2026-09-05T18:29:28Z,True
tt06_da18bd477a22bb4d9017c400,dev,ts-station-service,0,0,0,2026-09-05T18:14:28.938795+00:00,2026-09-05T18:29:28Z,True
tt06_da18bd477a22bb4d9017c400,dev,ts-train-service,21,8,12,2026-09-05T18:14:28.938795+00:00,2026-09-05T18:29:28Z,True
tt06_da18bd477a22bb4d9017c400,dev,ts-travel-service,0,0,0,2026-09-05T18:14:28.938795+00:00,2026-09-05T18:29:28Z,True
tt06_da18bd477a22bb4d9017c400,dev,ts-travel2-service,0,0,0,2026-09-05T18:14:28.938795+00:00,2026-09-05T18:29:28Z,True
tt06_da18bd477a22bb4d9017c400,dev,ts-ui-dashboard,0,0,0,2026-09-05T18:14:28.938795+00:00,2026-09-05T18:29:28Z,True
tt06_da18bd477a22bb4d9017c400,dev,ts-user-service,0,0,0,2026-09-05T18:14:28.938795+00:00,2026-09-05T18:29:28Z,True
tt06_da18bd477a22bb4d9017c400,dev,tsdb-mysql,548,180,270,2026-09-05T18:14:28.938795+00:00,2026-09-05T18:29:28Z,True
tt06_e227abb065783641e6769400,dev,nacos,0,0,0,2026-09-05T07:20:47Z,2026-09-05T07:35:47Z,True
tt06_e227abb065783641e6769400,dev,nacosdb-mysql,546,180,270,2026-09-05T07:20:47Z,2026-09-05T07:35:47Z,True
tt06_e227abb065783641e6769400,dev,rabbitmq,0,0,0,2026-09-05T07:20:47Z,2026-09-05T07:35:47Z,True
tt06_e227abb065783641e6769400,dev,ts-auth-service,0,0,0,2026-09-05T07:20:47Z,2026-09-05T07:35:47Z,True
tt06_e227abb065783641e6769400,dev,ts-basic-service,0,0,0,2026-09-05T07:20:47Z,2026-09-05T07:35:47Z,True
tt06_e227abb065783641e6769400,dev,ts-config-service,0,0,0,2026-09-05T07:20:47Z,2026-09-05T07:35:47Z,True
tt06_e227abb065783641e6769400,dev,ts-contacts-service,0,0,0,2026-09-05T07:20:47Z,2026-09-05T07:35:47Z,True
tt06_e227abb065783641e6769400,dev,ts-gateway-service,0,0,0,2026-09-05T07:20:47Z,2026-09-05T07:35:47Z,True
tt06_e227abb065783641e6769400,dev,ts-order-other-service,0,0,0,2026-09-05T07:20:47Z,2026-09-05T07:35:47Z,True
tt06_e227abb065783641e6769400,dev,ts-order-service,0,0,0,2026-09-05T07:20:47Z,2026-09-05T07:35:47Z,True
tt06_e227abb065783641e6769400,dev,ts-price-service,40,16,24,2026-09-05T07:20:47Z,2026-09-05T07:35:47Z,True
tt06_e227abb065783641e6769400,dev,ts-route-service,7735,32,6944,2026-09-05T07:20:47Z,2026-09-05T07:35:47Z,True
tt06_e227abb065783641e6769400,dev,ts-seat-service,0,0,0,2026-09-05T07:20:47Z,2026-09-05T07:35:47Z,True
tt06_e227abb065783641e6769400,dev,ts-station-service,0,0,0,2026-09-05T07:20:47Z,2026-09-05T07:35:47Z,True
tt06_e227abb065783641e6769400,dev,ts-train-service,20,8,12,2026-09-05T07:20:47Z,2026-09-05T07:35:47Z,True
tt06_e227abb065783641e6769400,dev,ts-travel-service,0,0,0,2026-09-05T07:20:47Z,2026-09-05T07:35:47Z,True
tt06_e227abb065783641e6769400,dev,ts-travel2-service,0,0,0,2026-09-05T07:20:47Z,2026-09-05T07:35:47Z,True
tt06_e227abb065783641e6769400,dev,ts-ui-dashboard,0,0,0,2026-09-05T07:20:47Z,2026-09-05T07:35:47Z,True
tt06_e227abb065783641e6769400,dev,ts-user-service,0,0,0,2026-09-05T07:20:47Z,2026-09-05T07:35:47Z,True
tt06_e227abb065783641e6769400,dev,tsdb-mysql,546,180,270,2026-09-05T07:20:47Z,2026-09-05T07:35:47Z,True
tt06_f1180063017b910266bb79fe,dev,nacos,0,0,0,2026-09-05T12:28:22Z,2026-09-05T12:43:22Z,True
tt06_f1180063017b910266bb79fe,dev,nacosdb-mysql,546,180,270,2026-09-05T12:28:22Z,2026-09-05T12:43:22Z,True
tt06_f1180063017b910266bb79fe,dev,rabbitmq,0,0,0,2026-09-05T12:28:22Z,2026-09-05T12:43:22Z,True
tt06_f1180063017b910266bb79fe,dev,ts-auth-service,0,0,0,2026-09-05T12:28:22Z,2026-09-05T12:43:22Z,True
tt06_f1180063017b910266bb79fe,dev,ts-basic-service,0,0,0,2026-09-05T12:28:22Z,2026-09-05T12:43:22Z,True
tt06_f1180063017b910266bb79fe,dev,ts-config-service,0,0,0,2026-09-05T12:28:22Z,2026-09-05T12:43:22Z,True
tt06_f1180063017b910266bb79fe,dev,ts-contacts-service,0,0,0,2026-09-05T12:28:22Z,2026-09-05T12:43:22Z,True
tt06_f1180063017b910266bb79fe,dev,ts-gateway-service,0,0,0,2026-09-05T12:28:22Z,2026-09-05T12:43:22Z,True
tt06_f1180063017b910266bb79fe,dev,ts-order-other-service,0,0,0,2026-09-05T12:28:22Z,2026-09-05T12:43:22Z,True
tt06_f1180063017b910266bb79fe,dev,ts-order-service,0,0,0,2026-09-05T12:28:22Z,2026-09-05T12:43:22Z,True
tt06_f1180063017b910266bb79fe,dev,ts-price-service,40,16,24,2026-09-05T12:28:22Z,2026-09-05T12:43:22Z,True
tt06_f1180063017b910266bb79fe,dev,ts-route-service,20,8,12,2026-09-05T12:28:22Z,2026-09-05T12:43:22Z,True
tt06_f1180063017b910266bb79fe,dev,ts-seat-service,0,0,0,2026-09-05T12:28:22Z,2026-09-05T12:43:22Z,True
tt06_f1180063017b910266bb79fe,dev,ts-station-service,0,0,0,2026-09-05T12:28:22Z,2026-09-05T12:43:22Z,True
tt06_f1180063017b910266bb79fe,dev,ts-train-service,7611,32,6820,2026-09-05T12:28:22Z,2026-09-05T12:43:22Z,True
tt06_f1180063017b910266bb79fe,dev,ts-travel-service,0,0,0,2026-09-05T12:28:22Z,2026-09-05T12:43:22Z,True
tt06_f1180063017b910266bb79fe,dev,ts-travel2-service,0,0,0,2026-09-05T12:28:22Z,2026-09-05T12:43:22Z,True
tt06_f1180063017b910266bb79fe,dev,ts-ui-dashboard,0,0,0,2026-09-05T12:28:22Z,2026-09-05T12:43:22Z,True
tt06_f1180063017b910266bb79fe,dev,ts-user-service,0,0,0,2026-09-05T12:28:22Z,2026-09-05T12:43:22Z,True
tt06_f1180063017b910266bb79fe,dev,tsdb-mysql,547,180,270,2026-09-05T12:28:22Z,2026-09-05T12:43:22Z,True
tt06_f3d8920b0163c29e28abb41e,dev,nacos,0,0,0,2026-09-05T23:22:01.049808+00:00,2026-09-05T23:37:01Z,True
tt06_f3d8920b0163c29e28abb41e,dev,nacosdb-mysql,547,180,270,2026-09-05T23:22:01.049808+00:00,2026-09-05T23:37:01Z,True
tt06_f3d8920b0163c29e28abb41e,dev,rabbitmq,0,0,0,2026-09-05T23:22:01.049808+00:00,2026-09-05T23:37:01Z,True
tt06_f3d8920b0163c29e28abb41e,dev,ts-auth-service,0,0,0,2026-09-05T23:22:01.049808+00:00,2026-09-05T23:37:01Z,True
tt06_f3d8920b0163c29e28abb41e,dev,ts-basic-service,0,0,0,2026-09-05T23:22:01.049808+00:00,2026-09-05T23:37:01Z,True
tt06_f3d8920b0163c29e28abb41e,dev,ts-config-service,0,0,0,2026-09-05T23:22:01.049808+00:00,2026-09-05T23:37:01Z,True
tt06_f3d8920b0163c29e28abb41e,dev,ts-contacts-service,0,0,0,2026-09-05T23:22:01.049808+00:00,2026-09-05T23:37:01Z,True
tt06_f3d8920b0163c29e28abb41e,dev,ts-gateway-service,0,0,0,2026-09-05T23:22:01.049808+00:00,2026-09-05T23:37:01Z,True
tt06_f3d8920b0163c29e28abb41e,dev,ts-order-other-service,0,0,0,2026-09-05T23:22:01.049808+00:00,2026-09-05T23:37:01Z,True
tt06_f3d8920b0163c29e28abb41e,dev,ts-order-service,0,0,0,2026-09-05T23:22:01.049808+00:00,2026-09-05T23:37:01Z,True
tt06_f3d8920b0163c29e28abb41e,dev,ts-price-service,42,16,24,2026-09-05T23:22:01.049808+00:00,2026-09-05T23:37:01Z,True
tt06_f3d8920b0163c29e28abb41e,dev,ts-route-service,21,8,12,2026-09-05T23:22:01.049808+00:00,2026-09-05T23:37:01Z,True
tt06_f3d8920b0163c29e28abb41e,dev,ts-seat-service,0,0,0,2026-09-05T23:22:01.049808+00:00,2026-09-05T23:37:01Z,True
tt06_f3d8920b0163c29e28abb41e,dev,ts-station-service,0,0,0,2026-09-05T23:22:01.049808+00:00,2026-09-05T23:37:01Z,True
tt06_f3d8920b0163c29e28abb41e,dev,ts-train-service,154,32,48,2026-09-05T23:22:01.049808+00:00,2026-09-05T23:37:01Z,True
tt06_f3d8920b0163c29e28abb41e,dev,ts-travel-service,0,0,0,2026-09-05T23:22:01.049808+00:00,2026-09-05T23:37:01Z,True
tt06_f3d8920b0163c29e28abb41e,dev,ts-travel2-service,0,0,0,2026-09-05T23:22:01.049808+00:00,2026-09-05T23:37:01Z,True
tt06_f3d8920b0163c29e28abb41e,dev,ts-ui-dashboard,0,0,0,2026-09-05T23:22:01.049808+00:00,2026-09-05T23:37:01Z,True
tt06_f3d8920b0163c29e28abb41e,dev,ts-user-service,0,0,0,2026-09-05T23:22:01.049808+00:00,2026-09-05T23:37:01Z,True
tt06_f3d8920b0163c29e28abb41e,dev,tsdb-mysql,547,180,270,2026-09-05T23:22:01.049808+00:00,2026-09-05T23:37:01Z,True
tt06_fa01ccd34f0fe310c498fac1,dev,nacos,0,0,0,2026-09-05T19:31:58Z,2026-09-05T19:46:58Z,True
tt06_fa01ccd34f0fe310c498fac1,dev,nacosdb-mysql,546,180,270,2026-09-05T19:31:58Z,2026-09-05T19:46:58Z,True
tt06_fa01ccd34f0fe310c498fac1,dev,rabbitmq,0,0,0,2026-09-05T19:31:58Z,2026-09-05T19:46:58Z,True
tt06_fa01ccd34f0fe310c498fac1,dev,ts-auth-service,0,0,0,2026-09-05T19:31:58Z,2026-09-05T19:46:58Z,True
tt06_fa01ccd34f0fe310c498fac1,dev,ts-basic-service,0,0,0,2026-09-05T19:31:58Z,2026-09-05T19:46:58Z,True
tt06_fa01ccd34f0fe310c498fac1,dev,ts-config-service,0,0,0,2026-09-05T19:31:58Z,2026-09-05T19:46:58Z,True
tt06_fa01ccd34f0fe310c498fac1,dev,ts-contacts-service,0,0,0,2026-09-05T19:31:58Z,2026-09-05T19:46:58Z,True
tt06_fa01ccd34f0fe310c498fac1,dev,ts-gateway-service,0,0,0,2026-09-05T19:31:58Z,2026-09-05T19:46:58Z,True
tt06_fa01ccd34f0fe310c498fac1,dev,ts-order-other-service,0,0,0,2026-09-05T19:31:58Z,2026-09-05T19:46:58Z,True
tt06_fa01ccd34f0fe310c498fac1,dev,ts-order-service,0,0,0,2026-09-05T19:31:58Z,2026-09-05T19:46:58Z,True
tt06_fa01ccd34f0fe310c498fac1,dev,ts-price-service,40,16,24,2026-09-05T19:31:58Z,2026-09-05T19:46:58Z,True
tt06_fa01ccd34f0fe310c498fac1,dev,ts-route-service,20,8,12,2026-09-05T19:31:58Z,2026-09-05T19:46:58Z,True
tt06_fa01ccd34f0fe310c498fac1,dev,ts-seat-service,0,0,0,2026-09-05T19:31:58Z,2026-09-05T19:46:58Z,True
tt06_fa01ccd34f0fe310c498fac1,dev,ts-station-service,750,0,522,2026-09-05T19:31:58Z,2026-09-05T19:46:58Z,True
tt06_fa01ccd34f0fe310c498fac1,dev,ts-train-service,80,32,48,2026-09-05T19:31:58Z,2026-09-05T19:46:58Z,True
tt06_fa01ccd34f0fe310c498fac1,dev,ts-travel-service,0,0,0,2026-09-05T19:31:58Z,2026-09-05T19:46:58Z,True
tt06_fa01ccd34f0fe310c498fac1,dev,ts-travel2-service,0,0,0,2026-09-05T19:31:58Z,2026-09-05T19:46:58Z,True
tt06_fa01ccd34f0fe310c498fac1,dev,ts-ui-dashboard,0,0,0,2026-09-05T19:31:58Z,2026-09-05T19:46:58Z,True
tt06_fa01ccd34f0fe310c498fac1,dev,ts-user-service,0,0,0,2026-09-05T19:31:58Z,2026-09-05T19:46:58Z,True
tt06_fa01ccd34f0fe310c498fac1,dev,tsdb-mysql,547,181,270,2026-09-05T19:31:58Z,2026-09-05T19:46:58Z,True
tt06_faf8f531bc362540409ad0dc,dev,nacos,0,0,0,2026-09-05T06:40:17.042310+00:00,2026-09-05T06:55:17Z,True
tt06_faf8f531bc362540409ad0dc,dev,nacosdb-mysql,546,180,270,2026-09-05T06:40:17.042310+00:00,2026-09-05T06:55:17Z,True
tt06_faf8f531bc362540409ad0dc,dev,rabbitmq,0,0,0,2026-09-05T06:40:17.042310+00:00,2026-09-05T06:55:17Z,True
tt06_faf8f531bc362540409ad0dc,dev,ts-auth-service,0,0,0,2026-09-05T06:40:17.042310+00:00,2026-09-05T06:55:17Z,True
tt06_faf8f531bc362540409ad0dc,dev,ts-basic-service,0,0,0,2026-09-05T06:40:17.042310+00:00,2026-09-05T06:55:17Z,True
tt06_faf8f531bc362540409ad0dc,dev,ts-config-service,0,0,0,2026-09-05T06:40:17.042310+00:00,2026-09-05T06:55:17Z,True
tt06_faf8f531bc362540409ad0dc,dev,ts-contacts-service,0,0,0,2026-09-05T06:40:17.042310+00:00,2026-09-05T06:55:17Z,True
tt06_faf8f531bc362540409ad0dc,dev,ts-gateway-service,0,0,0,2026-09-05T06:40:17.042310+00:00,2026-09-05T06:55:17Z,True
tt06_faf8f531bc362540409ad0dc,dev,ts-order-other-service,0,0,0,2026-09-05T06:40:17.042310+00:00,2026-09-05T06:55:17Z,True
tt06_faf8f531bc362540409ad0dc,dev,ts-order-service,0,0,0,2026-09-05T06:40:17.042310+00:00,2026-09-05T06:55:17Z,True
tt06_faf8f531bc362540409ad0dc,dev,ts-price-service,42,16,24,2026-09-05T06:40:17.042310+00:00,2026-09-05T06:55:17Z,True
tt06_faf8f531bc362540409ad0dc,dev,ts-route-service,81,32,48,2026-09-05T06:40:17.042310+00:00,2026-09-05T06:55:17Z,True
tt06_faf8f531bc362540409ad0dc,dev,ts-seat-service,0,0,0,2026-09-05T06:40:17.042310+00:00,2026-09-05T06:55:17Z,True
tt06_faf8f531bc362540409ad0dc,dev,ts-station-service,0,0,0,2026-09-05T06:40:17.042310+00:00,2026-09-05T06:55:17Z,True
tt06_faf8f531bc362540409ad0dc,dev,ts-train-service,21,8,12,2026-09-05T06:40:17.042310+00:00,2026-09-05T06:55:17Z,True
tt06_faf8f531bc362540409ad0dc,dev,ts-travel-service,0,0,0,2026-09-05T06:40:17.042310+00:00,2026-09-05T06:55:17Z,True
tt06_faf8f531bc362540409ad0dc,dev,ts-travel2-service,0,0,0,2026-09-05T06:40:17.042310+00:00,2026-09-05T06:55:17Z,True
tt06_faf8f531bc362540409ad0dc,dev,ts-ui-dashboard,0,0,0,2026-09-05T06:40:17.042310+00:00,2026-09-05T06:55:17Z,True
tt06_faf8f531bc362540409ad0dc,dev,ts-user-service,0,0,0,2026-09-05T06:40:17.042310+00:00,2026-09-05T06:55:17Z,True
tt06_faf8f531bc362540409ad0dc,dev,tsdb-mysql,548,180,270,2026-09-05T06:40:17.042310+00:00,2026-09-05T06:55:17Z,True
tt06_00204c82e17751ea004937ec,test,nacos,0,0,0,2026-09-06T06:59:10Z,2026-09-06T07:14:10Z,True
tt06_00204c82e17751ea004937ec,test,nacosdb-mysql,548,180,270,2026-09-06T06:59:10Z,2026-09-06T07:14:10Z,True
tt06_00204c82e17751ea004937ec,test,rabbitmq,0,0,0,2026-09-06T06:59:10Z,2026-09-06T07:14:10Z,True
tt06_00204c82e17751ea004937ec,test,ts-auth-service,0,0,0,2026-09-06T06:59:10Z,2026-09-06T07:14:10Z,True
tt06_00204c82e17751ea004937ec,test,ts-basic-service,0,0,0,2026-09-06T06:59:10Z,2026-09-06T07:14:10Z,True
tt06_00204c82e17751ea004937ec,test,ts-config-service,0,0,0,2026-09-06T06:59:10Z,2026-09-06T07:14:10Z,True
tt06_00204c82e17751ea004937ec,test,ts-contacts-service,0,0,0,2026-09-06T06:59:10Z,2026-09-06T07:14:10Z,True
tt06_00204c82e17751ea004937ec,test,ts-gateway-service,6,0,6,2026-09-06T06:59:10Z,2026-09-06T07:14:10Z,True
tt06_00204c82e17751ea004937ec,test,ts-order-other-service,0,0,0,2026-09-06T06:59:10Z,2026-09-06T07:14:10Z,True
tt06_00204c82e17751ea004937ec,test,ts-order-service,0,0,0,2026-09-06T06:59:10Z,2026-09-06T07:14:10Z,True
tt06_00204c82e17751ea004937ec,test,ts-price-service,63,48,15,2026-09-06T06:59:10Z,2026-09-06T07:14:10Z,True
tt06_00204c82e17751ea004937ec,test,ts-route-service,60,24,36,2026-09-06T06:59:10Z,2026-09-06T07:14:10Z,True
tt06_00204c82e17751ea004937ec,test,ts-seat-service,0,0,0,2026-09-06T06:59:10Z,2026-09-06T07:14:10Z,True
tt06_00204c82e17751ea004937ec,test,ts-station-service,0,0,0,2026-09-06T06:59:10Z,2026-09-06T07:14:10Z,True
tt06_00204c82e17751ea004937ec,test,ts-train-service,56,24,32,2026-09-06T06:59:10Z,2026-09-06T07:14:10Z,True
tt06_00204c82e17751ea004937ec,test,ts-travel-service,0,0,0,2026-09-06T06:59:10Z,2026-09-06T07:14:10Z,True
tt06_00204c82e17751ea004937ec,test,ts-travel2-service,0,0,0,2026-09-06T06:59:10Z,2026-09-06T07:14:10Z,True
tt06_00204c82e17751ea004937ec,test,ts-ui-dashboard,0,0,0,2026-09-06T06:59:10Z,2026-09-06T07:14:10Z,True
tt06_00204c82e17751ea004937ec,test,ts-user-service,0,0,0,2026-09-06T06:59:10Z,2026-09-06T07:14:10Z,True
tt06_00204c82e17751ea004937ec,test,tsdb-mysql,548,180,270,2026-09-06T06:59:10Z,2026-09-06T07:14:10Z,True
tt06_02b0060f74d5a7e57defba38,test,nacos,0,0,0,2026-09-07T00:18:05Z,2026-09-07T00:33:05Z,True
tt06_02b0060f74d5a7e57defba38,test,nacosdb-mysql,547,180,270,2026-09-07T00:18:05Z,2026-09-07T00:33:05Z,True
tt06_02b0060f74d5a7e57defba38,test,rabbitmq,0,0,0,2026-09-07T00:18:05Z,2026-09-07T00:33:05Z,True
tt06_02b0060f74d5a7e57defba38,test,ts-auth-service,0,0,0,2026-09-07T00:18:05Z,2026-09-07T00:33:05Z,True
tt06_02b0060f74d5a7e57defba38,test,ts-basic-service,0,0,0,2026-09-07T00:18:05Z,2026-09-07T00:33:05Z,True
tt06_02b0060f74d5a7e57defba38,test,ts-config-service,0,0,0,2026-09-07T00:18:05Z,2026-09-07T00:33:05Z,True
tt06_02b0060f74d5a7e57defba38,test,ts-contacts-service,0,0,0,2026-09-07T00:18:05Z,2026-09-07T00:33:05Z,True
tt06_02b0060f74d5a7e57defba38,test,ts-gateway-service,0,0,0,2026-09-07T00:18:05Z,2026-09-07T00:33:05Z,True
tt06_02b0060f74d5a7e57defba38,test,ts-order-other-service,0,0,0,2026-09-07T00:18:05Z,2026-09-07T00:33:05Z,True
tt06_02b0060f74d5a7e57defba38,test,ts-order-service,0,0,0,2026-09-07T00:18:05Z,2026-09-07T00:33:05Z,True
tt06_02b0060f74d5a7e57defba38,test,ts-price-service,40,16,24,2026-09-07T00:18:05Z,2026-09-07T00:33:05Z,True
tt06_02b0060f74d5a7e57defba38,test,ts-route-service,20,8,12,2026-09-07T00:18:05Z,2026-09-07T00:33:05Z,True
tt06_02b0060f74d5a7e57defba38,test,ts-seat-service,0,0,0,2026-09-07T00:18:05Z,2026-09-07T00:33:05Z,True
tt06_02b0060f74d5a7e57defba38,test,ts-station-service,0,0,0,2026-09-07T00:18:05Z,2026-09-07T00:33:05Z,True
tt06_02b0060f74d5a7e57defba38,test,ts-train-service,47,32,15,2026-09-07T00:18:05Z,2026-09-07T00:33:05Z,True
tt06_02b0060f74d5a7e57defba38,test,ts-travel-service,0,0,0,2026-09-07T00:18:05Z,2026-09-07T00:33:05Z,True
tt06_02b0060f74d5a7e57defba38,test,ts-travel2-service,0,0,0,2026-09-07T00:18:05Z,2026-09-07T00:33:05Z,True
tt06_02b0060f74d5a7e57defba38,test,ts-ui-dashboard,0,0,0,2026-09-07T00:18:05Z,2026-09-07T00:33:05Z,True
tt06_02b0060f74d5a7e57defba38,test,ts-user-service,0,0,0,2026-09-07T00:18:05Z,2026-09-07T00:33:05Z,True
tt06_02b0060f74d5a7e57defba38,test,tsdb-mysql,547,180,270,2026-09-07T00:18:05Z,2026-09-07T00:33:05Z,True
tt06_03f06b9291e807c4bbbd7547,test,nacos,0,0,0,2026-09-08T09:41:55Z,2026-09-08T09:56:55Z,True
tt06_03f06b9291e807c4bbbd7547,test,nacosdb-mysql,547,180,270,2026-09-08T09:41:55Z,2026-09-08T09:56:55Z,True
tt06_03f06b9291e807c4bbbd7547,test,rabbitmq,0,0,0,2026-09-08T09:41:55Z,2026-09-08T09:56:55Z,True
tt06_03f06b9291e807c4bbbd7547,test,ts-auth-service,0,0,0,2026-09-08T09:41:55Z,2026-09-08T09:56:55Z,True
tt06_03f06b9291e807c4bbbd7547,test,ts-basic-service,0,0,0,2026-09-08T09:41:55Z,2026-09-08T09:56:55Z,True
tt06_03f06b9291e807c4bbbd7547,test,ts-config-service,0,0,0,2026-09-08T09:41:55Z,2026-09-08T09:56:55Z,True
tt06_03f06b9291e807c4bbbd7547,test,ts-contacts-service,0,0,0,2026-09-08T09:41:55Z,2026-09-08T09:56:55Z,True
tt06_03f06b9291e807c4bbbd7547,test,ts-gateway-service,225,0,136,2026-09-08T09:41:55Z,2026-09-08T09:56:55Z,True
tt06_03f06b9291e807c4bbbd7547,test,ts-order-other-service,0,0,0,2026-09-08T09:41:55Z,2026-09-08T09:56:55Z,True
tt06_03f06b9291e807c4bbbd7547,test,ts-order-service,0,0,0,2026-09-08T09:41:55Z,2026-09-08T09:56:55Z,True
tt06_03f06b9291e807c4bbbd7547,test,ts-price-service,30,30,0,2026-09-08T09:41:55Z,2026-09-08T09:56:55Z,True
tt06_03f06b9291e807c4bbbd7547,test,ts-route-service,15,15,0,2026-09-08T09:41:55Z,2026-09-08T09:56:55Z,True
tt06_03f06b9291e807c4bbbd7547,test,ts-seat-service,0,0,0,2026-09-08T09:41:55Z,2026-09-08T09:56:55Z,True
tt06_03f06b9291e807c4bbbd7547,test,ts-station-service,0,0,0,2026-09-08T09:41:55Z,2026-09-08T09:56:55Z,True
tt06_03f06b9291e807c4bbbd7547,test,ts-train-service,15,15,0,2026-09-08T09:41:55Z,2026-09-08T09:56:55Z,True
tt06_03f06b9291e807c4bbbd7547,test,ts-travel-service,0,0,0,2026-09-08T09:41:55Z,2026-09-08T09:56:55Z,True
tt06_03f06b9291e807c4bbbd7547,test,ts-travel2-service,0,0,0,2026-09-08T09:41:55Z,2026-09-08T09:56:55Z,True
tt06_03f06b9291e807c4bbbd7547,test,ts-ui-dashboard,0,0,0,2026-09-08T09:41:55Z,2026-09-08T09:56:55Z,True
tt06_03f06b9291e807c4bbbd7547,test,ts-user-service,0,0,0,2026-09-08T09:41:55Z,2026-09-08T09:56:55Z,True
tt06_03f06b9291e807c4bbbd7547,test,tsdb-mysql,546,180,270,2026-09-08T09:41:55Z,2026-09-08T09:56:55Z,True
tt06_0608ae9b3c554cd0e5092fc9,test,nacos,0,0,0,2026-09-07T20:50:16.517376+00:00,2026-09-07T21:05:16Z,True
tt06_0608ae9b3c554cd0e5092fc9,test,nacosdb-mysql,548,182,270,2026-09-07T20:50:16.517376+00:00,2026-09-07T21:05:16Z,True
tt06_0608ae9b3c554cd0e5092fc9,test,rabbitmq,0,0,0,2026-09-07T20:50:16.517376+00:00,2026-09-07T21:05:16Z,True
tt06_0608ae9b3c554cd0e5092fc9,test,ts-auth-service,0,0,0,2026-09-07T20:50:16.517376+00:00,2026-09-07T21:05:16Z,True
tt06_0608ae9b3c554cd0e5092fc9,test,ts-basic-service,0,0,0,2026-09-07T20:50:16.517376+00:00,2026-09-07T21:05:16Z,True
tt06_0608ae9b3c554cd0e5092fc9,test,ts-config-service,0,0,0,2026-09-07T20:50:16.517376+00:00,2026-09-07T21:05:16Z,True
tt06_0608ae9b3c554cd0e5092fc9,test,ts-contacts-service,0,0,0,2026-09-07T20:50:16.517376+00:00,2026-09-07T21:05:16Z,True
tt06_0608ae9b3c554cd0e5092fc9,test,ts-gateway-service,0,0,0,2026-09-07T20:50:16.517376+00:00,2026-09-07T21:05:16Z,True
tt06_0608ae9b3c554cd0e5092fc9,test,ts-order-other-service,0,0,0,2026-09-07T20:50:16.517376+00:00,2026-09-07T21:05:16Z,True
tt06_0608ae9b3c554cd0e5092fc9,test,ts-order-service,0,0,0,2026-09-07T20:50:16.517376+00:00,2026-09-07T21:05:16Z,True
tt06_0608ae9b3c554cd0e5092fc9,test,ts-price-service,42,16,24,2026-09-07T20:50:16.517376+00:00,2026-09-07T21:05:16Z,True
tt06_0608ae9b3c554cd0e5092fc9,test,ts-route-service,21,8,12,2026-09-07T20:50:16.517376+00:00,2026-09-07T21:05:16Z,True
tt06_0608ae9b3c554cd0e5092fc9,test,ts-seat-service,0,0,0,2026-09-07T20:50:16.517376+00:00,2026-09-07T21:05:16Z,True
tt06_0608ae9b3c554cd0e5092fc9,test,ts-station-service,0,0,0,2026-09-07T20:50:16.517376+00:00,2026-09-07T21:05:16Z,True
tt06_0608ae9b3c554cd0e5092fc9,test,ts-train-service,81,32,48,2026-09-07T20:50:16.517376+00:00,2026-09-07T21:05:16Z,True
tt06_0608ae9b3c554cd0e5092fc9,test,ts-travel-service,0,0,0,2026-09-07T20:50:16.517376+00:00,2026-09-07T21:05:16Z,True
tt06_0608ae9b3c554cd0e5092fc9,test,ts-travel2-service,0,0,0,2026-09-07T20:50:16.517376+00:00,2026-09-07T21:05:16Z,True
tt06_0608ae9b3c554cd0e5092fc9,test,ts-ui-dashboard,0,0,0,2026-09-07T20:50:16.517376+00:00,2026-09-07T21:05:16Z,True
tt06_0608ae9b3c554cd0e5092fc9,test,ts-user-service,0,0,0,2026-09-07T20:50:16.517376+00:00,2026-09-07T21:05:16Z,True
tt06_0608ae9b3c554cd0e5092fc9,test,tsdb-mysql,548,180,270,2026-09-07T20:50:16.517376+00:00,2026-09-07T21:05:16Z,True
tt06_06258014497987d00c29c619,test,nacos,0,0,0,2026-09-06T17:57:11.026609+00:00,2026-09-06T18:12:11Z,True
tt06_06258014497987d00c29c619,test,nacosdb-mysql,546,180,270,2026-09-06T17:57:11.026609+00:00,2026-09-06T18:12:11Z,True
tt06_06258014497987d00c29c619,test,rabbitmq,0,0,0,2026-09-06T17:57:11.026609+00:00,2026-09-06T18:12:11Z,True
tt06_06258014497987d00c29c619,test,ts-auth-service,0,0,0,2026-09-06T17:57:11.026609+00:00,2026-09-06T18:12:11Z,True
tt06_06258014497987d00c29c619,test,ts-basic-service,0,0,0,2026-09-06T17:57:11.026609+00:00,2026-09-06T18:12:11Z,True
tt06_06258014497987d00c29c619,test,ts-config-service,0,0,0,2026-09-06T17:57:11.026609+00:00,2026-09-06T18:12:11Z,True
tt06_06258014497987d00c29c619,test,ts-contacts-service,0,0,0,2026-09-06T17:57:11.026609+00:00,2026-09-06T18:12:11Z,True
tt06_06258014497987d00c29c619,test,ts-gateway-service,150,0,49,2026-09-06T17:57:11.026609+00:00,2026-09-06T18:12:11Z,True
tt06_06258014497987d00c29c619,test,ts-order-other-service,0,0,0,2026-09-06T17:57:11.026609+00:00,2026-09-06T18:12:11Z,True
tt06_06258014497987d00c29c619,test,ts-order-service,0,0,0,2026-09-06T17:57:11.026609+00:00,2026-09-06T18:12:11Z,True
tt06_06258014497987d00c29c619,test,ts-price-service,74,30,42,2026-09-06T17:57:11.026609+00:00,2026-09-06T18:12:11Z,True
tt06_06258014497987d00c29c619,test,ts-route-service,40,15,24,2026-09-06T17:57:11.026609+00:00,2026-09-06T18:12:11Z,True
tt06_06258014497987d00c29c619,test,ts-seat-service,0,0,0,2026-09-06T17:57:11.026609+00:00,2026-09-06T18:12:11Z,True
tt06_06258014497987d00c29c619,test,ts-station-service,0,0,0,2026-09-06T17:57:11.026609+00:00,2026-09-06T18:12:11Z,True
tt06_06258014497987d00c29c619,test,ts-train-service,39,15,23,2026-09-06T17:57:11.026609+00:00,2026-09-06T18:12:11Z,True
tt06_06258014497987d00c29c619,test,ts-travel-service,0,0,0,2026-09-06T17:57:11.026609+00:00,2026-09-06T18:12:11Z,True
tt06_06258014497987d00c29c619,test,ts-travel2-service,0,0,0,2026-09-06T17:57:11.026609+00:00,2026-09-06T18:12:11Z,True
tt06_06258014497987d00c29c619,test,ts-ui-dashboard,0,0,0,2026-09-06T17:57:11.026609+00:00,2026-09-06T18:12:11Z,True
tt06_06258014497987d00c29c619,test,ts-user-service,0,0,0,2026-09-06T17:57:11.026609+00:00,2026-09-06T18:12:11Z,True
tt06_06258014497987d00c29c619,test,tsdb-mysql,546,180,270,2026-09-06T17:57:11.026609+00:00,2026-09-06T18:12:11Z,True
tt06_09e4acaaee0203a7b7d65747,test,nacos,0,0,0,2026-09-07T02:17:57Z,2026-09-07T02:32:57Z,True
tt06_09e4acaaee0203a7b7d65747,test,nacosdb-mysql,546,180,270,2026-09-07T02:17:57Z,2026-09-07T02:32:57Z,True
tt06_09e4acaaee0203a7b7d65747,test,rabbitmq,0,0,0,2026-09-07T02:17:57Z,2026-09-07T02:32:57Z,True
tt06_09e4acaaee0203a7b7d65747,test,ts-auth-service,0,0,0,2026-09-07T02:17:57Z,2026-09-07T02:32:57Z,True
tt06_09e4acaaee0203a7b7d65747,test,ts-basic-service,0,0,0,2026-09-07T02:17:57Z,2026-09-07T02:32:57Z,True
tt06_09e4acaaee0203a7b7d65747,test,ts-config-service,0,0,0,2026-09-07T02:17:57Z,2026-09-07T02:32:57Z,True
tt06_09e4acaaee0203a7b7d65747,test,ts-contacts-service,0,0,0,2026-09-07T02:17:57Z,2026-09-07T02:32:57Z,True
tt06_09e4acaaee0203a7b7d65747,test,ts-gateway-service,227,0,137,2026-09-07T02:17:57Z,2026-09-07T02:32:57Z,True
tt06_09e4acaaee0203a7b7d65747,test,ts-order-other-service,0,0,0,2026-09-07T02:17:57Z,2026-09-07T02:32:57Z,True
tt06_09e4acaaee0203a7b7d65747,test,ts-order-service,0,0,0,2026-09-07T02:17:57Z,2026-09-07T02:32:57Z,True
tt06_09e4acaaee0203a7b7d65747,test,ts-price-service,30,30,0,2026-09-07T02:17:57Z,2026-09-07T02:32:57Z,True
tt06_09e4acaaee0203a7b7d65747,test,ts-route-service,15,15,0,2026-09-07T02:17:57Z,2026-09-07T02:32:57Z,True
tt06_09e4acaaee0203a7b7d65747,test,ts-seat-service,0,0,0,2026-09-07T02:17:57Z,2026-09-07T02:32:57Z,True
tt06_09e4acaaee0203a7b7d65747,test,ts-station-service,0,0,0,2026-09-07T02:17:57Z,2026-09-07T02:32:57Z,True
tt06_09e4acaaee0203a7b7d65747,test,ts-train-service,15,15,0,2026-09-07T02:17:57Z,2026-09-07T02:32:57Z,True
tt06_09e4acaaee0203a7b7d65747,test,ts-travel-service,0,0,0,2026-09-07T02:17:57Z,2026-09-07T02:32:57Z,True
tt06_09e4acaaee0203a7b7d65747,test,ts-travel2-service,0,0,0,2026-09-07T02:17:57Z,2026-09-07T02:32:57Z,True
tt06_09e4acaaee0203a7b7d65747,test,ts-ui-dashboard,0,0,0,2026-09-07T02:17:57Z,2026-09-07T02:32:57Z,True
tt06_09e4acaaee0203a7b7d65747,test,ts-user-service,0,0,0,2026-09-07T02:17:57Z,2026-09-07T02:32:57Z,True
tt06_09e4acaaee0203a7b7d65747,test,tsdb-mysql,547,180,270,2026-09-07T02:17:57Z,2026-09-07T02:32:57Z,True
tt06_0b34b4e5e45deef19374a95f,test,nacos,0,0,0,2026-09-07T11:54:30Z,2026-09-07T12:09:30Z,True
tt06_0b34b4e5e45deef19374a95f,test,nacosdb-mysql,547,180,270,2026-09-07T11:54:30Z,2026-09-07T12:09:30Z,True
tt06_0b34b4e5e45deef19374a95f,test,rabbitmq,0,0,0,2026-09-07T11:54:30Z,2026-09-07T12:09:30Z,True
tt06_0b34b4e5e45deef19374a95f,test,ts-auth-service,0,0,0,2026-09-07T11:54:30Z,2026-09-07T12:09:30Z,True
tt06_0b34b4e5e45deef19374a95f,test,ts-basic-service,0,0,0,2026-09-07T11:54:30Z,2026-09-07T12:09:30Z,True
tt06_0b34b4e5e45deef19374a95f,test,ts-config-service,0,0,0,2026-09-07T11:54:30Z,2026-09-07T12:09:30Z,True
tt06_0b34b4e5e45deef19374a95f,test,ts-contacts-service,0,0,0,2026-09-07T11:54:30Z,2026-09-07T12:09:30Z,True
tt06_0b34b4e5e45deef19374a95f,test,ts-gateway-service,0,0,0,2026-09-07T11:54:30Z,2026-09-07T12:09:30Z,True
tt06_0b34b4e5e45deef19374a95f,test,ts-order-other-service,0,0,0,2026-09-07T11:54:30Z,2026-09-07T12:09:30Z,True
tt06_0b34b4e5e45deef19374a95f,test,ts-order-service,0,0,0,2026-09-07T11:54:30Z,2026-09-07T12:09:30Z,True
tt06_0b34b4e5e45deef19374a95f,test,ts-price-service,40,16,24,2026-09-07T11:54:30Z,2026-09-07T12:09:30Z,True
tt06_0b34b4e5e45deef19374a95f,test,ts-route-service,20,8,12,2026-09-07T11:54:30Z,2026-09-07T12:09:30Z,True
tt06_0b34b4e5e45deef19374a95f,test,ts-seat-service,0,0,0,2026-09-07T11:54:30Z,2026-09-07T12:09:30Z,True
tt06_0b34b4e5e45deef19374a95f,test,ts-station-service,0,0,0,2026-09-07T11:54:30Z,2026-09-07T12:09:30Z,True
tt06_0b34b4e5e45deef19374a95f,test,ts-train-service,7673,32,6820,2026-09-07T11:54:30Z,2026-09-07T12:09:30Z,True
tt06_0b34b4e5e45deef19374a95f,test,ts-travel-service,0,0,0,2026-09-07T11:54:30Z,2026-09-07T12:09:30Z,True
tt06_0b34b4e5e45deef19374a95f,test,ts-travel2-service,0,0,0,2026-09-07T11:54:30Z,2026-09-07T12:09:30Z,True
tt06_0b34b4e5e45deef19374a95f,test,ts-ui-dashboard,0,0,0,2026-09-07T11:54:30Z,2026-09-07T12:09:30Z,True
tt06_0b34b4e5e45deef19374a95f,test,ts-user-service,0,0,0,2026-09-07T11:54:30Z,2026-09-07T12:09:30Z,True
tt06_0b34b4e5e45deef19374a95f,test,tsdb-mysql,546,180,270,2026-09-07T11:54:30Z,2026-09-07T12:09:30Z,True
tt06_0b99c505b7afffb63338c21c,test,nacos,0,0,0,2026-09-08T07:46:08Z,2026-09-08T08:01:08Z,True
tt06_0b99c505b7afffb63338c21c,test,nacosdb-mysql,546,180,270,2026-09-08T07:46:08Z,2026-09-08T08:01:08Z,True
tt06_0b99c505b7afffb63338c21c,test,rabbitmq,0,0,0,2026-09-08T07:46:08Z,2026-09-08T08:01:08Z,True
tt06_0b99c505b7afffb63338c21c,test,ts-auth-service,0,0,0,2026-09-08T07:46:08Z,2026-09-08T08:01:08Z,True
tt06_0b99c505b7afffb63338c21c,test,ts-basic-service,0,0,0,2026-09-08T07:46:08Z,2026-09-08T08:01:08Z,True
tt06_0b99c505b7afffb63338c21c,test,ts-config-service,0,0,0,2026-09-08T07:46:08Z,2026-09-08T08:01:08Z,True
tt06_0b99c505b7afffb63338c21c,test,ts-contacts-service,0,0,0,2026-09-08T07:46:08Z,2026-09-08T08:01:08Z,True
tt06_0b99c505b7afffb63338c21c,test,ts-gateway-service,0,0,0,2026-09-08T07:46:08Z,2026-09-08T08:01:08Z,True
tt06_0b99c505b7afffb63338c21c,test,ts-order-other-service,0,0,0,2026-09-08T07:46:08Z,2026-09-08T08:01:08Z,True
tt06_0b99c505b7afffb63338c21c,test,ts-order-service,0,0,0,2026-09-08T07:46:08Z,2026-09-08T08:01:08Z,True
tt06_0b99c505b7afffb63338c21c,test,ts-price-service,40,16,24,2026-09-08T07:46:08Z,2026-09-08T08:01:08Z,True
tt06_0b99c505b7afffb63338c21c,test,ts-route-service,20,8,12,2026-09-08T07:46:08Z,2026-09-08T08:01:08Z,True
tt06_0b99c505b7afffb63338c21c,test,ts-seat-service,0,0,0,2026-09-08T07:46:08Z,2026-09-08T08:01:08Z,True
tt06_0b99c505b7afffb63338c21c,test,ts-station-service,750,0,522,2026-09-08T07:46:08Z,2026-09-08T08:01:08Z,True
tt06_0b99c505b7afffb63338c21c,test,ts-train-service,80,32,48,2026-09-08T07:46:08Z,2026-09-08T08:01:08Z,True
tt06_0b99c505b7afffb63338c21c,test,ts-travel-service,0,0,0,2026-09-08T07:46:08Z,2026-09-08T08:01:08Z,True
tt06_0b99c505b7afffb63338c21c,test,ts-travel2-service,0,0,0,2026-09-08T07:46:08Z,2026-09-08T08:01:08Z,True
tt06_0b99c505b7afffb63338c21c,test,ts-ui-dashboard,0,0,0,2026-09-08T07:46:08Z,2026-09-08T08:01:08Z,True
tt06_0b99c505b7afffb63338c21c,test,ts-user-service,0,0,0,2026-09-08T07:46:08Z,2026-09-08T08:01:08Z,True
tt06_0b99c505b7afffb63338c21c,test,tsdb-mysql,547,181,270,2026-09-08T07:46:08Z,2026-09-08T08:01:08Z,True
tt06_0d2143ec72089e7b7bf2aa8f,test,nacos,0,0,0,2026-09-08T22:27:07Z,2026-09-08T22:42:07Z,True
tt06_0d2143ec72089e7b7bf2aa8f,test,nacosdb-mysql,548,181,270,2026-09-08T22:27:07Z,2026-09-08T22:42:07Z,True
tt06_0d2143ec72089e7b7bf2aa8f,test,rabbitmq,0,0,0,2026-09-08T22:27:07Z,2026-09-08T22:42:07Z,True
tt06_0d2143ec72089e7b7bf2aa8f,test,ts-auth-service,0,0,0,2026-09-08T22:27:07Z,2026-09-08T22:42:07Z,True
tt06_0d2143ec72089e7b7bf2aa8f,test,ts-basic-service,0,0,0,2026-09-08T22:27:07Z,2026-09-08T22:42:07Z,True
tt06_0d2143ec72089e7b7bf2aa8f,test,ts-config-service,0,0,0,2026-09-08T22:27:07Z,2026-09-08T22:42:07Z,True
tt06_0d2143ec72089e7b7bf2aa8f,test,ts-contacts-service,0,0,0,2026-09-08T22:27:07Z,2026-09-08T22:42:07Z,True
tt06_0d2143ec72089e7b7bf2aa8f,test,ts-gateway-service,6,0,6,2026-09-08T22:27:07Z,2026-09-08T22:42:07Z,True
tt06_0d2143ec72089e7b7bf2aa8f,test,ts-order-other-service,0,0,0,2026-09-08T22:27:07Z,2026-09-08T22:42:07Z,True
tt06_0d2143ec72089e7b7bf2aa8f,test,ts-order-service,0,0,0,2026-09-08T22:27:07Z,2026-09-08T22:42:07Z,True
tt06_0d2143ec72089e7b7bf2aa8f,test,ts-price-service,63,48,15,2026-09-08T22:27:07Z,2026-09-08T22:42:07Z,True
tt06_0d2143ec72089e7b7bf2aa8f,test,ts-route-service,60,24,36,2026-09-08T22:27:07Z,2026-09-08T22:42:07Z,True
tt06_0d2143ec72089e7b7bf2aa8f,test,ts-seat-service,0,0,0,2026-09-08T22:27:07Z,2026-09-08T22:42:07Z,True
tt06_0d2143ec72089e7b7bf2aa8f,test,ts-station-service,0,0,0,2026-09-08T22:27:07Z,2026-09-08T22:42:07Z,True
tt06_0d2143ec72089e7b7bf2aa8f,test,ts-train-service,56,24,32,2026-09-08T22:27:07Z,2026-09-08T22:42:07Z,True
tt06_0d2143ec72089e7b7bf2aa8f,test,ts-travel-service,0,0,0,2026-09-08T22:27:07Z,2026-09-08T22:42:07Z,True
tt06_0d2143ec72089e7b7bf2aa8f,test,ts-travel2-service,0,0,0,2026-09-08T22:27:07Z,2026-09-08T22:42:07Z,True
tt06_0d2143ec72089e7b7bf2aa8f,test,ts-ui-dashboard,0,0,0,2026-09-08T22:27:07Z,2026-09-08T22:42:07Z,True
tt06_0d2143ec72089e7b7bf2aa8f,test,ts-user-service,0,0,0,2026-09-08T22:27:07Z,2026-09-08T22:42:07Z,True
tt06_0d2143ec72089e7b7bf2aa8f,test,tsdb-mysql,547,180,270,2026-09-08T22:27:07Z,2026-09-08T22:42:07Z,True
tt06_0dc48ab9907d44e342624ad5,test,nacos,0,0,0,2026-09-08T04:31:51.104664+00:00,2026-09-08T04:46:51Z,True
tt06_0dc48ab9907d44e342624ad5,test,nacosdb-mysql,547,181,270,2026-09-08T04:31:51.104664+00:00,2026-09-08T04:46:51Z,True
tt06_0dc48ab9907d44e342624ad5,test,rabbitmq,0,0,0,2026-09-08T04:31:51.104664+00:00,2026-09-08T04:46:51Z,True
tt06_0dc48ab9907d44e342624ad5,test,ts-auth-service,0,0,0,2026-09-08T04:31:51.104664+00:00,2026-09-08T04:46:51Z,True
tt06_0dc48ab9907d44e342624ad5,test,ts-basic-service,0,0,0,2026-09-08T04:31:51.104664+00:00,2026-09-08T04:46:51Z,True
tt06_0dc48ab9907d44e342624ad5,test,ts-config-service,0,0,0,2026-09-08T04:31:51.104664+00:00,2026-09-08T04:46:51Z,True
tt06_0dc48ab9907d44e342624ad5,test,ts-contacts-service,0,0,0,2026-09-08T04:31:51.104664+00:00,2026-09-08T04:46:51Z,True
tt06_0dc48ab9907d44e342624ad5,test,ts-gateway-service,0,0,0,2026-09-08T04:31:51.104664+00:00,2026-09-08T04:46:51Z,True
tt06_0dc48ab9907d44e342624ad5,test,ts-order-other-service,0,0,0,2026-09-08T04:31:51.104664+00:00,2026-09-08T04:46:51Z,True
tt06_0dc48ab9907d44e342624ad5,test,ts-order-service,0,0,0,2026-09-08T04:31:51.104664+00:00,2026-09-08T04:46:51Z,True
tt06_0dc48ab9907d44e342624ad5,test,ts-price-service,42,16,24,2026-09-08T04:31:51.104664+00:00,2026-09-08T04:46:51Z,True
tt06_0dc48ab9907d44e342624ad5,test,ts-route-service,81,32,48,2026-09-08T04:31:51.104664+00:00,2026-09-08T04:46:51Z,True
tt06_0dc48ab9907d44e342624ad5,test,ts-seat-service,0,0,0,2026-09-08T04:31:51.104664+00:00,2026-09-08T04:46:51Z,True
tt06_0dc48ab9907d44e342624ad5,test,ts-station-service,0,0,0,2026-09-08T04:31:51.104664+00:00,2026-09-08T04:46:51Z,True
tt06_0dc48ab9907d44e342624ad5,test,ts-train-service,21,8,12,2026-09-08T04:31:51.104664+00:00,2026-09-08T04:46:51Z,True
tt06_0dc48ab9907d44e342624ad5,test,ts-travel-service,0,0,0,2026-09-08T04:31:51.104664+00:00,2026-09-08T04:46:51Z,True
tt06_0dc48ab9907d44e342624ad5,test,ts-travel2-service,0,0,0,2026-09-08T04:31:51.104664+00:00,2026-09-08T04:46:51Z,True
tt06_0dc48ab9907d44e342624ad5,test,ts-ui-dashboard,0,0,0,2026-09-08T04:31:51.104664+00:00,2026-09-08T04:46:51Z,True
tt06_0dc48ab9907d44e342624ad5,test,ts-user-service,0,0,0,2026-09-08T04:31:51.104664+00:00,2026-09-08T04:46:51Z,True
tt06_0dc48ab9907d44e342624ad5,test,tsdb-mysql,547,180,270,2026-09-08T04:31:51.104664+00:00,2026-09-08T04:46:51Z,True
tt06_106c66cbd1e933a8ec82f73b,test,nacos,0,0,0,2026-09-06T12:06:49Z,2026-09-06T12:21:49Z,True
tt06_106c66cbd1e933a8ec82f73b,test,nacosdb-mysql,548,180,270,2026-09-06T12:06:49Z,2026-09-06T12:21:49Z,True
tt06_106c66cbd1e933a8ec82f73b,test,rabbitmq,0,0,0,2026-09-06T12:06:49Z,2026-09-06T12:21:49Z,True
tt06_106c66cbd1e933a8ec82f73b,test,ts-auth-service,0,0,0,2026-09-06T12:06:49Z,2026-09-06T12:21:49Z,True
tt06_106c66cbd1e933a8ec82f73b,test,ts-basic-service,0,0,0,2026-09-06T12:06:49Z,2026-09-06T12:21:49Z,True
tt06_106c66cbd1e933a8ec82f73b,test,ts-config-service,0,0,0,2026-09-06T12:06:49Z,2026-09-06T12:21:49Z,True
tt06_106c66cbd1e933a8ec82f73b,test,ts-contacts-service,0,0,0,2026-09-06T12:06:49Z,2026-09-06T12:21:49Z,True
tt06_106c66cbd1e933a8ec82f73b,test,ts-gateway-service,0,0,0,2026-09-06T12:06:49Z,2026-09-06T12:21:49Z,True
tt06_106c66cbd1e933a8ec82f73b,test,ts-order-other-service,0,0,0,2026-09-06T12:06:49Z,2026-09-06T12:21:49Z,True
tt06_106c66cbd1e933a8ec82f73b,test,ts-order-service,0,0,0,2026-09-06T12:06:49Z,2026-09-06T12:21:49Z,True
tt06_106c66cbd1e933a8ec82f73b,test,ts-price-service,40,16,24,2026-09-06T12:06:49Z,2026-09-06T12:21:49Z,True
tt06_106c66cbd1e933a8ec82f73b,test,ts-route-service,20,8,12,2026-09-06T12:06:49Z,2026-09-06T12:21:49Z,True
tt06_106c66cbd1e933a8ec82f73b,test,ts-seat-service,0,0,0,2026-09-06T12:06:49Z,2026-09-06T12:21:49Z,True
tt06_106c66cbd1e933a8ec82f73b,test,ts-station-service,15,0,15,2026-09-06T12:06:49Z,2026-09-06T12:21:49Z,True
tt06_106c66cbd1e933a8ec82f73b,test,ts-train-service,80,32,48,2026-09-06T12:06:49Z,2026-09-06T12:21:49Z,True
tt06_106c66cbd1e933a8ec82f73b,test,ts-travel-service,0,0,0,2026-09-06T12:06:49Z,2026-09-06T12:21:49Z,True
tt06_106c66cbd1e933a8ec82f73b,test,ts-travel2-service,0,0,0,2026-09-06T12:06:49Z,2026-09-06T12:21:49Z,True
tt06_106c66cbd1e933a8ec82f73b,test,ts-ui-dashboard,0,0,0,2026-09-06T12:06:49Z,2026-09-06T12:21:49Z,True
tt06_106c66cbd1e933a8ec82f73b,test,ts-user-service,0,0,0,2026-09-06T12:06:49Z,2026-09-06T12:21:49Z,True
tt06_106c66cbd1e933a8ec82f73b,test,tsdb-mysql,548,180,270,2026-09-06T12:06:49Z,2026-09-06T12:21:49Z,True
tt06_1409d04103be0a03d3794a8e,test,nacos,0,0,0,2026-09-07T22:04:41Z,2026-09-07T22:19:41Z,True
tt06_1409d04103be0a03d3794a8e,test,nacosdb-mysql,548,182,270,2026-09-07T22:04:41Z,2026-09-07T22:19:41Z,True
tt06_1409d04103be0a03d3794a8e,test,rabbitmq,0,0,0,2026-09-07T22:04:41Z,2026-09-07T22:19:41Z,True
tt06_1409d04103be0a03d3794a8e,test,ts-auth-service,0,0,0,2026-09-07T22:04:41Z,2026-09-07T22:19:41Z,True
tt06_1409d04103be0a03d3794a8e,test,ts-basic-service,0,0,0,2026-09-07T22:04:41Z,2026-09-07T22:19:41Z,True
tt06_1409d04103be0a03d3794a8e,test,ts-config-service,0,0,0,2026-09-07T22:04:41Z,2026-09-07T22:19:41Z,True
tt06_1409d04103be0a03d3794a8e,test,ts-contacts-service,0,0,0,2026-09-07T22:04:41Z,2026-09-07T22:19:41Z,True
tt06_1409d04103be0a03d3794a8e,test,ts-gateway-service,0,0,0,2026-09-07T22:04:41Z,2026-09-07T22:19:41Z,True
tt06_1409d04103be0a03d3794a8e,test,ts-order-other-service,0,0,0,2026-09-07T22:04:41Z,2026-09-07T22:19:41Z,True
tt06_1409d04103be0a03d3794a8e,test,ts-order-service,0,0,0,2026-09-07T22:04:41Z,2026-09-07T22:19:41Z,True
tt06_1409d04103be0a03d3794a8e,test,ts-price-service,40,16,24,2026-09-07T22:04:41Z,2026-09-07T22:19:41Z,True
tt06_1409d04103be0a03d3794a8e,test,ts-route-service,20,8,12,2026-09-07T22:04:41Z,2026-09-07T22:19:41Z,True
tt06_1409d04103be0a03d3794a8e,test,ts-seat-service,0,0,0,2026-09-07T22:04:41Z,2026-09-07T22:19:41Z,True
tt06_1409d04103be0a03d3794a8e,test,ts-station-service,0,0,0,2026-09-07T22:04:41Z,2026-09-07T22:19:41Z,True
tt06_1409d04103be0a03d3794a8e,test,ts-train-service,47,32,15,2026-09-07T22:04:41Z,2026-09-07T22:19:41Z,True
tt06_1409d04103be0a03d3794a8e,test,ts-travel-service,0,0,0,2026-09-07T22:04:41Z,2026-09-07T22:19:41Z,True
tt06_1409d04103be0a03d3794a8e,test,ts-travel2-service,0,0,0,2026-09-07T22:04:41Z,2026-09-07T22:19:41Z,True
tt06_1409d04103be0a03d3794a8e,test,ts-ui-dashboard,0,0,0,2026-09-07T22:04:41Z,2026-09-07T22:19:41Z,True
tt06_1409d04103be0a03d3794a8e,test,ts-user-service,0,0,0,2026-09-07T22:04:41Z,2026-09-07T22:19:41Z,True
tt06_1409d04103be0a03d3794a8e,test,tsdb-mysql,548,180,270,2026-09-07T22:04:41Z,2026-09-07T22:19:41Z,True
tt06_1716355d230e2582ad1ee7c8,test,nacos,0,0,0,2026-09-06T20:29:53.906623+00:00,2026-09-06T20:44:53Z,True
tt06_1716355d230e2582ad1ee7c8,test,nacosdb-mysql,548,180,270,2026-09-06T20:29:53.906623+00:00,2026-09-06T20:44:53Z,True
tt06_1716355d230e2582ad1ee7c8,test,rabbitmq,0,0,0,2026-09-06T20:29:53.906623+00:00,2026-09-06T20:44:53Z,True
tt06_1716355d230e2582ad1ee7c8,test,ts-auth-service,0,0,0,2026-09-06T20:29:53.906623+00:00,2026-09-06T20:44:53Z,True
tt06_1716355d230e2582ad1ee7c8,test,ts-basic-service,0,0,0,2026-09-06T20:29:53.906623+00:00,2026-09-06T20:44:53Z,True
tt06_1716355d230e2582ad1ee7c8,test,ts-config-service,0,0,0,2026-09-06T20:29:53.906623+00:00,2026-09-06T20:44:53Z,True
tt06_1716355d230e2582ad1ee7c8,test,ts-contacts-service,0,0,0,2026-09-06T20:29:53.906623+00:00,2026-09-06T20:44:53Z,True
tt06_1716355d230e2582ad1ee7c8,test,ts-gateway-service,0,0,0,2026-09-06T20:29:53.906623+00:00,2026-09-06T20:44:53Z,True
tt06_1716355d230e2582ad1ee7c8,test,ts-order-other-service,0,0,0,2026-09-06T20:29:53.906623+00:00,2026-09-06T20:44:53Z,True
tt06_1716355d230e2582ad1ee7c8,test,ts-order-service,0,0,0,2026-09-06T20:29:53.906623+00:00,2026-09-06T20:44:53Z,True
tt06_1716355d230e2582ad1ee7c8,test,ts-price-service,42,16,24,2026-09-06T20:29:53.906623+00:00,2026-09-06T20:44:53Z,True
tt06_1716355d230e2582ad1ee7c8,test,ts-route-service,81,32,48,2026-09-06T20:29:53.906623+00:00,2026-09-06T20:44:53Z,True
tt06_1716355d230e2582ad1ee7c8,test,ts-seat-service,0,0,0,2026-09-06T20:29:53.906623+00:00,2026-09-06T20:44:53Z,True
tt06_1716355d230e2582ad1ee7c8,test,ts-station-service,0,0,0,2026-09-06T20:29:53.906623+00:00,2026-09-06T20:44:53Z,True
tt06_1716355d230e2582ad1ee7c8,test,ts-train-service,21,8,12,2026-09-06T20:29:53.906623+00:00,2026-09-06T20:44:53Z,True
tt06_1716355d230e2582ad1ee7c8,test,ts-travel-service,0,0,0,2026-09-06T20:29:53.906623+00:00,2026-09-06T20:44:53Z,True
tt06_1716355d230e2582ad1ee7c8,test,ts-travel2-service,0,0,0,2026-09-06T20:29:53.906623+00:00,2026-09-06T20:44:53Z,True
tt06_1716355d230e2582ad1ee7c8,test,ts-ui-dashboard,0,0,0,2026-09-06T20:29:53.906623+00:00,2026-09-06T20:44:53Z,True
tt06_1716355d230e2582ad1ee7c8,test,ts-user-service,0,0,0,2026-09-06T20:29:53.906623+00:00,2026-09-06T20:44:53Z,True
tt06_1716355d230e2582ad1ee7c8,test,tsdb-mysql,548,180,270,2026-09-06T20:29:53.906623+00:00,2026-09-06T20:44:53Z,True
tt06_1864b16c57a9b02614dfcfd0,test,nacos,0,0,0,2026-09-06T08:59:07Z,2026-09-06T09:14:07Z,True
tt06_1864b16c57a9b02614dfcfd0,test,nacosdb-mysql,546,180,270,2026-09-06T08:59:07Z,2026-09-06T09:14:07Z,True
tt06_1864b16c57a9b02614dfcfd0,test,rabbitmq,0,0,0,2026-09-06T08:59:07Z,2026-09-06T09:14:07Z,True
tt06_1864b16c57a9b02614dfcfd0,test,ts-auth-service,0,0,0,2026-09-06T08:59:07Z,2026-09-06T09:14:07Z,True
tt06_1864b16c57a9b02614dfcfd0,test,ts-basic-service,0,0,0,2026-09-06T08:59:07Z,2026-09-06T09:14:07Z,True
tt06_1864b16c57a9b02614dfcfd0,test,ts-config-service,0,0,0,2026-09-06T08:59:07Z,2026-09-06T09:14:07Z,True
tt06_1864b16c57a9b02614dfcfd0,test,ts-contacts-service,0,0,0,2026-09-06T08:59:07Z,2026-09-06T09:14:07Z,True
tt06_1864b16c57a9b02614dfcfd0,test,ts-gateway-service,0,0,0,2026-09-06T08:59:07Z,2026-09-06T09:14:07Z,True
tt06_1864b16c57a9b02614dfcfd0,test,ts-order-other-service,0,0,0,2026-09-06T08:59:07Z,2026-09-06T09:14:07Z,True
tt06_1864b16c57a9b02614dfcfd0,test,ts-order-service,0,0,0,2026-09-06T08:59:07Z,2026-09-06T09:14:07Z,True
tt06_1864b16c57a9b02614dfcfd0,test,ts-price-service,40,16,24,2026-09-06T08:59:07Z,2026-09-06T09:14:07Z,True
tt06_1864b16c57a9b02614dfcfd0,test,ts-route-service,7797,32,6882,2026-09-06T08:59:07Z,2026-09-06T09:14:07Z,True
tt06_1864b16c57a9b02614dfcfd0,test,ts-seat-service,0,0,0,2026-09-06T08:59:07Z,2026-09-06T09:14:07Z,True
tt06_1864b16c57a9b02614dfcfd0,test,ts-station-service,0,0,0,2026-09-06T08:59:07Z,2026-09-06T09:14:07Z,True
tt06_1864b16c57a9b02614dfcfd0,test,ts-train-service,20,8,12,2026-09-06T08:59:07Z,2026-09-06T09:14:07Z,True
tt06_1864b16c57a9b02614dfcfd0,test,ts-travel-service,0,0,0,2026-09-06T08:59:07Z,2026-09-06T09:14:07Z,True
tt06_1864b16c57a9b02614dfcfd0,test,ts-travel2-service,0,0,0,2026-09-06T08:59:07Z,2026-09-06T09:14:07Z,True
tt06_1864b16c57a9b02614dfcfd0,test,ts-ui-dashboard,0,0,0,2026-09-06T08:59:07Z,2026-09-06T09:14:07Z,True
tt06_1864b16c57a9b02614dfcfd0,test,ts-user-service,0,0,0,2026-09-06T08:59:07Z,2026-09-06T09:14:07Z,True
tt06_1864b16c57a9b02614dfcfd0,test,tsdb-mysql,547,180,270,2026-09-06T08:59:07Z,2026-09-06T09:14:07Z,True
tt06_1aab26792b3a67a0a74697a1,test,nacos,0,0,0,2026-09-08T21:53:11Z,2026-09-08T22:08:11Z,True
tt06_1aab26792b3a67a0a74697a1,test,nacosdb-mysql,548,182,270,2026-09-08T21:53:11Z,2026-09-08T22:08:11Z,True
tt06_1aab26792b3a67a0a74697a1,test,rabbitmq,0,0,0,2026-09-08T21:53:11Z,2026-09-08T22:08:11Z,True
tt06_1aab26792b3a67a0a74697a1,test,ts-auth-service,0,0,0,2026-09-08T21:53:11Z,2026-09-08T22:08:11Z,True
tt06_1aab26792b3a67a0a74697a1,test,ts-basic-service,0,0,0,2026-09-08T21:53:11Z,2026-09-08T22:08:11Z,True
tt06_1aab26792b3a67a0a74697a1,test,ts-config-service,0,0,0,2026-09-08T21:53:11Z,2026-09-08T22:08:11Z,True
tt06_1aab26792b3a67a0a74697a1,test,ts-contacts-service,0,0,0,2026-09-08T21:53:11Z,2026-09-08T22:08:11Z,True
tt06_1aab26792b3a67a0a74697a1,test,ts-gateway-service,0,0,0,2026-09-08T21:53:11Z,2026-09-08T22:08:11Z,True
tt06_1aab26792b3a67a0a74697a1,test,ts-order-other-service,0,0,0,2026-09-08T21:53:11Z,2026-09-08T22:08:11Z,True
tt06_1aab26792b3a67a0a74697a1,test,ts-order-service,0,0,0,2026-09-08T21:53:11Z,2026-09-08T22:08:11Z,True
tt06_1aab26792b3a67a0a74697a1,test,ts-price-service,9301,48,7950,2026-09-08T21:53:11Z,2026-09-08T22:08:11Z,True
tt06_1aab26792b3a67a0a74697a1,test,ts-route-service,60,24,36,2026-09-08T21:53:11Z,2026-09-08T22:08:11Z,True
tt06_1aab26792b3a67a0a74697a1,test,ts-seat-service,0,0,0,2026-09-08T21:53:11Z,2026-09-08T22:08:11Z,True
tt06_1aab26792b3a67a0a74697a1,test,ts-station-service,0,0,0,2026-09-08T21:53:11Z,2026-09-08T22:08:11Z,True
tt06_1aab26792b3a67a0a74697a1,test,ts-train-service,56,24,32,2026-09-08T21:53:11Z,2026-09-08T22:08:11Z,True
tt06_1aab26792b3a67a0a74697a1,test,ts-travel-service,0,0,0,2026-09-08T21:53:11Z,2026-09-08T22:08:11Z,True
tt06_1aab26792b3a67a0a74697a1,test,ts-travel2-service,0,0,0,2026-09-08T21:53:11Z,2026-09-08T22:08:11Z,True
tt06_1aab26792b3a67a0a74697a1,test,ts-ui-dashboard,0,0,0,2026-09-08T21:53:11Z,2026-09-08T22:08:11Z,True
tt06_1aab26792b3a67a0a74697a1,test,ts-user-service,0,0,0,2026-09-08T21:53:11Z,2026-09-08T22:08:11Z,True
tt06_1aab26792b3a67a0a74697a1,test,tsdb-mysql,548,180,270,2026-09-08T21:53:11Z,2026-09-08T22:08:11Z,True
tt06_23628391455f81ec66b47ff2,test,nacos,0,0,0,2026-09-08T03:54:51.709802+00:00,2026-09-08T04:09:51Z,True
tt06_23628391455f81ec66b47ff2,test,nacosdb-mysql,547,180,270,2026-09-08T03:54:51.709802+00:00,2026-09-08T04:09:51Z,True
tt06_23628391455f81ec66b47ff2,test,rabbitmq,0,0,0,2026-09-08T03:54:51.709802+00:00,2026-09-08T04:09:51Z,True
tt06_23628391455f81ec66b47ff2,test,ts-auth-service,0,0,0,2026-09-08T03:54:51.709802+00:00,2026-09-08T04:09:51Z,True
tt06_23628391455f81ec66b47ff2,test,ts-basic-service,0,0,0,2026-09-08T03:54:51.709802+00:00,2026-09-08T04:09:51Z,True
tt06_23628391455f81ec66b47ff2,test,ts-config-service,0,0,0,2026-09-08T03:54:51.709802+00:00,2026-09-08T04:09:51Z,True
tt06_23628391455f81ec66b47ff2,test,ts-contacts-service,0,0,0,2026-09-08T03:54:51.709802+00:00,2026-09-08T04:09:51Z,True
tt06_23628391455f81ec66b47ff2,test,ts-gateway-service,0,0,0,2026-09-08T03:54:51.709802+00:00,2026-09-08T04:09:51Z,True
tt06_23628391455f81ec66b47ff2,test,ts-order-other-service,0,0,0,2026-09-08T03:54:51.709802+00:00,2026-09-08T04:09:51Z,True
tt06_23628391455f81ec66b47ff2,test,ts-order-service,0,0,0,2026-09-08T03:54:51.709802+00:00,2026-09-08T04:09:51Z,True
tt06_23628391455f81ec66b47ff2,test,ts-price-service,42,16,24,2026-09-08T03:54:51.709802+00:00,2026-09-08T04:09:51Z,True
tt06_23628391455f81ec66b47ff2,test,ts-route-service,158,32,48,2026-09-08T03:54:51.709802+00:00,2026-09-08T04:09:51Z,True
tt06_23628391455f81ec66b47ff2,test,ts-seat-service,0,0,0,2026-09-08T03:54:51.709802+00:00,2026-09-08T04:09:51Z,True
tt06_23628391455f81ec66b47ff2,test,ts-station-service,0,0,0,2026-09-08T03:54:51.709802+00:00,2026-09-08T04:09:51Z,True
tt06_23628391455f81ec66b47ff2,test,ts-train-service,21,8,12,2026-09-08T03:54:51.709802+00:00,2026-09-08T04:09:51Z,True
tt06_23628391455f81ec66b47ff2,test,ts-travel-service,0,0,0,2026-09-08T03:54:51.709802+00:00,2026-09-08T04:09:51Z,True
tt06_23628391455f81ec66b47ff2,test,ts-travel2-service,0,0,0,2026-09-08T03:54:51.709802+00:00,2026-09-08T04:09:51Z,True
tt06_23628391455f81ec66b47ff2,test,ts-ui-dashboard,0,0,0,2026-09-08T03:54:51.709802+00:00,2026-09-08T04:09:51Z,True
tt06_23628391455f81ec66b47ff2,test,ts-user-service,0,0,0,2026-09-08T03:54:51.709802+00:00,2026-09-08T04:09:51Z,True
tt06_23628391455f81ec66b47ff2,test,tsdb-mysql,547,180,270,2026-09-08T03:54:51.709802+00:00,2026-09-08T04:09:51Z,True
tt06_2444b13c34942c4466823fb7,test,nacos,0,0,0,2026-09-08T12:49:48Z,2026-09-08T13:04:48Z,True
tt06_2444b13c34942c4466823fb7,test,nacosdb-mysql,548,180,270,2026-09-08T12:49:48Z,2026-09-08T13:04:48Z,True
tt06_2444b13c34942c4466823fb7,test,rabbitmq,0,0,0,2026-09-08T12:49:48Z,2026-09-08T13:04:48Z,True
tt06_2444b13c34942c4466823fb7,test,ts-auth-service,0,0,0,2026-09-08T12:49:48Z,2026-09-08T13:04:48Z,True
tt06_2444b13c34942c4466823fb7,test,ts-basic-service,0,0,0,2026-09-08T12:49:48Z,2026-09-08T13:04:48Z,True
tt06_2444b13c34942c4466823fb7,test,ts-config-service,0,0,0,2026-09-08T12:49:48Z,2026-09-08T13:04:48Z,True
tt06_2444b13c34942c4466823fb7,test,ts-contacts-service,0,0,0,2026-09-08T12:49:48Z,2026-09-08T13:04:48Z,True
tt06_2444b13c34942c4466823fb7,test,ts-gateway-service,0,0,0,2026-09-08T12:49:48Z,2026-09-08T13:04:48Z,True
tt06_2444b13c34942c4466823fb7,test,ts-order-other-service,0,0,0,2026-09-08T12:49:48Z,2026-09-08T13:04:48Z,True
tt06_2444b13c34942c4466823fb7,test,ts-order-service,0,0,0,2026-09-08T12:49:48Z,2026-09-08T13:04:48Z,True
tt06_2444b13c34942c4466823fb7,test,ts-price-service,63,48,15,2026-09-08T12:49:48Z,2026-09-08T13:04:48Z,True
tt06_2444b13c34942c4466823fb7,test,ts-route-service,60,24,36,2026-09-08T12:49:48Z,2026-09-08T13:04:48Z,True
tt06_2444b13c34942c4466823fb7,test,ts-seat-service,0,0,0,2026-09-08T12:49:48Z,2026-09-08T13:04:48Z,True
tt06_2444b13c34942c4466823fb7,test,ts-station-service,0,0,0,2026-09-08T12:49:48Z,2026-09-08T13:04:48Z,True
tt06_2444b13c34942c4466823fb7,test,ts-train-service,56,24,32,2026-09-08T12:49:48Z,2026-09-08T13:04:48Z,True
tt06_2444b13c34942c4466823fb7,test,ts-travel-service,0,0,0,2026-09-08T12:49:48Z,2026-09-08T13:04:48Z,True
tt06_2444b13c34942c4466823fb7,test,ts-travel2-service,0,0,0,2026-09-08T12:49:48Z,2026-09-08T13:04:48Z,True
tt06_2444b13c34942c4466823fb7,test,ts-ui-dashboard,0,0,0,2026-09-08T12:49:48Z,2026-09-08T13:04:48Z,True
tt06_2444b13c34942c4466823fb7,test,ts-user-service,0,0,0,2026-09-08T12:49:48Z,2026-09-08T13:04:48Z,True
tt06_2444b13c34942c4466823fb7,test,tsdb-mysql,547,181,270,2026-09-08T12:49:48Z,2026-09-08T13:04:48Z,True
tt06_276388946575e0b8d1ebf7b3,test,nacos,0,0,0,2026-09-06T18:36:35Z,2026-09-06T18:51:35Z,True
tt06_276388946575e0b8d1ebf7b3,test,nacosdb-mysql,547,180,270,2026-09-06T18:36:35Z,2026-09-06T18:51:35Z,True
tt06_276388946575e0b8d1ebf7b3,test,rabbitmq,0,0,0,2026-09-06T18:36:35Z,2026-09-06T18:51:35Z,True
tt06_276388946575e0b8d1ebf7b3,test,ts-auth-service,0,0,0,2026-09-06T18:36:35Z,2026-09-06T18:51:35Z,True
tt06_276388946575e0b8d1ebf7b3,test,ts-basic-service,0,0,0,2026-09-06T18:36:35Z,2026-09-06T18:51:35Z,True
tt06_276388946575e0b8d1ebf7b3,test,ts-config-service,0,0,0,2026-09-06T18:36:35Z,2026-09-06T18:51:35Z,True
tt06_276388946575e0b8d1ebf7b3,test,ts-contacts-service,0,0,0,2026-09-06T18:36:35Z,2026-09-06T18:51:35Z,True
tt06_276388946575e0b8d1ebf7b3,test,ts-gateway-service,0,0,0,2026-09-06T18:36:35Z,2026-09-06T18:51:35Z,True
tt06_276388946575e0b8d1ebf7b3,test,ts-order-other-service,0,0,0,2026-09-06T18:36:35Z,2026-09-06T18:51:35Z,True
tt06_276388946575e0b8d1ebf7b3,test,ts-order-service,0,0,0,2026-09-06T18:36:35Z,2026-09-06T18:51:35Z,True
tt06_276388946575e0b8d1ebf7b3,test,ts-price-service,40,16,24,2026-09-06T18:36:35Z,2026-09-06T18:51:35Z,True
tt06_276388946575e0b8d1ebf7b3,test,ts-route-service,7859,32,6944,2026-09-06T18:36:35Z,2026-09-06T18:51:35Z,True
tt06_276388946575e0b8d1ebf7b3,test,ts-seat-service,0,0,0,2026-09-06T18:36:35Z,2026-09-06T18:51:35Z,True
tt06_276388946575e0b8d1ebf7b3,test,ts-station-service,0,0,0,2026-09-06T18:36:35Z,2026-09-06T18:51:35Z,True
tt06_276388946575e0b8d1ebf7b3,test,ts-train-service,20,8,12,2026-09-06T18:36:35Z,2026-09-06T18:51:35Z,True
tt06_276388946575e0b8d1ebf7b3,test,ts-travel-service,0,0,0,2026-09-06T18:36:35Z,2026-09-06T18:51:35Z,True
tt06_276388946575e0b8d1ebf7b3,test,ts-travel2-service,0,0,0,2026-09-06T18:36:35Z,2026-09-06T18:51:35Z,True
tt06_276388946575e0b8d1ebf7b3,test,ts-ui-dashboard,0,0,0,2026-09-06T18:36:35Z,2026-09-06T18:51:35Z,True
tt06_276388946575e0b8d1ebf7b3,test,ts-user-service,0,0,0,2026-09-06T18:36:35Z,2026-09-06T18:51:35Z,True
tt06_276388946575e0b8d1ebf7b3,test,tsdb-mysql,546,180,270,2026-09-06T18:36:35Z,2026-09-06T18:51:35Z,True
tt06_2bf6b70d4bb92d542eaf40e5,test,nacos,0,0,0,2026-09-06T12:49:11.617074+00:00,2026-09-06T13:04:11Z,True
tt06_2bf6b70d4bb92d542eaf40e5,test,nacosdb-mysql,547,181,270,2026-09-06T12:49:11.617074+00:00,2026-09-06T13:04:11Z,True
tt06_2bf6b70d4bb92d542eaf40e5,test,rabbitmq,0,0,0,2026-09-06T12:49:11.617074+00:00,2026-09-06T13:04:11Z,True
tt06_2bf6b70d4bb92d542eaf40e5,test,ts-auth-service,0,0,0,2026-09-06T12:49:11.617074+00:00,2026-09-06T13:04:11Z,True
tt06_2bf6b70d4bb92d542eaf40e5,test,ts-basic-service,0,0,0,2026-09-06T12:49:11.617074+00:00,2026-09-06T13:04:11Z,True
tt06_2bf6b70d4bb92d542eaf40e5,test,ts-config-service,0,0,0,2026-09-06T12:49:11.617074+00:00,2026-09-06T13:04:11Z,True
tt06_2bf6b70d4bb92d542eaf40e5,test,ts-contacts-service,0,0,0,2026-09-06T12:49:11.617074+00:00,2026-09-06T13:04:11Z,True
tt06_2bf6b70d4bb92d542eaf40e5,test,ts-gateway-service,0,0,0,2026-09-06T12:49:11.617074+00:00,2026-09-06T13:04:11Z,True
tt06_2bf6b70d4bb92d542eaf40e5,test,ts-order-other-service,0,0,0,2026-09-06T12:49:11.617074+00:00,2026-09-06T13:04:11Z,True
tt06_2bf6b70d4bb92d542eaf40e5,test,ts-order-service,0,0,0,2026-09-06T12:49:11.617074+00:00,2026-09-06T13:04:11Z,True
tt06_2bf6b70d4bb92d542eaf40e5,test,ts-price-service,42,16,24,2026-09-06T12:49:11.617074+00:00,2026-09-06T13:04:11Z,True
tt06_2bf6b70d4bb92d542eaf40e5,test,ts-route-service,21,8,12,2026-09-06T12:49:11.617074+00:00,2026-09-06T13:04:11Z,True
tt06_2bf6b70d4bb92d542eaf40e5,test,ts-seat-service,0,0,0,2026-09-06T12:49:11.617074+00:00,2026-09-06T13:04:11Z,True
tt06_2bf6b70d4bb92d542eaf40e5,test,ts-station-service,80,0,0,2026-09-06T12:49:11.617074+00:00,2026-09-06T13:04:11Z,True
tt06_2bf6b70d4bb92d542eaf40e5,test,ts-train-service,81,32,48,2026-09-06T12:49:11.617074+00:00,2026-09-06T13:04:11Z,True
tt06_2bf6b70d4bb92d542eaf40e5,test,ts-travel-service,0,0,0,2026-09-06T12:49:11.617074+00:00,2026-09-06T13:04:11Z,True
tt06_2bf6b70d4bb92d542eaf40e5,test,ts-travel2-service,0,0,0,2026-09-06T12:49:11.617074+00:00,2026-09-06T13:04:11Z,True
tt06_2bf6b70d4bb92d542eaf40e5,test,ts-ui-dashboard,0,0,0,2026-09-06T12:49:11.617074+00:00,2026-09-06T13:04:11Z,True
tt06_2bf6b70d4bb92d542eaf40e5,test,ts-user-service,0,0,0,2026-09-06T12:49:11.617074+00:00,2026-09-06T13:04:11Z,True
tt06_2bf6b70d4bb92d542eaf40e5,test,tsdb-mysql,547,180,270,2026-09-06T12:49:11.617074+00:00,2026-09-06T13:04:11Z,True
tt06_2e2149cc16b8a74d9c191050,test,nacos,0,0,0,2026-09-08T01:58:04.561783+00:00,2026-09-08T02:13:04Z,True
tt06_2e2149cc16b8a74d9c191050,test,nacosdb-mysql,548,180,270,2026-09-08T01:58:04.561783+00:00,2026-09-08T02:13:04Z,True
tt06_2e2149cc16b8a74d9c191050,test,rabbitmq,0,0,0,2026-09-08T01:58:04.561783+00:00,2026-09-08T02:13:04Z,True
tt06_2e2149cc16b8a74d9c191050,test,ts-auth-service,0,0,0,2026-09-08T01:58:04.561783+00:00,2026-09-08T02:13:04Z,True
tt06_2e2149cc16b8a74d9c191050,test,ts-basic-service,0,0,0,2026-09-08T01:58:04.561783+00:00,2026-09-08T02:13:04Z,True
tt06_2e2149cc16b8a74d9c191050,test,ts-config-service,0,0,0,2026-09-08T01:58:04.561783+00:00,2026-09-08T02:13:04Z,True
tt06_2e2149cc16b8a74d9c191050,test,ts-contacts-service,0,0,0,2026-09-08T01:58:04.561783+00:00,2026-09-08T02:13:04Z,True
tt06_2e2149cc16b8a74d9c191050,test,ts-gateway-service,0,0,0,2026-09-08T01:58:04.561783+00:00,2026-09-08T02:13:04Z,True
tt06_2e2149cc16b8a74d9c191050,test,ts-order-other-service,0,0,0,2026-09-08T01:58:04.561783+00:00,2026-09-08T02:13:04Z,True
tt06_2e2149cc16b8a74d9c191050,test,ts-order-service,0,0,0,2026-09-08T01:58:04.561783+00:00,2026-09-08T02:13:04Z,True
tt06_2e2149cc16b8a74d9c191050,test,ts-price-service,130,48,80,2026-09-08T01:58:04.561783+00:00,2026-09-08T02:13:04Z,True
tt06_2e2149cc16b8a74d9c191050,test,ts-route-service,61,24,36,2026-09-08T01:58:04.561783+00:00,2026-09-08T02:13:04Z,True
tt06_2e2149cc16b8a74d9c191050,test,ts-seat-service,0,0,0,2026-09-08T01:58:04.561783+00:00,2026-09-08T02:13:04Z,True
tt06_2e2149cc16b8a74d9c191050,test,ts-station-service,0,0,0,2026-09-08T01:58:04.561783+00:00,2026-09-08T02:13:04Z,True
tt06_2e2149cc16b8a74d9c191050,test,ts-train-service,57,24,32,2026-09-08T01:58:04.561783+00:00,2026-09-08T02:13:04Z,True
tt06_2e2149cc16b8a74d9c191050,test,ts-travel-service,0,0,0,2026-09-08T01:58:04.561783+00:00,2026-09-08T02:13:04Z,True
tt06_2e2149cc16b8a74d9c191050,test,ts-travel2-service,0,0,0,2026-09-08T01:58:04.561783+00:00,2026-09-08T02:13:04Z,True
tt06_2e2149cc16b8a74d9c191050,test,ts-ui-dashboard,0,0,0,2026-09-08T01:58:04.561783+00:00,2026-09-08T02:13:04Z,True
tt06_2e2149cc16b8a74d9c191050,test,ts-user-service,0,0,0,2026-09-08T01:58:04.561783+00:00,2026-09-08T02:13:04Z,True
tt06_2e2149cc16b8a74d9c191050,test,tsdb-mysql,548,180,270,2026-09-08T01:58:04.561783+00:00,2026-09-08T02:13:04Z,True
tt06_2fdba5c66f760cafda70c332,test,nacos,0,0,0,2026-09-07T12:28:25Z,2026-09-07T12:43:25Z,True
tt06_2fdba5c66f760cafda70c332,test,nacosdb-mysql,547,180,270,2026-09-07T12:28:25Z,2026-09-07T12:43:25Z,True
tt06_2fdba5c66f760cafda70c332,test,rabbitmq,0,0,0,2026-09-07T12:28:25Z,2026-09-07T12:43:25Z,True
tt06_2fdba5c66f760cafda70c332,test,ts-auth-service,0,0,0,2026-09-07T12:28:25Z,2026-09-07T12:43:25Z,True
tt06_2fdba5c66f760cafda70c332,test,ts-basic-service,0,0,0,2026-09-07T12:28:25Z,2026-09-07T12:43:25Z,True
tt06_2fdba5c66f760cafda70c332,test,ts-config-service,0,0,0,2026-09-07T12:28:25Z,2026-09-07T12:43:25Z,True
tt06_2fdba5c66f760cafda70c332,test,ts-contacts-service,0,0,0,2026-09-07T12:28:25Z,2026-09-07T12:43:25Z,True
tt06_2fdba5c66f760cafda70c332,test,ts-gateway-service,12,0,12,2026-09-07T12:28:25Z,2026-09-07T12:43:25Z,True
tt06_2fdba5c66f760cafda70c332,test,ts-order-other-service,0,0,0,2026-09-07T12:28:25Z,2026-09-07T12:43:25Z,True
tt06_2fdba5c66f760cafda70c332,test,ts-order-service,0,0,0,2026-09-07T12:28:25Z,2026-09-07T12:43:25Z,True
tt06_2fdba5c66f760cafda70c332,test,ts-price-service,30,30,0,2026-09-07T12:28:25Z,2026-09-07T12:43:25Z,True
tt06_2fdba5c66f760cafda70c332,test,ts-route-service,15,15,0,2026-09-07T12:28:25Z,2026-09-07T12:43:25Z,True
tt06_2fdba5c66f760cafda70c332,test,ts-seat-service,0,0,0,2026-09-07T12:28:25Z,2026-09-07T12:43:25Z,True
tt06_2fdba5c66f760cafda70c332,test,ts-station-service,0,0,0,2026-09-07T12:28:25Z,2026-09-07T12:43:25Z,True
tt06_2fdba5c66f760cafda70c332,test,ts-train-service,15,15,0,2026-09-07T12:28:25Z,2026-09-07T12:43:25Z,True
tt06_2fdba5c66f760cafda70c332,test,ts-travel-service,0,0,0,2026-09-07T12:28:25Z,2026-09-07T12:43:25Z,True
tt06_2fdba5c66f760cafda70c332,test,ts-travel2-service,0,0,0,2026-09-07T12:28:25Z,2026-09-07T12:43:25Z,True
tt06_2fdba5c66f760cafda70c332,test,ts-ui-dashboard,0,0,0,2026-09-07T12:28:25Z,2026-09-07T12:43:25Z,True
tt06_2fdba5c66f760cafda70c332,test,ts-user-service,0,0,0,2026-09-07T12:28:25Z,2026-09-07T12:43:25Z,True
tt06_2fdba5c66f760cafda70c332,test,tsdb-mysql,547,180,270,2026-09-07T12:28:25Z,2026-09-07T12:43:25Z,True
tt06_30f31560d34b6621aca8acf6,test,nacos,0,0,0,2026-09-09T01:01:00Z,2026-09-09T01:16:00Z,True
tt06_30f31560d34b6621aca8acf6,test,nacosdb-mysql,548,180,270,2026-09-09T01:01:00Z,2026-09-09T01:16:00Z,True
tt06_30f31560d34b6621aca8acf6,test,rabbitmq,0,0,0,2026-09-09T01:01:00Z,2026-09-09T01:16:00Z,True
tt06_30f31560d34b6621aca8acf6,test,ts-auth-service,0,0,0,2026-09-09T01:01:00Z,2026-09-09T01:16:00Z,True
tt06_30f31560d34b6621aca8acf6,test,ts-basic-service,0,0,0,2026-09-09T01:01:00Z,2026-09-09T01:16:00Z,True
tt06_30f31560d34b6621aca8acf6,test,ts-config-service,0,0,0,2026-09-09T01:01:00Z,2026-09-09T01:16:00Z,True
tt06_30f31560d34b6621aca8acf6,test,ts-contacts-service,0,0,0,2026-09-09T01:01:00Z,2026-09-09T01:16:00Z,True
tt06_30f31560d34b6621aca8acf6,test,ts-gateway-service,0,0,0,2026-09-09T01:01:00Z,2026-09-09T01:16:00Z,True
tt06_30f31560d34b6621aca8acf6,test,ts-order-other-service,0,0,0,2026-09-09T01:01:00Z,2026-09-09T01:16:00Z,True
tt06_30f31560d34b6621aca8acf6,test,ts-order-service,0,0,0,2026-09-09T01:01:00Z,2026-09-09T01:16:00Z,True
tt06_30f31560d34b6621aca8acf6,test,ts-price-service,40,16,24,2026-09-09T01:01:00Z,2026-09-09T01:16:00Z,True
tt06_30f31560d34b6621aca8acf6,test,ts-route-service,47,32,15,2026-09-09T01:01:00Z,2026-09-09T01:16:00Z,True
tt06_30f31560d34b6621aca8acf6,test,ts-seat-service,0,0,0,2026-09-09T01:01:00Z,2026-09-09T01:16:00Z,True
tt06_30f31560d34b6621aca8acf6,test,ts-station-service,0,0,0,2026-09-09T01:01:00Z,2026-09-09T01:16:00Z,True
tt06_30f31560d34b6621aca8acf6,test,ts-train-service,20,8,12,2026-09-09T01:01:00Z,2026-09-09T01:16:00Z,True
tt06_30f31560d34b6621aca8acf6,test,ts-travel-service,0,0,0,2026-09-09T01:01:00Z,2026-09-09T01:16:00Z,True
tt06_30f31560d34b6621aca8acf6,test,ts-travel2-service,0,0,0,2026-09-09T01:01:00Z,2026-09-09T01:16:00Z,True
tt06_30f31560d34b6621aca8acf6,test,ts-ui-dashboard,0,0,0,2026-09-09T01:01:00Z,2026-09-09T01:16:00Z,True
tt06_30f31560d34b6621aca8acf6,test,ts-user-service,0,0,0,2026-09-09T01:01:00Z,2026-09-09T01:16:00Z,True
tt06_30f31560d34b6621aca8acf6,test,tsdb-mysql,548,180,270,2026-09-09T01:01:00Z,2026-09-09T01:16:00Z,True
tt06_318b6b69fe2f6caa69ee9598,test,nacos,0,0,0,2026-09-08T10:58:36.384321+00:00,2026-09-08T11:13:36Z,True
tt06_318b6b69fe2f6caa69ee9598,test,nacosdb-mysql,546,180,270,2026-09-08T10:58:36.384321+00:00,2026-09-08T11:13:36Z,True
tt06_318b6b69fe2f6caa69ee9598,test,rabbitmq,0,0,0,2026-09-08T10:58:36.384321+00:00,2026-09-08T11:13:36Z,True
tt06_318b6b69fe2f6caa69ee9598,test,ts-auth-service,0,0,0,2026-09-08T10:58:36.384321+00:00,2026-09-08T11:13:36Z,True
tt06_318b6b69fe2f6caa69ee9598,test,ts-basic-service,0,0,0,2026-09-08T10:58:36.384321+00:00,2026-09-08T11:13:36Z,True
tt06_318b6b69fe2f6caa69ee9598,test,ts-config-service,0,0,0,2026-09-08T10:58:36.384321+00:00,2026-09-08T11:13:36Z,True
tt06_318b6b69fe2f6caa69ee9598,test,ts-contacts-service,0,0,0,2026-09-08T10:58:36.384321+00:00,2026-09-08T11:13:36Z,True
tt06_318b6b69fe2f6caa69ee9598,test,ts-gateway-service,150,0,25,2026-09-08T10:58:36.384321+00:00,2026-09-08T11:13:36Z,True
tt06_318b6b69fe2f6caa69ee9598,test,ts-order-other-service,0,0,0,2026-09-08T10:58:36.384321+00:00,2026-09-08T11:13:36Z,True
tt06_318b6b69fe2f6caa69ee9598,test,ts-order-service,0,0,0,2026-09-08T10:58:36.384321+00:00,2026-09-08T11:13:36Z,True
tt06_318b6b69fe2f6caa69ee9598,test,ts-price-service,74,30,42,2026-09-08T10:58:36.384321+00:00,2026-09-08T11:13:36Z,True
tt06_318b6b69fe2f6caa69ee9598,test,ts-route-service,40,15,24,2026-09-08T10:58:36.384321+00:00,2026-09-08T11:13:36Z,True
tt06_318b6b69fe2f6caa69ee9598,test,ts-seat-service,0,0,0,2026-09-08T10:58:36.384321+00:00,2026-09-08T11:13:36Z,True
tt06_318b6b69fe2f6caa69ee9598,test,ts-station-service,0,0,0,2026-09-08T10:58:36.384321+00:00,2026-09-08T11:13:36Z,True
tt06_318b6b69fe2f6caa69ee9598,test,ts-train-service,39,15,23,2026-09-08T10:58:36.384321+00:00,2026-09-08T11:13:36Z,True
tt06_318b6b69fe2f6caa69ee9598,test,ts-travel-service,0,0,0,2026-09-08T10:58:36.384321+00:00,2026-09-08T11:13:36Z,True
tt06_318b6b69fe2f6caa69ee9598,test,ts-travel2-service,0,0,0,2026-09-08T10:58:36.384321+00:00,2026-09-08T11:13:36Z,True
tt06_318b6b69fe2f6caa69ee9598,test,ts-ui-dashboard,0,0,0,2026-09-08T10:58:36.384321+00:00,2026-09-08T11:13:36Z,True
tt06_318b6b69fe2f6caa69ee9598,test,ts-user-service,0,0,0,2026-09-08T10:58:36.384321+00:00,2026-09-08T11:13:36Z,True
tt06_318b6b69fe2f6caa69ee9598,test,tsdb-mysql,547,180,270,2026-09-08T10:58:36.384321+00:00,2026-09-08T11:13:36Z,True
tt06_32e63455f0399e75b5ae5048,test,nacos,0,0,0,2026-09-09T04:17:10.929126+00:00,2026-09-09T04:32:10Z,True
tt06_32e63455f0399e75b5ae5048,test,nacosdb-mysql,546,180,268,2026-09-09T04:17:10.929126+00:00,2026-09-09T04:32:10Z,True
tt06_32e63455f0399e75b5ae5048,test,rabbitmq,0,0,0,2026-09-09T04:17:10.929126+00:00,2026-09-09T04:32:10Z,True
tt06_32e63455f0399e75b5ae5048,test,ts-auth-service,0,0,0,2026-09-09T04:17:10.929126+00:00,2026-09-09T04:32:10Z,True
tt06_32e63455f0399e75b5ae5048,test,ts-basic-service,0,0,0,2026-09-09T04:17:10.929126+00:00,2026-09-09T04:32:10Z,True
tt06_32e63455f0399e75b5ae5048,test,ts-config-service,0,0,0,2026-09-09T04:17:10.929126+00:00,2026-09-09T04:32:10Z,True
tt06_32e63455f0399e75b5ae5048,test,ts-contacts-service,0,0,0,2026-09-09T04:17:10.929126+00:00,2026-09-09T04:32:10Z,True
tt06_32e63455f0399e75b5ae5048,test,ts-gateway-service,0,0,0,2026-09-09T04:17:10.929126+00:00,2026-09-09T04:32:10Z,True
tt06_32e63455f0399e75b5ae5048,test,ts-order-other-service,0,0,0,2026-09-09T04:17:10.929126+00:00,2026-09-09T04:32:10Z,True
tt06_32e63455f0399e75b5ae5048,test,ts-order-service,0,0,0,2026-09-09T04:17:10.929126+00:00,2026-09-09T04:32:10Z,True
tt06_32e63455f0399e75b5ae5048,test,ts-price-service,42,16,24,2026-09-09T04:17:10.929126+00:00,2026-09-09T04:32:10Z,True
tt06_32e63455f0399e75b5ae5048,test,ts-route-service,21,8,12,2026-09-09T04:17:10.929126+00:00,2026-09-09T04:32:10Z,True
tt06_32e63455f0399e75b5ae5048,test,ts-seat-service,0,0,0,2026-09-09T04:17:10.929126+00:00,2026-09-09T04:32:10Z,True
tt06_32e63455f0399e75b5ae5048,test,ts-station-service,80,0,0,2026-09-09T04:17:10.929126+00:00,2026-09-09T04:32:10Z,True
tt06_32e63455f0399e75b5ae5048,test,ts-train-service,81,32,48,2026-09-09T04:17:10.929126+00:00,2026-09-09T04:32:10Z,True
tt06_32e63455f0399e75b5ae5048,test,ts-travel-service,0,0,0,2026-09-09T04:17:10.929126+00:00,2026-09-09T04:32:10Z,True
tt06_32e63455f0399e75b5ae5048,test,ts-travel2-service,0,0,0,2026-09-09T04:17:10.929126+00:00,2026-09-09T04:32:10Z,True
tt06_32e63455f0399e75b5ae5048,test,ts-ui-dashboard,0,0,0,2026-09-09T04:17:10.929126+00:00,2026-09-09T04:32:10Z,True
tt06_32e63455f0399e75b5ae5048,test,ts-user-service,0,0,0,2026-09-09T04:17:10.929126+00:00,2026-09-09T04:32:10Z,True
tt06_32e63455f0399e75b5ae5048,test,tsdb-mysql,546,180,270,2026-09-09T04:17:10.929126+00:00,2026-09-09T04:32:10Z,True
tt06_34674996df9b0bb01c258198,test,nacos,0,0,0,2026-09-08T05:46:15Z,2026-09-08T06:01:16Z,True
tt06_34674996df9b0bb01c258198,test,nacosdb-mysql,547,180,271,2026-09-08T05:46:15Z,2026-09-08T06:01:16Z,True
tt06_34674996df9b0bb01c258198,test,rabbitmq,0,0,0,2026-09-08T05:46:15Z,2026-09-08T06:01:16Z,True
tt06_34674996df9b0bb01c258198,test,ts-auth-service,0,0,0,2026-09-08T05:46:15Z,2026-09-08T06:01:16Z,True
tt06_34674996df9b0bb01c258198,test,ts-basic-service,0,0,0,2026-09-08T05:46:15Z,2026-09-08T06:01:16Z,True
tt06_34674996df9b0bb01c258198,test,ts-config-service,0,0,0,2026-09-08T05:46:15Z,2026-09-08T06:01:16Z,True
tt06_34674996df9b0bb01c258198,test,ts-contacts-service,0,0,0,2026-09-08T05:46:15Z,2026-09-08T06:01:16Z,True
tt06_34674996df9b0bb01c258198,test,ts-gateway-service,6,0,6,2026-09-08T05:46:15Z,2026-09-08T06:01:16Z,True
tt06_34674996df9b0bb01c258198,test,ts-order-other-service,0,0,0,2026-09-08T05:46:15Z,2026-09-08T06:01:16Z,True
tt06_34674996df9b0bb01c258198,test,ts-order-service,0,0,0,2026-09-08T05:46:15Z,2026-09-08T06:01:16Z,True
tt06_34674996df9b0bb01c258198,test,ts-price-service,40,16,24,2026-09-08T05:46:15Z,2026-09-08T06:01:16Z,True
tt06_34674996df9b0bb01c258198,test,ts-route-service,47,32,15,2026-09-08T05:46:15Z,2026-09-08T06:01:16Z,True
tt06_34674996df9b0bb01c258198,test,ts-seat-service,0,0,0,2026-09-08T05:46:15Z,2026-09-08T06:01:16Z,True
tt06_34674996df9b0bb01c258198,test,ts-station-service,0,0,0,2026-09-08T05:46:15Z,2026-09-08T06:01:16Z,True
tt06_34674996df9b0bb01c258198,test,ts-train-service,20,8,12,2026-09-08T05:46:15Z,2026-09-08T06:01:16Z,True
tt06_34674996df9b0bb01c258198,test,ts-travel-service,0,0,0,2026-09-08T05:46:15Z,2026-09-08T06:01:16Z,True
tt06_34674996df9b0bb01c258198,test,ts-travel2-service,0,0,0,2026-09-08T05:46:15Z,2026-09-08T06:01:16Z,True
tt06_34674996df9b0bb01c258198,test,ts-ui-dashboard,0,0,0,2026-09-08T05:46:15Z,2026-09-08T06:01:16Z,True
tt06_34674996df9b0bb01c258198,test,ts-user-service,0,0,0,2026-09-08T05:46:15Z,2026-09-08T06:01:16Z,True
tt06_34674996df9b0bb01c258198,test,tsdb-mysql,547,180,270,2026-09-08T05:46:15Z,2026-09-08T06:01:16Z,True
tt06_3474d3cb9b0dc2e5bded3dd9,test,nacos,0,0,0,2026-09-08T01:21:09.521773+00:00,2026-09-08T01:36:09Z,True
tt06_3474d3cb9b0dc2e5bded3dd9,test,nacosdb-mysql,546,180,270,2026-09-08T01:21:09.521773+00:00,2026-09-08T01:36:09Z,True
tt06_3474d3cb9b0dc2e5bded3dd9,test,rabbitmq,0,0,0,2026-09-08T01:21:09.521773+00:00,2026-09-08T01:36:09Z,True
tt06_3474d3cb9b0dc2e5bded3dd9,test,ts-auth-service,0,0,0,2026-09-08T01:21:09.521773+00:00,2026-09-08T01:36:09Z,True
tt06_3474d3cb9b0dc2e5bded3dd9,test,ts-basic-service,0,0,0,2026-09-08T01:21:09.521773+00:00,2026-09-08T01:36:09Z,True
tt06_3474d3cb9b0dc2e5bded3dd9,test,ts-config-service,0,0,0,2026-09-08T01:21:09.521773+00:00,2026-09-08T01:36:09Z,True
tt06_3474d3cb9b0dc2e5bded3dd9,test,ts-contacts-service,0,0,0,2026-09-08T01:21:09.521773+00:00,2026-09-08T01:36:09Z,True
tt06_3474d3cb9b0dc2e5bded3dd9,test,ts-gateway-service,0,0,0,2026-09-08T01:21:09.521773+00:00,2026-09-08T01:36:09Z,True
tt06_3474d3cb9b0dc2e5bded3dd9,test,ts-order-other-service,0,0,0,2026-09-08T01:21:09.521773+00:00,2026-09-08T01:36:09Z,True
tt06_3474d3cb9b0dc2e5bded3dd9,test,ts-order-service,0,0,0,2026-09-08T01:21:09.521773+00:00,2026-09-08T01:36:09Z,True
tt06_3474d3cb9b0dc2e5bded3dd9,test,ts-price-service,207,48,80,2026-09-08T01:21:09.521773+00:00,2026-09-08T01:36:09Z,True
tt06_3474d3cb9b0dc2e5bded3dd9,test,ts-route-service,61,24,36,2026-09-08T01:21:09.521773+00:00,2026-09-08T01:36:09Z,True
tt06_3474d3cb9b0dc2e5bded3dd9,test,ts-seat-service,0,0,0,2026-09-08T01:21:09.521773+00:00,2026-09-08T01:36:09Z,True
tt06_3474d3cb9b0dc2e5bded3dd9,test,ts-station-service,0,0,0,2026-09-08T01:21:09.521773+00:00,2026-09-08T01:36:09Z,True
tt06_3474d3cb9b0dc2e5bded3dd9,test,ts-train-service,57,24,32,2026-09-08T01:21:09.521773+00:00,2026-09-08T01:36:09Z,True
tt06_3474d3cb9b0dc2e5bded3dd9,test,ts-travel-service,0,0,0,2026-09-08T01:21:09.521773+00:00,2026-09-08T01:36:09Z,True
tt06_3474d3cb9b0dc2e5bded3dd9,test,ts-travel2-service,0,0,0,2026-09-08T01:21:09.521773+00:00,2026-09-08T01:36:09Z,True
tt06_3474d3cb9b0dc2e5bded3dd9,test,ts-ui-dashboard,0,0,0,2026-09-08T01:21:09.521773+00:00,2026-09-08T01:36:09Z,True
tt06_3474d3cb9b0dc2e5bded3dd9,test,ts-user-service,0,0,0,2026-09-08T01:21:09.521773+00:00,2026-09-08T01:36:09Z,True
tt06_3474d3cb9b0dc2e5bded3dd9,test,tsdb-mysql,548,182,270,2026-09-08T01:21:09.521773+00:00,2026-09-08T01:36:09Z,True
tt06_394965a8ca64bd0f2a0eb5ca,test,nacos,0,0,0,2026-09-08T14:49:45Z,2026-09-08T15:04:45Z,True
tt06_394965a8ca64bd0f2a0eb5ca,test,nacosdb-mysql,546,180,270,2026-09-08T14:49:45Z,2026-09-08T15:04:45Z,True
tt06_394965a8ca64bd0f2a0eb5ca,test,rabbitmq,0,0,0,2026-09-08T14:49:45Z,2026-09-08T15:04:45Z,True
tt06_394965a8ca64bd0f2a0eb5ca,test,ts-auth-service,0,0,0,2026-09-08T14:49:45Z,2026-09-08T15:04:45Z,True
tt06_394965a8ca64bd0f2a0eb5ca,test,ts-basic-service,0,0,0,2026-09-08T14:49:45Z,2026-09-08T15:04:45Z,True
tt06_394965a8ca64bd0f2a0eb5ca,test,ts-config-service,0,0,0,2026-09-08T14:49:45Z,2026-09-08T15:04:45Z,True
tt06_394965a8ca64bd0f2a0eb5ca,test,ts-contacts-service,0,0,0,2026-09-08T14:49:45Z,2026-09-08T15:04:45Z,True
tt06_394965a8ca64bd0f2a0eb5ca,test,ts-gateway-service,0,0,0,2026-09-08T14:49:45Z,2026-09-08T15:04:45Z,True
tt06_394965a8ca64bd0f2a0eb5ca,test,ts-order-other-service,0,0,0,2026-09-08T14:49:45Z,2026-09-08T15:04:45Z,True
tt06_394965a8ca64bd0f2a0eb5ca,test,ts-order-service,0,0,0,2026-09-08T14:49:45Z,2026-09-08T15:04:45Z,True
tt06_394965a8ca64bd0f2a0eb5ca,test,ts-price-service,40,16,24,2026-09-08T14:49:45Z,2026-09-08T15:04:45Z,True
tt06_394965a8ca64bd0f2a0eb5ca,test,ts-route-service,7673,32,6820,2026-09-08T14:49:45Z,2026-09-08T15:04:45Z,True
tt06_394965a8ca64bd0f2a0eb5ca,test,ts-seat-service,0,0,0,2026-09-08T14:49:45Z,2026-09-08T15:04:45Z,True
tt06_394965a8ca64bd0f2a0eb5ca,test,ts-station-service,0,0,0,2026-09-08T14:49:45Z,2026-09-08T15:04:45Z,True
tt06_394965a8ca64bd0f2a0eb5ca,test,ts-train-service,20,8,12,2026-09-08T14:49:45Z,2026-09-08T15:04:45Z,True
tt06_394965a8ca64bd0f2a0eb5ca,test,ts-travel-service,0,0,0,2026-09-08T14:49:45Z,2026-09-08T15:04:45Z,True
tt06_394965a8ca64bd0f2a0eb5ca,test,ts-travel2-service,0,0,0,2026-09-08T14:49:45Z,2026-09-08T15:04:45Z,True
tt06_394965a8ca64bd0f2a0eb5ca,test,ts-ui-dashboard,0,0,0,2026-09-08T14:49:45Z,2026-09-08T15:04:45Z,True
tt06_394965a8ca64bd0f2a0eb5ca,test,ts-user-service,0,0,0,2026-09-08T14:49:45Z,2026-09-08T15:04:45Z,True
tt06_394965a8ca64bd0f2a0eb5ca,test,tsdb-mysql,546,180,270,2026-09-08T14:49:45Z,2026-09-08T15:04:45Z,True
tt06_3b03a4a8f4c7ef6268c967ec,test,nacos,0,0,0,2026-09-07T10:36:59.546657+00:00,2026-09-07T10:51:59Z,True
tt06_3b03a4a8f4c7ef6268c967ec,test,nacosdb-mysql,546,180,270,2026-09-07T10:36:59.546657+00:00,2026-09-07T10:51:59Z,True
tt06_3b03a4a8f4c7ef6268c967ec,test,rabbitmq,0,0,0,2026-09-07T10:36:59.546657+00:00,2026-09-07T10:51:59Z,True
tt06_3b03a4a8f4c7ef6268c967ec,test,ts-auth-service,0,0,0,2026-09-07T10:36:59.546657+00:00,2026-09-07T10:51:59Z,True
tt06_3b03a4a8f4c7ef6268c967ec,test,ts-basic-service,0,0,0,2026-09-07T10:36:59.546657+00:00,2026-09-07T10:51:59Z,True
tt06_3b03a4a8f4c7ef6268c967ec,test,ts-config-service,0,0,0,2026-09-07T10:36:59.546657+00:00,2026-09-07T10:51:59Z,True
tt06_3b03a4a8f4c7ef6268c967ec,test,ts-contacts-service,0,0,0,2026-09-07T10:36:59.546657+00:00,2026-09-07T10:51:59Z,True
tt06_3b03a4a8f4c7ef6268c967ec,test,ts-gateway-service,0,0,0,2026-09-07T10:36:59.546657+00:00,2026-09-07T10:51:59Z,True
tt06_3b03a4a8f4c7ef6268c967ec,test,ts-order-other-service,0,0,0,2026-09-07T10:36:59.546657+00:00,2026-09-07T10:51:59Z,True
tt06_3b03a4a8f4c7ef6268c967ec,test,ts-order-service,0,0,0,2026-09-07T10:36:59.546657+00:00,2026-09-07T10:51:59Z,True
tt06_3b03a4a8f4c7ef6268c967ec,test,ts-price-service,42,16,24,2026-09-07T10:36:59.546657+00:00,2026-09-07T10:51:59Z,True
tt06_3b03a4a8f4c7ef6268c967ec,test,ts-route-service,21,8,12,2026-09-07T10:36:59.546657+00:00,2026-09-07T10:51:59Z,True
tt06_3b03a4a8f4c7ef6268c967ec,test,ts-seat-service,0,0,0,2026-09-07T10:36:59.546657+00:00,2026-09-07T10:51:59Z,True
tt06_3b03a4a8f4c7ef6268c967ec,test,ts-station-service,0,0,0,2026-09-07T10:36:59.546657+00:00,2026-09-07T10:51:59Z,True
tt06_3b03a4a8f4c7ef6268c967ec,test,ts-train-service,154,32,48,2026-09-07T10:36:59.546657+00:00,2026-09-07T10:51:59Z,True
tt06_3b03a4a8f4c7ef6268c967ec,test,ts-travel-service,0,0,0,2026-09-07T10:36:59.546657+00:00,2026-09-07T10:51:59Z,True
tt06_3b03a4a8f4c7ef6268c967ec,test,ts-travel2-service,0,0,0,2026-09-07T10:36:59.546657+00:00,2026-09-07T10:51:59Z,True
tt06_3b03a4a8f4c7ef6268c967ec,test,ts-ui-dashboard,0,0,0,2026-09-07T10:36:59.546657+00:00,2026-09-07T10:51:59Z,True
tt06_3b03a4a8f4c7ef6268c967ec,test,ts-user-service,0,0,0,2026-09-07T10:36:59.546657+00:00,2026-09-07T10:51:59Z,True
tt06_3b03a4a8f4c7ef6268c967ec,test,tsdb-mysql,548,182,270,2026-09-07T10:36:59.546657+00:00,2026-09-07T10:51:59Z,True
tt06_3b085322813b71294fafe664,test,nacos,0,0,0,2026-09-07T02:51:59Z,2026-09-07T03:06:59Z,True
tt06_3b085322813b71294fafe664,test,nacosdb-mysql,548,180,270,2026-09-07T02:51:59Z,2026-09-07T03:06:59Z,True
tt06_3b085322813b71294fafe664,test,rabbitmq,0,0,0,2026-09-07T02:51:59Z,2026-09-07T03:06:59Z,True
tt06_3b085322813b71294fafe664,test,ts-auth-service,0,0,0,2026-09-07T02:51:59Z,2026-09-07T03:06:59Z,True
tt06_3b085322813b71294fafe664,test,ts-basic-service,0,0,0,2026-09-07T02:51:59Z,2026-09-07T03:06:59Z,True
tt06_3b085322813b71294fafe664,test,ts-config-service,0,0,0,2026-09-07T02:51:59Z,2026-09-07T03:06:59Z,True
tt06_3b085322813b71294fafe664,test,ts-contacts-service,0,0,0,2026-09-07T02:51:59Z,2026-09-07T03:06:59Z,True
tt06_3b085322813b71294fafe664,test,ts-gateway-service,12,0,12,2026-09-07T02:51:59Z,2026-09-07T03:06:59Z,True
tt06_3b085322813b71294fafe664,test,ts-order-other-service,0,0,0,2026-09-07T02:51:59Z,2026-09-07T03:06:59Z,True
tt06_3b085322813b71294fafe664,test,ts-order-service,0,0,0,2026-09-07T02:51:59Z,2026-09-07T03:06:59Z,True
tt06_3b085322813b71294fafe664,test,ts-price-service,30,30,0,2026-09-07T02:51:59Z,2026-09-07T03:06:59Z,True
tt06_3b085322813b71294fafe664,test,ts-route-service,15,15,0,2026-09-07T02:51:59Z,2026-09-07T03:06:59Z,True
tt06_3b085322813b71294fafe664,test,ts-seat-service,0,0,0,2026-09-07T02:51:59Z,2026-09-07T03:06:59Z,True
tt06_3b085322813b71294fafe664,test,ts-station-service,0,0,0,2026-09-07T02:51:59Z,2026-09-07T03:06:59Z,True
tt06_3b085322813b71294fafe664,test,ts-train-service,15,15,0,2026-09-07T02:51:59Z,2026-09-07T03:06:59Z,True
tt06_3b085322813b71294fafe664,test,ts-travel-service,0,0,0,2026-09-07T02:51:59Z,2026-09-07T03:06:59Z,True
tt06_3b085322813b71294fafe664,test,ts-travel2-service,0,0,0,2026-09-07T02:51:59Z,2026-09-07T03:06:59Z,True
tt06_3b085322813b71294fafe664,test,ts-ui-dashboard,0,0,0,2026-09-07T02:51:59Z,2026-09-07T03:06:59Z,True
tt06_3b085322813b71294fafe664,test,ts-user-service,0,0,0,2026-09-07T02:51:59Z,2026-09-07T03:06:59Z,True
tt06_3b085322813b71294fafe664,test,tsdb-mysql,548,180,270,2026-09-07T02:51:59Z,2026-09-07T03:06:59Z,True
tt06_3e5a683dec819c95cb15e90a,test,nacos,0,0,0,2026-09-07T08:40:10.549633+00:00,2026-09-07T08:55:10Z,True
tt06_3e5a683dec819c95cb15e90a,test,nacosdb-mysql,547,180,269,2026-09-07T08:40:10.549633+00:00,2026-09-07T08:55:10Z,True
tt06_3e5a683dec819c95cb15e90a,test,rabbitmq,0,0,0,2026-09-07T08:40:10.549633+00:00,2026-09-07T08:55:10Z,True
tt06_3e5a683dec819c95cb15e90a,test,ts-auth-service,0,0,0,2026-09-07T08:40:10.549633+00:00,2026-09-07T08:55:10Z,True
tt06_3e5a683dec819c95cb15e90a,test,ts-basic-service,0,0,0,2026-09-07T08:40:10.549633+00:00,2026-09-07T08:55:10Z,True
tt06_3e5a683dec819c95cb15e90a,test,ts-config-service,0,0,0,2026-09-07T08:40:10.549633+00:00,2026-09-07T08:55:10Z,True
tt06_3e5a683dec819c95cb15e90a,test,ts-contacts-service,0,0,0,2026-09-07T08:40:10.549633+00:00,2026-09-07T08:55:10Z,True
tt06_3e5a683dec819c95cb15e90a,test,ts-gateway-service,0,0,0,2026-09-07T08:40:10.549633+00:00,2026-09-07T08:55:10Z,True
tt06_3e5a683dec819c95cb15e90a,test,ts-order-other-service,0,0,0,2026-09-07T08:40:10.549633+00:00,2026-09-07T08:55:10Z,True
tt06_3e5a683dec819c95cb15e90a,test,ts-order-service,0,0,0,2026-09-07T08:40:10.549633+00:00,2026-09-07T08:55:10Z,True
tt06_3e5a683dec819c95cb15e90a,test,ts-price-service,42,16,24,2026-09-07T08:40:10.549633+00:00,2026-09-07T08:55:10Z,True
tt06_3e5a683dec819c95cb15e90a,test,ts-route-service,21,8,12,2026-09-07T08:40:10.549633+00:00,2026-09-07T08:55:10Z,True
tt06_3e5a683dec819c95cb15e90a,test,ts-seat-service,0,0,0,2026-09-07T08:40:10.549633+00:00,2026-09-07T08:55:10Z,True
tt06_3e5a683dec819c95cb15e90a,test,ts-station-service,0,0,0,2026-09-07T08:40:10.549633+00:00,2026-09-07T08:55:10Z,True
tt06_3e5a683dec819c95cb15e90a,test,ts-train-service,81,32,48,2026-09-07T08:40:10.549633+00:00,2026-09-07T08:55:10Z,True
tt06_3e5a683dec819c95cb15e90a,test,ts-travel-service,0,0,0,2026-09-07T08:40:10.549633+00:00,2026-09-07T08:55:10Z,True
tt06_3e5a683dec819c95cb15e90a,test,ts-travel2-service,0,0,0,2026-09-07T08:40:10.549633+00:00,2026-09-07T08:55:10Z,True
tt06_3e5a683dec819c95cb15e90a,test,ts-ui-dashboard,0,0,0,2026-09-07T08:40:10.549633+00:00,2026-09-07T08:55:10Z,True
tt06_3e5a683dec819c95cb15e90a,test,ts-user-service,0,0,0,2026-09-07T08:40:10.549633+00:00,2026-09-07T08:55:10Z,True
tt06_3e5a683dec819c95cb15e90a,test,tsdb-mysql,547,180,270,2026-09-07T08:40:10.549633+00:00,2026-09-07T08:55:10Z,True
tt06_422622759cea0f9e81c20dc3,test,nacos,0,0,0,2026-09-07T13:11:01.585790+00:00,2026-09-07T13:26:01Z,True
tt06_422622759cea0f9e81c20dc3,test,nacosdb-mysql,546,180,270,2026-09-07T13:11:01.585790+00:00,2026-09-07T13:26:01Z,True
tt06_422622759cea0f9e81c20dc3,test,rabbitmq,0,0,0,2026-09-07T13:11:01.585790+00:00,2026-09-07T13:26:01Z,True
tt06_422622759cea0f9e81c20dc3,test,ts-auth-service,0,0,0,2026-09-07T13:11:01.585790+00:00,2026-09-07T13:26:01Z,True
tt06_422622759cea0f9e81c20dc3,test,ts-basic-service,0,0,0,2026-09-07T13:11:01.585790+00:00,2026-09-07T13:26:01Z,True
tt06_422622759cea0f9e81c20dc3,test,ts-config-service,0,0,0,2026-09-07T13:11:01.585790+00:00,2026-09-07T13:26:01Z,True
tt06_422622759cea0f9e81c20dc3,test,ts-contacts-service,0,0,0,2026-09-07T13:11:01.585790+00:00,2026-09-07T13:26:01Z,True
tt06_422622759cea0f9e81c20dc3,test,ts-gateway-service,150,0,17,2026-09-07T13:11:01.585790+00:00,2026-09-07T13:26:01Z,True
tt06_422622759cea0f9e81c20dc3,test,ts-order-other-service,0,0,0,2026-09-07T13:11:01.585790+00:00,2026-09-07T13:26:01Z,True
tt06_422622759cea0f9e81c20dc3,test,ts-order-service,0,0,0,2026-09-07T13:11:01.585790+00:00,2026-09-07T13:26:01Z,True
tt06_422622759cea0f9e81c20dc3,test,ts-price-service,74,30,42,2026-09-07T13:11:01.585790+00:00,2026-09-07T13:26:01Z,True
tt06_422622759cea0f9e81c20dc3,test,ts-route-service,40,15,24,2026-09-07T13:11:01.585790+00:00,2026-09-07T13:26:01Z,True
tt06_422622759cea0f9e81c20dc3,test,ts-seat-service,0,0,0,2026-09-07T13:11:01.585790+00:00,2026-09-07T13:26:01Z,True
tt06_422622759cea0f9e81c20dc3,test,ts-station-service,0,0,0,2026-09-07T13:11:01.585790+00:00,2026-09-07T13:26:01Z,True
tt06_422622759cea0f9e81c20dc3,test,ts-train-service,39,15,23,2026-09-07T13:11:01.585790+00:00,2026-09-07T13:26:01Z,True
tt06_422622759cea0f9e81c20dc3,test,ts-travel-service,0,0,0,2026-09-07T13:11:01.585790+00:00,2026-09-07T13:26:01Z,True
tt06_422622759cea0f9e81c20dc3,test,ts-travel2-service,0,0,0,2026-09-07T13:11:01.585790+00:00,2026-09-07T13:26:01Z,True
tt06_422622759cea0f9e81c20dc3,test,ts-ui-dashboard,0,0,0,2026-09-07T13:11:01.585790+00:00,2026-09-07T13:26:01Z,True
tt06_422622759cea0f9e81c20dc3,test,ts-user-service,0,0,0,2026-09-07T13:11:01.585790+00:00,2026-09-07T13:26:01Z,True
tt06_422622759cea0f9e81c20dc3,test,tsdb-mysql,547,181,270,2026-09-07T13:11:01.585790+00:00,2026-09-07T13:26:01Z,True
tt06_467c63b690b318979d35c89e,test,nacos,0,0,0,2026-09-09T02:20:22.310044+00:00,2026-09-09T02:35:22Z,True
tt06_467c63b690b318979d35c89e,test,nacosdb-mysql,548,180,270,2026-09-09T02:20:22.310044+00:00,2026-09-09T02:35:22Z,True
tt06_467c63b690b318979d35c89e,test,rabbitmq,0,0,0,2026-09-09T02:20:22.310044+00:00,2026-09-09T02:35:22Z,True
tt06_467c63b690b318979d35c89e,test,ts-auth-service,0,0,0,2026-09-09T02:20:22.310044+00:00,2026-09-09T02:35:22Z,True
tt06_467c63b690b318979d35c89e,test,ts-basic-service,0,0,0,2026-09-09T02:20:22.310044+00:00,2026-09-09T02:35:22Z,True
tt06_467c63b690b318979d35c89e,test,ts-config-service,0,0,0,2026-09-09T02:20:22.310044+00:00,2026-09-09T02:35:22Z,True
tt06_467c63b690b318979d35c89e,test,ts-contacts-service,0,0,0,2026-09-09T02:20:22.310044+00:00,2026-09-09T02:35:22Z,True
tt06_467c63b690b318979d35c89e,test,ts-gateway-service,0,0,0,2026-09-09T02:20:22.310044+00:00,2026-09-09T02:35:22Z,True
tt06_467c63b690b318979d35c89e,test,ts-order-other-service,0,0,0,2026-09-09T02:20:22.310044+00:00,2026-09-09T02:35:22Z,True
tt06_467c63b690b318979d35c89e,test,ts-order-service,0,0,0,2026-09-09T02:20:22.310044+00:00,2026-09-09T02:35:22Z,True
tt06_467c63b690b318979d35c89e,test,ts-price-service,42,16,24,2026-09-09T02:20:22.310044+00:00,2026-09-09T02:35:22Z,True
tt06_467c63b690b318979d35c89e,test,ts-route-service,81,32,48,2026-09-09T02:20:22.310044+00:00,2026-09-09T02:35:22Z,True
tt06_467c63b690b318979d35c89e,test,ts-seat-service,0,0,0,2026-09-09T02:20:22.310044+00:00,2026-09-09T02:35:22Z,True
tt06_467c63b690b318979d35c89e,test,ts-station-service,0,0,0,2026-09-09T02:20:22.310044+00:00,2026-09-09T02:35:22Z,True
tt06_467c63b690b318979d35c89e,test,ts-train-service,21,8,12,2026-09-09T02:20:22.310044+00:00,2026-09-09T02:35:22Z,True
tt06_467c63b690b318979d35c89e,test,ts-travel-service,0,0,0,2026-09-09T02:20:22.310044+00:00,2026-09-09T02:35:22Z,True
tt06_467c63b690b318979d35c89e,test,ts-travel2-service,0,0,0,2026-09-09T02:20:22.310044+00:00,2026-09-09T02:35:22Z,True
tt06_467c63b690b318979d35c89e,test,ts-ui-dashboard,0,0,0,2026-09-09T02:20:22.310044+00:00,2026-09-09T02:35:22Z,True
tt06_467c63b690b318979d35c89e,test,ts-user-service,0,0,0,2026-09-09T02:20:22.310044+00:00,2026-09-09T02:35:22Z,True
tt06_467c63b690b318979d35c89e,test,tsdb-mysql,547,180,269,2026-09-09T02:20:22.310044+00:00,2026-09-09T02:35:22Z,True
tt06_46e7531f8081186a190b8ae0,test,nacos,0,0,0,2026-09-06T08:18:37.402049+00:00,2026-09-06T08:33:37Z,True
tt06_46e7531f8081186a190b8ae0,test,nacosdb-mysql,547,180,270,2026-09-06T08:18:37.402049+00:00,2026-09-06T08:33:37Z,True
tt06_46e7531f8081186a190b8ae0,test,rabbitmq,0,0,0,2026-09-06T08:18:37.402049+00:00,2026-09-06T08:33:37Z,True
tt06_46e7531f8081186a190b8ae0,test,ts-auth-service,0,0,0,2026-09-06T08:18:37.402049+00:00,2026-09-06T08:33:37Z,True
tt06_46e7531f8081186a190b8ae0,test,ts-basic-service,0,0,0,2026-09-06T08:18:37.402049+00:00,2026-09-06T08:33:37Z,True
tt06_46e7531f8081186a190b8ae0,test,ts-config-service,0,0,0,2026-09-06T08:18:37.402049+00:00,2026-09-06T08:33:37Z,True
tt06_46e7531f8081186a190b8ae0,test,ts-contacts-service,0,0,0,2026-09-06T08:18:37.402049+00:00,2026-09-06T08:33:37Z,True
tt06_46e7531f8081186a190b8ae0,test,ts-gateway-service,0,0,0,2026-09-06T08:18:37.402049+00:00,2026-09-06T08:33:37Z,True
tt06_46e7531f8081186a190b8ae0,test,ts-order-other-service,0,0,0,2026-09-06T08:18:37.402049+00:00,2026-09-06T08:33:37Z,True
tt06_46e7531f8081186a190b8ae0,test,ts-order-service,0,0,0,2026-09-06T08:18:37.402049+00:00,2026-09-06T08:33:37Z,True
tt06_46e7531f8081186a190b8ae0,test,ts-price-service,42,16,24,2026-09-06T08:18:37.402049+00:00,2026-09-06T08:33:37Z,True
tt06_46e7531f8081186a190b8ae0,test,ts-route-service,81,32,48,2026-09-06T08:18:37.402049+00:00,2026-09-06T08:33:37Z,True
tt06_46e7531f8081186a190b8ae0,test,ts-seat-service,0,0,0,2026-09-06T08:18:37.402049+00:00,2026-09-06T08:33:37Z,True
tt06_46e7531f8081186a190b8ae0,test,ts-station-service,0,0,0,2026-09-06T08:18:37.402049+00:00,2026-09-06T08:33:37Z,True
tt06_46e7531f8081186a190b8ae0,test,ts-train-service,21,8,12,2026-09-06T08:18:37.402049+00:00,2026-09-06T08:33:37Z,True
tt06_46e7531f8081186a190b8ae0,test,ts-travel-service,0,0,0,2026-09-06T08:18:37.402049+00:00,2026-09-06T08:33:37Z,True
tt06_46e7531f8081186a190b8ae0,test,ts-travel2-service,0,0,0,2026-09-06T08:18:37.402049+00:00,2026-09-06T08:33:37Z,True
tt06_46e7531f8081186a190b8ae0,test,ts-ui-dashboard,0,0,0,2026-09-06T08:18:37.402049+00:00,2026-09-06T08:33:37Z,True
tt06_46e7531f8081186a190b8ae0,test,ts-user-service,0,0,0,2026-09-06T08:18:37.402049+00:00,2026-09-06T08:33:37Z,True
tt06_46e7531f8081186a190b8ae0,test,tsdb-mysql,548,180,270,2026-09-06T08:18:37.402049+00:00,2026-09-06T08:33:37Z,True
tt06_4b2288e666603090ae8b7e7a,test,nacos,0,0,0,2026-09-09T08:42:29Z,2026-09-09T08:57:29Z,True
tt06_4b2288e666603090ae8b7e7a,test,nacosdb-mysql,548,180,270,2026-09-09T08:42:29Z,2026-09-09T08:57:29Z,True
tt06_4b2288e666603090ae8b7e7a,test,rabbitmq,0,0,0,2026-09-09T08:42:29Z,2026-09-09T08:57:29Z,True
tt06_4b2288e666603090ae8b7e7a,test,ts-auth-service,0,0,0,2026-09-09T08:42:29Z,2026-09-09T08:57:29Z,True
tt06_4b2288e666603090ae8b7e7a,test,ts-basic-service,0,0,0,2026-09-09T08:42:29Z,2026-09-09T08:57:29Z,True
tt06_4b2288e666603090ae8b7e7a,test,ts-config-service,0,0,0,2026-09-09T08:42:29Z,2026-09-09T08:57:29Z,True
tt06_4b2288e666603090ae8b7e7a,test,ts-contacts-service,0,0,0,2026-09-09T08:42:29Z,2026-09-09T08:57:29Z,True
tt06_4b2288e666603090ae8b7e7a,test,ts-gateway-service,12,0,12,2026-09-09T08:42:29Z,2026-09-09T08:57:29Z,True
tt06_4b2288e666603090ae8b7e7a,test,ts-order-other-service,0,0,0,2026-09-09T08:42:29Z,2026-09-09T08:57:29Z,True
tt06_4b2288e666603090ae8b7e7a,test,ts-order-service,0,0,0,2026-09-09T08:42:29Z,2026-09-09T08:57:29Z,True
tt06_4b2288e666603090ae8b7e7a,test,ts-price-service,30,30,0,2026-09-09T08:42:29Z,2026-09-09T08:57:29Z,True
tt06_4b2288e666603090ae8b7e7a,test,ts-route-service,15,15,0,2026-09-09T08:42:29Z,2026-09-09T08:57:29Z,True
tt06_4b2288e666603090ae8b7e7a,test,ts-seat-service,0,0,0,2026-09-09T08:42:29Z,2026-09-09T08:57:29Z,True
tt06_4b2288e666603090ae8b7e7a,test,ts-station-service,0,0,0,2026-09-09T08:42:29Z,2026-09-09T08:57:29Z,True
tt06_4b2288e666603090ae8b7e7a,test,ts-train-service,15,15,0,2026-09-09T08:42:29Z,2026-09-09T08:57:29Z,True
tt06_4b2288e666603090ae8b7e7a,test,ts-travel-service,0,0,0,2026-09-09T08:42:29Z,2026-09-09T08:57:29Z,True
tt06_4b2288e666603090ae8b7e7a,test,ts-travel2-service,0,0,0,2026-09-09T08:42:29Z,2026-09-09T08:57:29Z,True
tt06_4b2288e666603090ae8b7e7a,test,ts-ui-dashboard,0,0,0,2026-09-09T08:42:29Z,2026-09-09T08:57:29Z,True
tt06_4b2288e666603090ae8b7e7a,test,ts-user-service,0,0,0,2026-09-09T08:42:29Z,2026-09-09T08:57:29Z,True
tt06_4b2288e666603090ae8b7e7a,test,tsdb-mysql,548,180,270,2026-09-09T08:42:29Z,2026-09-09T08:57:29Z,True
tt06_4b671f35b8f4f6116c6eee79,test,nacos,0,0,0,2026-09-07T22:47:10.078992+00:00,2026-09-07T23:02:10Z,True
tt06_4b671f35b8f4f6116c6eee79,test,nacosdb-mysql,548,180,269,2026-09-07T22:47:10.078992+00:00,2026-09-07T23:02:10Z,True
tt06_4b671f35b8f4f6116c6eee79,test,rabbitmq,0,0,0,2026-09-07T22:47:10.078992+00:00,2026-09-07T23:02:10Z,True
tt06_4b671f35b8f4f6116c6eee79,test,ts-auth-service,0,0,0,2026-09-07T22:47:10.078992+00:00,2026-09-07T23:02:10Z,True
tt06_4b671f35b8f4f6116c6eee79,test,ts-basic-service,0,0,0,2026-09-07T22:47:10.078992+00:00,2026-09-07T23:02:10Z,True
tt06_4b671f35b8f4f6116c6eee79,test,ts-config-service,0,0,0,2026-09-07T22:47:10.078992+00:00,2026-09-07T23:02:10Z,True
tt06_4b671f35b8f4f6116c6eee79,test,ts-contacts-service,0,0,0,2026-09-07T22:47:10.078992+00:00,2026-09-07T23:02:10Z,True
tt06_4b671f35b8f4f6116c6eee79,test,ts-gateway-service,150,0,41,2026-09-07T22:47:10.078992+00:00,2026-09-07T23:02:10Z,True
tt06_4b671f35b8f4f6116c6eee79,test,ts-order-other-service,0,0,0,2026-09-07T22:47:10.078992+00:00,2026-09-07T23:02:10Z,True
tt06_4b671f35b8f4f6116c6eee79,test,ts-order-service,0,0,0,2026-09-07T22:47:10.078992+00:00,2026-09-07T23:02:10Z,True
tt06_4b671f35b8f4f6116c6eee79,test,ts-price-service,74,30,42,2026-09-07T22:47:10.078992+00:00,2026-09-07T23:02:10Z,True
tt06_4b671f35b8f4f6116c6eee79,test,ts-route-service,40,15,24,2026-09-07T22:47:10.078992+00:00,2026-09-07T23:02:10Z,True
tt06_4b671f35b8f4f6116c6eee79,test,ts-seat-service,0,0,0,2026-09-07T22:47:10.078992+00:00,2026-09-07T23:02:10Z,True
tt06_4b671f35b8f4f6116c6eee79,test,ts-station-service,0,0,0,2026-09-07T22:47:10.078992+00:00,2026-09-07T23:02:10Z,True
tt06_4b671f35b8f4f6116c6eee79,test,ts-train-service,39,15,23,2026-09-07T22:47:10.078992+00:00,2026-09-07T23:02:10Z,True
tt06_4b671f35b8f4f6116c6eee79,test,ts-travel-service,0,0,0,2026-09-07T22:47:10.078992+00:00,2026-09-07T23:02:10Z,True
tt06_4b671f35b8f4f6116c6eee79,test,ts-travel2-service,0,0,0,2026-09-07T22:47:10.078992+00:00,2026-09-07T23:02:10Z,True
tt06_4b671f35b8f4f6116c6eee79,test,ts-ui-dashboard,0,0,0,2026-09-07T22:47:10.078992+00:00,2026-09-07T23:02:10Z,True
tt06_4b671f35b8f4f6116c6eee79,test,ts-user-service,0,0,0,2026-09-07T22:47:10.078992+00:00,2026-09-07T23:02:10Z,True
tt06_4b671f35b8f4f6116c6eee79,test,tsdb-mysql,548,181,270,2026-09-07T22:47:10.078992+00:00,2026-09-07T23:02:10Z,True
tt06_4b9b141ada30339c7fa75572,test,nacos,0,0,0,2026-09-07T09:20:41Z,2026-09-07T09:35:41Z,True
tt06_4b9b141ada30339c7fa75572,test,nacosdb-mysql,548,180,270,2026-09-07T09:20:41Z,2026-09-07T09:35:41Z,True
tt06_4b9b141ada30339c7fa75572,test,rabbitmq,0,0,0,2026-09-07T09:20:41Z,2026-09-07T09:35:41Z,True
tt06_4b9b141ada30339c7fa75572,test,ts-auth-service,0,0,0,2026-09-07T09:20:41Z,2026-09-07T09:35:41Z,True
tt06_4b9b141ada30339c7fa75572,test,ts-basic-service,0,0,0,2026-09-07T09:20:41Z,2026-09-07T09:35:41Z,True
tt06_4b9b141ada30339c7fa75572,test,ts-config-service,0,0,0,2026-09-07T09:20:41Z,2026-09-07T09:35:41Z,True
tt06_4b9b141ada30339c7fa75572,test,ts-contacts-service,0,0,0,2026-09-07T09:20:41Z,2026-09-07T09:35:41Z,True
tt06_4b9b141ada30339c7fa75572,test,ts-gateway-service,0,0,0,2026-09-07T09:20:41Z,2026-09-07T09:35:41Z,True
tt06_4b9b141ada30339c7fa75572,test,ts-order-other-service,0,0,0,2026-09-07T09:20:41Z,2026-09-07T09:35:41Z,True
tt06_4b9b141ada30339c7fa75572,test,ts-order-service,0,0,0,2026-09-07T09:20:41Z,2026-09-07T09:35:41Z,True
tt06_4b9b141ada30339c7fa75572,test,ts-price-service,40,16,24,2026-09-07T09:20:41Z,2026-09-07T09:35:41Z,True
tt06_4b9b141ada30339c7fa75572,test,ts-route-service,20,8,12,2026-09-07T09:20:41Z,2026-09-07T09:35:41Z,True
tt06_4b9b141ada30339c7fa75572,test,ts-seat-service,0,0,0,2026-09-07T09:20:41Z,2026-09-07T09:35:41Z,True
tt06_4b9b141ada30339c7fa75572,test,ts-station-service,747,0,516,2026-09-07T09:20:41Z,2026-09-07T09:35:41Z,True
tt06_4b9b141ada30339c7fa75572,test,ts-train-service,80,32,48,2026-09-07T09:20:41Z,2026-09-07T09:35:41Z,True
tt06_4b9b141ada30339c7fa75572,test,ts-travel-service,0,0,0,2026-09-07T09:20:41Z,2026-09-07T09:35:41Z,True
tt06_4b9b141ada30339c7fa75572,test,ts-travel2-service,0,0,0,2026-09-07T09:20:41Z,2026-09-07T09:35:41Z,True
tt06_4b9b141ada30339c7fa75572,test,ts-ui-dashboard,0,0,0,2026-09-07T09:20:41Z,2026-09-07T09:35:41Z,True
tt06_4b9b141ada30339c7fa75572,test,ts-user-service,0,0,0,2026-09-07T09:20:41Z,2026-09-07T09:35:41Z,True
tt06_4b9b141ada30339c7fa75572,test,tsdb-mysql,547,180,270,2026-09-07T09:20:41Z,2026-09-07T09:35:41Z,True
tt06_4c234cf8190a66a3873d259d,test,nacos,0,0,0,2026-09-07T11:13:59.637857+00:00,2026-09-07T11:28:59Z,True
tt06_4c234cf8190a66a3873d259d,test,nacosdb-mysql,547,180,270,2026-09-07T11:13:59.637857+00:00,2026-09-07T11:28:59Z,True
tt06_4c234cf8190a66a3873d259d,test,rabbitmq,0,0,0,2026-09-07T11:13:59.637857+00:00,2026-09-07T11:28:59Z,True
tt06_4c234cf8190a66a3873d259d,test,ts-auth-service,0,0,0,2026-09-07T11:13:59.637857+00:00,2026-09-07T11:28:59Z,True
tt06_4c234cf8190a66a3873d259d,test,ts-basic-service,0,0,0,2026-09-07T11:13:59.637857+00:00,2026-09-07T11:28:59Z,True
tt06_4c234cf8190a66a3873d259d,test,ts-config-service,0,0,0,2026-09-07T11:13:59.637857+00:00,2026-09-07T11:28:59Z,True
tt06_4c234cf8190a66a3873d259d,test,ts-contacts-service,0,0,0,2026-09-07T11:13:59.637857+00:00,2026-09-07T11:28:59Z,True
tt06_4c234cf8190a66a3873d259d,test,ts-gateway-service,0,0,0,2026-09-07T11:13:59.637857+00:00,2026-09-07T11:28:59Z,True
tt06_4c234cf8190a66a3873d259d,test,ts-order-other-service,0,0,0,2026-09-07T11:13:59.637857+00:00,2026-09-07T11:28:59Z,True
tt06_4c234cf8190a66a3873d259d,test,ts-order-service,0,0,0,2026-09-07T11:13:59.637857+00:00,2026-09-07T11:28:59Z,True
tt06_4c234cf8190a66a3873d259d,test,ts-price-service,42,16,24,2026-09-07T11:13:59.637857+00:00,2026-09-07T11:28:59Z,True
tt06_4c234cf8190a66a3873d259d,test,ts-route-service,21,8,12,2026-09-07T11:13:59.637857+00:00,2026-09-07T11:28:59Z,True
tt06_4c234cf8190a66a3873d259d,test,ts-seat-service,0,0,0,2026-09-07T11:13:59.637857+00:00,2026-09-07T11:28:59Z,True
tt06_4c234cf8190a66a3873d259d,test,ts-station-service,0,0,0,2026-09-07T11:13:59.637857+00:00,2026-09-07T11:28:59Z,True
tt06_4c234cf8190a66a3873d259d,test,ts-train-service,81,32,48,2026-09-07T11:13:59.637857+00:00,2026-09-07T11:28:59Z,True
tt06_4c234cf8190a66a3873d259d,test,ts-travel-service,0,0,0,2026-09-07T11:13:59.637857+00:00,2026-09-07T11:28:59Z,True
tt06_4c234cf8190a66a3873d259d,test,ts-travel2-service,0,0,0,2026-09-07T11:13:59.637857+00:00,2026-09-07T11:28:59Z,True
tt06_4c234cf8190a66a3873d259d,test,ts-ui-dashboard,0,0,0,2026-09-07T11:13:59.637857+00:00,2026-09-07T11:28:59Z,True
tt06_4c234cf8190a66a3873d259d,test,ts-user-service,0,0,0,2026-09-07T11:13:59.637857+00:00,2026-09-07T11:28:59Z,True
tt06_4c234cf8190a66a3873d259d,test,tsdb-mysql,547,180,270,2026-09-07T11:13:59.637857+00:00,2026-09-07T11:28:59Z,True
tt06_4dc745d211699099ee3c5005,test,nacos,0,0,0,2026-09-08T23:46:34.277136+00:00,2026-09-09T00:01:34Z,True
tt06_4dc745d211699099ee3c5005,test,nacosdb-mysql,548,180,270,2026-09-08T23:46:34.277136+00:00,2026-09-09T00:01:34Z,True
tt06_4dc745d211699099ee3c5005,test,rabbitmq,0,0,0,2026-09-08T23:46:34.277136+00:00,2026-09-09T00:01:34Z,True
tt06_4dc745d211699099ee3c5005,test,ts-auth-service,0,0,0,2026-09-08T23:46:34.277136+00:00,2026-09-09T00:01:34Z,True
tt06_4dc745d211699099ee3c5005,test,ts-basic-service,0,0,0,2026-09-08T23:46:34.277136+00:00,2026-09-09T00:01:34Z,True
tt06_4dc745d211699099ee3c5005,test,ts-config-service,0,0,0,2026-09-08T23:46:34.277136+00:00,2026-09-09T00:01:34Z,True
tt06_4dc745d211699099ee3c5005,test,ts-contacts-service,0,0,0,2026-09-08T23:46:34.277136+00:00,2026-09-09T00:01:34Z,True
tt06_4dc745d211699099ee3c5005,test,ts-gateway-service,0,0,0,2026-09-08T23:46:34.277136+00:00,2026-09-09T00:01:34Z,True
tt06_4dc745d211699099ee3c5005,test,ts-order-other-service,0,0,0,2026-09-08T23:46:34.277136+00:00,2026-09-09T00:01:34Z,True
tt06_4dc745d211699099ee3c5005,test,ts-order-service,0,0,0,2026-09-08T23:46:34.277136+00:00,2026-09-09T00:01:34Z,True
tt06_4dc745d211699099ee3c5005,test,ts-price-service,130,48,80,2026-09-08T23:46:34.277136+00:00,2026-09-09T00:01:34Z,True
tt06_4dc745d211699099ee3c5005,test,ts-route-service,61,24,36,2026-09-08T23:46:34.277136+00:00,2026-09-09T00:01:34Z,True
tt06_4dc745d211699099ee3c5005,test,ts-seat-service,0,0,0,2026-09-08T23:46:34.277136+00:00,2026-09-09T00:01:34Z,True
tt06_4dc745d211699099ee3c5005,test,ts-station-service,0,0,0,2026-09-08T23:46:34.277136+00:00,2026-09-09T00:01:34Z,True
tt06_4dc745d211699099ee3c5005,test,ts-train-service,57,24,32,2026-09-08T23:46:34.277136+00:00,2026-09-09T00:01:34Z,True
tt06_4dc745d211699099ee3c5005,test,ts-travel-service,0,0,0,2026-09-08T23:46:34.277136+00:00,2026-09-09T00:01:34Z,True
tt06_4dc745d211699099ee3c5005,test,ts-travel2-service,0,0,0,2026-09-08T23:46:34.277136+00:00,2026-09-09T00:01:34Z,True
tt06_4dc745d211699099ee3c5005,test,ts-ui-dashboard,0,0,0,2026-09-08T23:46:34.277136+00:00,2026-09-09T00:01:34Z,True
tt06_4dc745d211699099ee3c5005,test,ts-user-service,0,0,0,2026-09-08T23:46:34.277136+00:00,2026-09-09T00:01:34Z,True
tt06_4dc745d211699099ee3c5005,test,tsdb-mysql,548,180,270,2026-09-08T23:46:34.277136+00:00,2026-09-09T00:01:34Z,True
tt06_4f1b1a60e320ce90fadf06e7,test,nacos,0,0,0,2026-09-06T07:41:32.433735+00:00,2026-09-06T07:56:32Z,True
tt06_4f1b1a60e320ce90fadf06e7,test,nacosdb-mysql,549,181,270,2026-09-06T07:41:32.433735+00:00,2026-09-06T07:56:32Z,True
tt06_4f1b1a60e320ce90fadf06e7,test,rabbitmq,0,0,0,2026-09-06T07:41:32.433735+00:00,2026-09-06T07:56:32Z,True
tt06_4f1b1a60e320ce90fadf06e7,test,ts-auth-service,0,0,0,2026-09-06T07:41:32.433735+00:00,2026-09-06T07:56:32Z,True
tt06_4f1b1a60e320ce90fadf06e7,test,ts-basic-service,0,0,0,2026-09-06T07:41:32.433735+00:00,2026-09-06T07:56:32Z,True
tt06_4f1b1a60e320ce90fadf06e7,test,ts-config-service,0,0,0,2026-09-06T07:41:32.433735+00:00,2026-09-06T07:56:32Z,True
tt06_4f1b1a60e320ce90fadf06e7,test,ts-contacts-service,0,0,0,2026-09-06T07:41:32.433735+00:00,2026-09-06T07:56:32Z,True
tt06_4f1b1a60e320ce90fadf06e7,test,ts-gateway-service,0,0,0,2026-09-06T07:41:32.433735+00:00,2026-09-06T07:56:32Z,True
tt06_4f1b1a60e320ce90fadf06e7,test,ts-order-other-service,0,0,0,2026-09-06T07:41:32.433735+00:00,2026-09-06T07:56:32Z,True
tt06_4f1b1a60e320ce90fadf06e7,test,ts-order-service,0,0,0,2026-09-06T07:41:32.433735+00:00,2026-09-06T07:56:32Z,True
tt06_4f1b1a60e320ce90fadf06e7,test,ts-price-service,207,48,80,2026-09-06T07:41:32.433735+00:00,2026-09-06T07:56:32Z,True
tt06_4f1b1a60e320ce90fadf06e7,test,ts-route-service,61,24,36,2026-09-06T07:41:32.433735+00:00,2026-09-06T07:56:32Z,True
tt06_4f1b1a60e320ce90fadf06e7,test,ts-seat-service,0,0,0,2026-09-06T07:41:32.433735+00:00,2026-09-06T07:56:32Z,True
tt06_4f1b1a60e320ce90fadf06e7,test,ts-station-service,0,0,0,2026-09-06T07:41:32.433735+00:00,2026-09-06T07:56:32Z,True
tt06_4f1b1a60e320ce90fadf06e7,test,ts-train-service,57,24,32,2026-09-06T07:41:32.433735+00:00,2026-09-06T07:56:32Z,True
tt06_4f1b1a60e320ce90fadf06e7,test,ts-travel-service,0,0,0,2026-09-06T07:41:32.433735+00:00,2026-09-06T07:56:32Z,True
tt06_4f1b1a60e320ce90fadf06e7,test,ts-travel2-service,0,0,0,2026-09-06T07:41:32.433735+00:00,2026-09-06T07:56:32Z,True
tt06_4f1b1a60e320ce90fadf06e7,test,ts-ui-dashboard,0,0,0,2026-09-06T07:41:32.433735+00:00,2026-09-06T07:56:32Z,True
tt06_4f1b1a60e320ce90fadf06e7,test,ts-user-service,0,0,0,2026-09-06T07:41:32.433735+00:00,2026-09-06T07:56:32Z,True
tt06_4f1b1a60e320ce90fadf06e7,test,tsdb-mysql,547,180,268,2026-09-06T07:41:32.433735+00:00,2026-09-06T07:56:32Z,True
tt06_4f3eea3183513d33fa3ebfe8,test,nacos,0,0,0,2026-09-07T17:02:08Z,2026-09-07T17:17:08Z,True
tt06_4f3eea3183513d33fa3ebfe8,test,nacosdb-mysql,546,180,270,2026-09-07T17:02:08Z,2026-09-07T17:17:08Z,True
tt06_4f3eea3183513d33fa3ebfe8,test,rabbitmq,0,0,0,2026-09-07T17:02:08Z,2026-09-07T17:17:08Z,True
tt06_4f3eea3183513d33fa3ebfe8,test,ts-auth-service,0,0,0,2026-09-07T17:02:08Z,2026-09-07T17:17:08Z,True
tt06_4f3eea3183513d33fa3ebfe8,test,ts-basic-service,0,0,0,2026-09-07T17:02:08Z,2026-09-07T17:17:08Z,True
tt06_4f3eea3183513d33fa3ebfe8,test,ts-config-service,0,0,0,2026-09-07T17:02:08Z,2026-09-07T17:17:08Z,True
tt06_4f3eea3183513d33fa3ebfe8,test,ts-contacts-service,0,0,0,2026-09-07T17:02:08Z,2026-09-07T17:17:08Z,True
tt06_4f3eea3183513d33fa3ebfe8,test,ts-gateway-service,0,0,0,2026-09-07T17:02:08Z,2026-09-07T17:17:08Z,True
tt06_4f3eea3183513d33fa3ebfe8,test,ts-order-other-service,0,0,0,2026-09-07T17:02:08Z,2026-09-07T17:17:08Z,True
tt06_4f3eea3183513d33fa3ebfe8,test,ts-order-service,0,0,0,2026-09-07T17:02:08Z,2026-09-07T17:17:08Z,True
tt06_4f3eea3183513d33fa3ebfe8,test,ts-price-service,9301,48,7782,2026-09-07T17:02:08Z,2026-09-07T17:17:08Z,True
tt06_4f3eea3183513d33fa3ebfe8,test,ts-route-service,60,24,36,2026-09-07T17:02:08Z,2026-09-07T17:17:08Z,True
tt06_4f3eea3183513d33fa3ebfe8,test,ts-seat-service,0,0,0,2026-09-07T17:02:08Z,2026-09-07T17:17:08Z,True
tt06_4f3eea3183513d33fa3ebfe8,test,ts-station-service,0,0,0,2026-09-07T17:02:08Z,2026-09-07T17:17:08Z,True
tt06_4f3eea3183513d33fa3ebfe8,test,ts-train-service,56,24,32,2026-09-07T17:02:08Z,2026-09-07T17:17:08Z,True
tt06_4f3eea3183513d33fa3ebfe8,test,ts-travel-service,0,0,0,2026-09-07T17:02:08Z,2026-09-07T17:17:08Z,True
tt06_4f3eea3183513d33fa3ebfe8,test,ts-travel2-service,0,0,0,2026-09-07T17:02:08Z,2026-09-07T17:17:08Z,True
tt06_4f3eea3183513d33fa3ebfe8,test,ts-ui-dashboard,0,0,0,2026-09-07T17:02:08Z,2026-09-07T17:17:08Z,True
tt06_4f3eea3183513d33fa3ebfe8,test,ts-user-service,0,0,0,2026-09-07T17:02:08Z,2026-09-07T17:17:08Z,True
tt06_4f3eea3183513d33fa3ebfe8,test,tsdb-mysql,547,181,270,2026-09-07T17:02:08Z,2026-09-07T17:17:08Z,True
tt06_4f48d8e296c4a08c282fda5e,test,nacos,0,0,0,2026-09-08T19:57:20Z,2026-09-08T20:12:20Z,True
tt06_4f48d8e296c4a08c282fda5e,test,nacosdb-mysql,547,180,270,2026-09-08T19:57:20Z,2026-09-08T20:12:20Z,True
tt06_4f48d8e296c4a08c282fda5e,test,rabbitmq,0,0,0,2026-09-08T19:57:20Z,2026-09-08T20:12:20Z,True
tt06_4f48d8e296c4a08c282fda5e,test,ts-auth-service,0,0,0,2026-09-08T19:57:20Z,2026-09-08T20:12:20Z,True
tt06_4f48d8e296c4a08c282fda5e,test,ts-basic-service,0,0,0,2026-09-08T19:57:20Z,2026-09-08T20:12:20Z,True
tt06_4f48d8e296c4a08c282fda5e,test,ts-config-service,0,0,0,2026-09-08T19:57:20Z,2026-09-08T20:12:20Z,True
tt06_4f48d8e296c4a08c282fda5e,test,ts-contacts-service,0,0,0,2026-09-08T19:57:20Z,2026-09-08T20:12:20Z,True
tt06_4f48d8e296c4a08c282fda5e,test,ts-gateway-service,0,0,0,2026-09-08T19:57:20Z,2026-09-08T20:12:20Z,True
tt06_4f48d8e296c4a08c282fda5e,test,ts-order-other-service,0,0,0,2026-09-08T19:57:20Z,2026-09-08T20:12:20Z,True
tt06_4f48d8e296c4a08c282fda5e,test,ts-order-service,0,0,0,2026-09-08T19:57:20Z,2026-09-08T20:12:20Z,True
tt06_4f48d8e296c4a08c282fda5e,test,ts-price-service,40,16,24,2026-09-08T19:57:20Z,2026-09-08T20:12:20Z,True
tt06_4f48d8e296c4a08c282fda5e,test,ts-route-service,20,8,12,2026-09-08T19:57:20Z,2026-09-08T20:12:20Z,True
tt06_4f48d8e296c4a08c282fda5e,test,ts-seat-service,0,0,0,2026-09-08T19:57:20Z,2026-09-08T20:12:20Z,True
tt06_4f48d8e296c4a08c282fda5e,test,ts-station-service,0,0,0,2026-09-08T19:57:20Z,2026-09-08T20:12:20Z,True
tt06_4f48d8e296c4a08c282fda5e,test,ts-train-service,7735,32,6882,2026-09-08T19:57:20Z,2026-09-08T20:12:20Z,True
tt06_4f48d8e296c4a08c282fda5e,test,ts-travel-service,0,0,0,2026-09-08T19:57:20Z,2026-09-08T20:12:20Z,True
tt06_4f48d8e296c4a08c282fda5e,test,ts-travel2-service,0,0,0,2026-09-08T19:57:20Z,2026-09-08T20:12:20Z,True
tt06_4f48d8e296c4a08c282fda5e,test,ts-ui-dashboard,0,0,0,2026-09-08T19:57:20Z,2026-09-08T20:12:20Z,True
tt06_4f48d8e296c4a08c282fda5e,test,ts-user-service,0,0,0,2026-09-08T19:57:20Z,2026-09-08T20:12:20Z,True
tt06_4f48d8e296c4a08c282fda5e,test,tsdb-mysql,546,180,270,2026-09-08T19:57:20Z,2026-09-08T20:12:20Z,True
tt06_52a1c055ad7f7b33f7eb51ed,test,nacos,0,0,0,2026-09-08T13:32:09.966352+00:00,2026-09-08T13:47:09Z,True
tt06_52a1c055ad7f7b33f7eb51ed,test,nacosdb-mysql,547,180,270,2026-09-08T13:32:09.966352+00:00,2026-09-08T13:47:09Z,True
tt06_52a1c055ad7f7b33f7eb51ed,test,rabbitmq,0,0,0,2026-09-08T13:32:09.966352+00:00,2026-09-08T13:47:09Z,True
tt06_52a1c055ad7f7b33f7eb51ed,test,ts-auth-service,0,0,0,2026-09-08T13:32:09.966352+00:00,2026-09-08T13:47:09Z,True
tt06_52a1c055ad7f7b33f7eb51ed,test,ts-basic-service,0,0,0,2026-09-08T13:32:09.966352+00:00,2026-09-08T13:47:09Z,True
tt06_52a1c055ad7f7b33f7eb51ed,test,ts-config-service,0,0,0,2026-09-08T13:32:09.966352+00:00,2026-09-08T13:47:09Z,True
tt06_52a1c055ad7f7b33f7eb51ed,test,ts-contacts-service,0,0,0,2026-09-08T13:32:09.966352+00:00,2026-09-08T13:47:09Z,True
tt06_52a1c055ad7f7b33f7eb51ed,test,ts-gateway-service,0,0,0,2026-09-08T13:32:09.966352+00:00,2026-09-08T13:47:09Z,True
tt06_52a1c055ad7f7b33f7eb51ed,test,ts-order-other-service,0,0,0,2026-09-08T13:32:09.966352+00:00,2026-09-08T13:47:09Z,True
tt06_52a1c055ad7f7b33f7eb51ed,test,ts-order-service,0,0,0,2026-09-08T13:32:09.966352+00:00,2026-09-08T13:47:09Z,True
tt06_52a1c055ad7f7b33f7eb51ed,test,ts-price-service,207,48,80,2026-09-08T13:32:09.966352+00:00,2026-09-08T13:47:09Z,True
tt06_52a1c055ad7f7b33f7eb51ed,test,ts-route-service,61,24,36,2026-09-08T13:32:09.966352+00:00,2026-09-08T13:47:09Z,True
tt06_52a1c055ad7f7b33f7eb51ed,test,ts-seat-service,0,0,0,2026-09-08T13:32:09.966352+00:00,2026-09-08T13:47:09Z,True
tt06_52a1c055ad7f7b33f7eb51ed,test,ts-station-service,0,0,0,2026-09-08T13:32:09.966352+00:00,2026-09-08T13:47:09Z,True
tt06_52a1c055ad7f7b33f7eb51ed,test,ts-train-service,57,24,32,2026-09-08T13:32:09.966352+00:00,2026-09-08T13:47:09Z,True
tt06_52a1c055ad7f7b33f7eb51ed,test,ts-travel-service,0,0,0,2026-09-08T13:32:09.966352+00:00,2026-09-08T13:47:09Z,True
tt06_52a1c055ad7f7b33f7eb51ed,test,ts-travel2-service,0,0,0,2026-09-08T13:32:09.966352+00:00,2026-09-08T13:47:09Z,True
tt06_52a1c055ad7f7b33f7eb51ed,test,ts-ui-dashboard,0,0,0,2026-09-08T13:32:09.966352+00:00,2026-09-08T13:47:09Z,True
tt06_52a1c055ad7f7b33f7eb51ed,test,ts-user-service,0,0,0,2026-09-08T13:32:09.966352+00:00,2026-09-08T13:47:09Z,True
tt06_52a1c055ad7f7b33f7eb51ed,test,tsdb-mysql,547,180,270,2026-09-08T13:32:09.966352+00:00,2026-09-08T13:47:09Z,True
tt06_549183d2d6af26529445a3b4,test,nacos,0,0,0,2026-09-09T00:27:04Z,2026-09-09T00:42:04Z,True
tt06_549183d2d6af26529445a3b4,test,nacosdb-mysql,546,180,270,2026-09-09T00:27:04Z,2026-09-09T00:42:04Z,True
tt06_549183d2d6af26529445a3b4,test,rabbitmq,0,0,0,2026-09-09T00:27:04Z,2026-09-09T00:42:04Z,True
tt06_549183d2d6af26529445a3b4,test,ts-auth-service,0,0,0,2026-09-09T00:27:04Z,2026-09-09T00:42:04Z,True
tt06_549183d2d6af26529445a3b4,test,ts-basic-service,0,0,0,2026-09-09T00:27:04Z,2026-09-09T00:42:04Z,True
tt06_549183d2d6af26529445a3b4,test,ts-config-service,0,0,0,2026-09-09T00:27:04Z,2026-09-09T00:42:04Z,True
tt06_549183d2d6af26529445a3b4,test,ts-contacts-service,0,0,0,2026-09-09T00:27:04Z,2026-09-09T00:42:04Z,True
tt06_549183d2d6af26529445a3b4,test,ts-gateway-service,0,0,0,2026-09-09T00:27:04Z,2026-09-09T00:42:04Z,True
tt06_549183d2d6af26529445a3b4,test,ts-order-other-service,0,0,0,2026-09-09T00:27:04Z,2026-09-09T00:42:04Z,True
tt06_549183d2d6af26529445a3b4,test,ts-order-service,0,0,0,2026-09-09T00:27:04Z,2026-09-09T00:42:04Z,True
tt06_549183d2d6af26529445a3b4,test,ts-price-service,40,16,24,2026-09-09T00:27:04Z,2026-09-09T00:42:04Z,True
tt06_549183d2d6af26529445a3b4,test,ts-route-service,7921,32,6944,2026-09-09T00:27:04Z,2026-09-09T00:42:04Z,True
tt06_549183d2d6af26529445a3b4,test,ts-seat-service,0,0,0,2026-09-09T00:27:04Z,2026-09-09T00:42:04Z,True
tt06_549183d2d6af26529445a3b4,test,ts-station-service,0,0,0,2026-09-09T00:27:04Z,2026-09-09T00:42:04Z,True
tt06_549183d2d6af26529445a3b4,test,ts-train-service,20,8,12,2026-09-09T00:27:04Z,2026-09-09T00:42:04Z,True
tt06_549183d2d6af26529445a3b4,test,ts-travel-service,0,0,0,2026-09-09T00:27:04Z,2026-09-09T00:42:04Z,True
tt06_549183d2d6af26529445a3b4,test,ts-travel2-service,0,0,0,2026-09-09T00:27:04Z,2026-09-09T00:42:04Z,True
tt06_549183d2d6af26529445a3b4,test,ts-ui-dashboard,0,0,0,2026-09-09T00:27:04Z,2026-09-09T00:42:04Z,True
tt06_549183d2d6af26529445a3b4,test,ts-user-service,0,0,0,2026-09-09T00:27:04Z,2026-09-09T00:42:04Z,True
tt06_549183d2d6af26529445a3b4,test,tsdb-mysql,546,180,270,2026-09-09T00:27:04Z,2026-09-09T00:42:04Z,True
tt06_5566ff62497c350f4b4771d8,test,nacos,0,0,0,2026-09-06T09:33:02Z,2026-09-06T09:48:02Z,True
tt06_5566ff62497c350f4b4771d8,test,nacosdb-mysql,548,182,270,2026-09-06T09:33:02Z,2026-09-06T09:48:02Z,True
tt06_5566ff62497c350f4b4771d8,test,rabbitmq,0,0,0,2026-09-06T09:33:02Z,2026-09-06T09:48:02Z,True
tt06_5566ff62497c350f4b4771d8,test,ts-auth-service,0,0,0,2026-09-06T09:33:02Z,2026-09-06T09:48:02Z,True
tt06_5566ff62497c350f4b4771d8,test,ts-basic-service,0,0,0,2026-09-06T09:33:02Z,2026-09-06T09:48:02Z,True
tt06_5566ff62497c350f4b4771d8,test,ts-config-service,0,0,0,2026-09-06T09:33:02Z,2026-09-06T09:48:02Z,True
tt06_5566ff62497c350f4b4771d8,test,ts-contacts-service,0,0,0,2026-09-06T09:33:02Z,2026-09-06T09:48:02Z,True
tt06_5566ff62497c350f4b4771d8,test,ts-gateway-service,0,0,0,2026-09-06T09:33:02Z,2026-09-06T09:48:02Z,True
tt06_5566ff62497c350f4b4771d8,test,ts-order-other-service,0,0,0,2026-09-06T09:33:02Z,2026-09-06T09:48:02Z,True
tt06_5566ff62497c350f4b4771d8,test,ts-order-service,0,0,0,2026-09-06T09:33:02Z,2026-09-06T09:48:02Z,True
tt06_5566ff62497c350f4b4771d8,test,ts-price-service,40,16,24,2026-09-06T09:33:02Z,2026-09-06T09:48:02Z,True
tt06_5566ff62497c350f4b4771d8,test,ts-route-service,47,32,15,2026-09-06T09:33:02Z,2026-09-06T09:48:02Z,True
tt06_5566ff62497c350f4b4771d8,test,ts-seat-service,0,0,0,2026-09-06T09:33:02Z,2026-09-06T09:48:02Z,True
tt06_5566ff62497c350f4b4771d8,test,ts-station-service,0,0,0,2026-09-06T09:33:02Z,2026-09-06T09:48:02Z,True
tt06_5566ff62497c350f4b4771d8,test,ts-train-service,20,8,12,2026-09-06T09:33:02Z,2026-09-06T09:48:02Z,True
tt06_5566ff62497c350f4b4771d8,test,ts-travel-service,0,0,0,2026-09-06T09:33:02Z,2026-09-06T09:48:02Z,True
tt06_5566ff62497c350f4b4771d8,test,ts-travel2-service,0,0,0,2026-09-06T09:33:02Z,2026-09-06T09:48:02Z,True
tt06_5566ff62497c350f4b4771d8,test,ts-ui-dashboard,0,0,0,2026-09-06T09:33:02Z,2026-09-06T09:48:02Z,True
tt06_5566ff62497c350f4b4771d8,test,ts-user-service,0,0,0,2026-09-06T09:33:02Z,2026-09-06T09:48:02Z,True
tt06_5566ff62497c350f4b4771d8,test,tsdb-mysql,548,180,270,2026-09-06T09:33:02Z,2026-09-06T09:48:02Z,True
tt06_56b086909968dec1e31e0591,test,nacos,0,0,0,2026-09-09T04:54:10.650517+00:00,2026-09-09T05:09:10Z,True
tt06_56b086909968dec1e31e0591,test,nacosdb-mysql,547,181,269,2026-09-09T04:54:10.650517+00:00,2026-09-09T05:09:10Z,True
tt06_56b086909968dec1e31e0591,test,rabbitmq,0,0,0,2026-09-09T04:54:10.650517+00:00,2026-09-09T05:09:10Z,True
tt06_56b086909968dec1e31e0591,test,ts-auth-service,0,0,0,2026-09-09T04:54:10.650517+00:00,2026-09-09T05:09:10Z,True
tt06_56b086909968dec1e31e0591,test,ts-basic-service,0,0,0,2026-09-09T04:54:10.650517+00:00,2026-09-09T05:09:10Z,True
tt06_56b086909968dec1e31e0591,test,ts-config-service,0,0,0,2026-09-09T04:54:10.650517+00:00,2026-09-09T05:09:10Z,True
tt06_56b086909968dec1e31e0591,test,ts-contacts-service,0,0,0,2026-09-09T04:54:10.650517+00:00,2026-09-09T05:09:10Z,True
tt06_56b086909968dec1e31e0591,test,ts-gateway-service,0,0,0,2026-09-09T04:54:10.650517+00:00,2026-09-09T05:09:10Z,True
tt06_56b086909968dec1e31e0591,test,ts-order-other-service,0,0,0,2026-09-09T04:54:10.650517+00:00,2026-09-09T05:09:10Z,True
tt06_56b086909968dec1e31e0591,test,ts-order-service,0,0,0,2026-09-09T04:54:10.650517+00:00,2026-09-09T05:09:10Z,True
tt06_56b086909968dec1e31e0591,test,ts-price-service,42,16,24,2026-09-09T04:54:10.650517+00:00,2026-09-09T05:09:10Z,True
tt06_56b086909968dec1e31e0591,test,ts-route-service,21,8,12,2026-09-09T04:54:10.650517+00:00,2026-09-09T05:09:10Z,True
tt06_56b086909968dec1e31e0591,test,ts-seat-service,0,0,0,2026-09-09T04:54:10.650517+00:00,2026-09-09T05:09:10Z,True
tt06_56b086909968dec1e31e0591,test,ts-station-service,0,0,0,2026-09-09T04:54:10.650517+00:00,2026-09-09T05:09:10Z,True
tt06_56b086909968dec1e31e0591,test,ts-train-service,81,32,48,2026-09-09T04:54:10.650517+00:00,2026-09-09T05:09:10Z,True
tt06_56b086909968dec1e31e0591,test,ts-travel-service,0,0,0,2026-09-09T04:54:10.650517+00:00,2026-09-09T05:09:10Z,True
tt06_56b086909968dec1e31e0591,test,ts-travel2-service,0,0,0,2026-09-09T04:54:10.650517+00:00,2026-09-09T05:09:10Z,True
tt06_56b086909968dec1e31e0591,test,ts-ui-dashboard,0,0,0,2026-09-09T04:54:10.650517+00:00,2026-09-09T05:09:10Z,True
tt06_56b086909968dec1e31e0591,test,ts-user-service,0,0,0,2026-09-09T04:54:10.650517+00:00,2026-09-09T05:09:10Z,True
tt06_56b086909968dec1e31e0591,test,tsdb-mysql,547,180,270,2026-09-09T04:54:10.650517+00:00,2026-09-09T05:09:10Z,True
tt06_5716697558a8f60b4290811c,test,nacos,0,0,0,2026-09-06T11:32:54Z,2026-09-06T11:47:54Z,True
tt06_5716697558a8f60b4290811c,test,nacosdb-mysql,546,180,270,2026-09-06T11:32:54Z,2026-09-06T11:47:54Z,True
tt06_5716697558a8f60b4290811c,test,rabbitmq,0,0,0,2026-09-06T11:32:54Z,2026-09-06T11:47:54Z,True
tt06_5716697558a8f60b4290811c,test,ts-auth-service,0,0,0,2026-09-06T11:32:54Z,2026-09-06T11:47:54Z,True
tt06_5716697558a8f60b4290811c,test,ts-basic-service,0,0,0,2026-09-06T11:32:54Z,2026-09-06T11:47:54Z,True
tt06_5716697558a8f60b4290811c,test,ts-config-service,0,0,0,2026-09-06T11:32:54Z,2026-09-06T11:47:54Z,True
tt06_5716697558a8f60b4290811c,test,ts-contacts-service,0,0,0,2026-09-06T11:32:54Z,2026-09-06T11:47:54Z,True
tt06_5716697558a8f60b4290811c,test,ts-gateway-service,0,0,0,2026-09-06T11:32:54Z,2026-09-06T11:47:54Z,True
tt06_5716697558a8f60b4290811c,test,ts-order-other-service,0,0,0,2026-09-06T11:32:54Z,2026-09-06T11:47:54Z,True
tt06_5716697558a8f60b4290811c,test,ts-order-service,0,0,0,2026-09-06T11:32:54Z,2026-09-06T11:47:54Z,True
tt06_5716697558a8f60b4290811c,test,ts-price-service,40,16,24,2026-09-06T11:32:54Z,2026-09-06T11:47:54Z,True
tt06_5716697558a8f60b4290811c,test,ts-route-service,20,8,12,2026-09-06T11:32:54Z,2026-09-06T11:47:54Z,True
tt06_5716697558a8f60b4290811c,test,ts-seat-service,0,0,0,2026-09-06T11:32:54Z,2026-09-06T11:47:54Z,True
tt06_5716697558a8f60b4290811c,test,ts-station-service,747,0,525,2026-09-06T11:32:54Z,2026-09-06T11:47:54Z,True
tt06_5716697558a8f60b4290811c,test,ts-train-service,80,32,48,2026-09-06T11:32:54Z,2026-09-06T11:47:54Z,True
tt06_5716697558a8f60b4290811c,test,ts-travel-service,0,0,0,2026-09-06T11:32:54Z,2026-09-06T11:47:54Z,True
tt06_5716697558a8f60b4290811c,test,ts-travel2-service,0,0,0,2026-09-06T11:32:54Z,2026-09-06T11:47:54Z,True
tt06_5716697558a8f60b4290811c,test,ts-ui-dashboard,0,0,0,2026-09-06T11:32:54Z,2026-09-06T11:47:54Z,True
tt06_5716697558a8f60b4290811c,test,ts-user-service,0,0,0,2026-09-06T11:32:54Z,2026-09-06T11:47:54Z,True
tt06_5716697558a8f60b4290811c,test,tsdb-mysql,548,182,270,2026-09-06T11:32:54Z,2026-09-06T11:47:54Z,True
tt06_58a63b94ffbf4151509dd522,test,nacos,0,0,0,2026-09-07T04:11:25.919769+00:00,2026-09-07T04:26:25Z,True
tt06_58a63b94ffbf4151509dd522,test,nacosdb-mysql,548,182,269,2026-09-07T04:11:25.919769+00:00,2026-09-07T04:26:25Z,True
tt06_58a63b94ffbf4151509dd522,test,rabbitmq,0,0,0,2026-09-07T04:11:25.919769+00:00,2026-09-07T04:26:25Z,True
tt06_58a63b94ffbf4151509dd522,test,ts-auth-service,0,0,0,2026-09-07T04:11:25.919769+00:00,2026-09-07T04:26:25Z,True
tt06_58a63b94ffbf4151509dd522,test,ts-basic-service,0,0,0,2026-09-07T04:11:25.919769+00:00,2026-09-07T04:26:25Z,True
tt06_58a63b94ffbf4151509dd522,test,ts-config-service,0,0,0,2026-09-07T04:11:25.919769+00:00,2026-09-07T04:26:25Z,True
tt06_58a63b94ffbf4151509dd522,test,ts-contacts-service,0,0,0,2026-09-07T04:11:25.919769+00:00,2026-09-07T04:26:25Z,True
tt06_58a63b94ffbf4151509dd522,test,ts-gateway-service,0,0,0,2026-09-07T04:11:25.919769+00:00,2026-09-07T04:26:25Z,True
tt06_58a63b94ffbf4151509dd522,test,ts-order-other-service,0,0,0,2026-09-07T04:11:25.919769+00:00,2026-09-07T04:26:25Z,True
tt06_58a63b94ffbf4151509dd522,test,ts-order-service,0,0,0,2026-09-07T04:11:25.919769+00:00,2026-09-07T04:26:25Z,True
tt06_58a63b94ffbf4151509dd522,test,ts-price-service,74,30,42,2026-09-07T04:11:25.919769+00:00,2026-09-07T04:26:25Z,True
tt06_58a63b94ffbf4151509dd522,test,ts-route-service,40,15,24,2026-09-07T04:11:25.919769+00:00,2026-09-07T04:26:25Z,True
tt06_58a63b94ffbf4151509dd522,test,ts-seat-service,0,0,0,2026-09-07T04:11:25.919769+00:00,2026-09-07T04:26:25Z,True
tt06_58a63b94ffbf4151509dd522,test,ts-station-service,0,0,0,2026-09-07T04:11:25.919769+00:00,2026-09-07T04:26:25Z,True
tt06_58a63b94ffbf4151509dd522,test,ts-train-service,39,15,23,2026-09-07T04:11:25.919769+00:00,2026-09-07T04:26:25Z,True
tt06_58a63b94ffbf4151509dd522,test,ts-travel-service,0,0,0,2026-09-07T04:11:25.919769+00:00,2026-09-07T04:26:25Z,True
tt06_58a63b94ffbf4151509dd522,test,ts-travel2-service,0,0,0,2026-09-07T04:11:25.919769+00:00,2026-09-07T04:26:25Z,True
tt06_58a63b94ffbf4151509dd522,test,ts-ui-dashboard,0,0,0,2026-09-07T04:11:25.919769+00:00,2026-09-07T04:26:25Z,True
tt06_58a63b94ffbf4151509dd522,test,ts-user-service,0,0,0,2026-09-07T04:11:25.919769+00:00,2026-09-07T04:26:25Z,True
tt06_58a63b94ffbf4151509dd522,test,tsdb-mysql,548,180,270,2026-09-07T04:11:25.919769+00:00,2026-09-07T04:26:25Z,True
tt06_6104ff808d683226e2ff9ad4,test,nacos,0,0,0,2026-09-08T18:39:50.264815+00:00,2026-09-08T18:54:50Z,True
tt06_6104ff808d683226e2ff9ad4,test,nacosdb-mysql,547,180,269,2026-09-08T18:39:50.264815+00:00,2026-09-08T18:54:50Z,True
tt06_6104ff808d683226e2ff9ad4,test,rabbitmq,0,0,0,2026-09-08T18:39:50.264815+00:00,2026-09-08T18:54:50Z,True
tt06_6104ff808d683226e2ff9ad4,test,ts-auth-service,0,0,0,2026-09-08T18:39:50.264815+00:00,2026-09-08T18:54:50Z,True
tt06_6104ff808d683226e2ff9ad4,test,ts-basic-service,0,0,0,2026-09-08T18:39:50.264815+00:00,2026-09-08T18:54:50Z,True
tt06_6104ff808d683226e2ff9ad4,test,ts-config-service,0,0,0,2026-09-08T18:39:50.264815+00:00,2026-09-08T18:54:50Z,True
tt06_6104ff808d683226e2ff9ad4,test,ts-contacts-service,0,0,0,2026-09-08T18:39:50.264815+00:00,2026-09-08T18:54:50Z,True
tt06_6104ff808d683226e2ff9ad4,test,ts-gateway-service,0,0,0,2026-09-08T18:39:50.264815+00:00,2026-09-08T18:54:50Z,True
tt06_6104ff808d683226e2ff9ad4,test,ts-order-other-service,0,0,0,2026-09-08T18:39:50.264815+00:00,2026-09-08T18:54:50Z,True
tt06_6104ff808d683226e2ff9ad4,test,ts-order-service,0,0,0,2026-09-08T18:39:50.264815+00:00,2026-09-08T18:54:50Z,True
tt06_6104ff808d683226e2ff9ad4,test,ts-price-service,42,16,24,2026-09-08T18:39:50.264815+00:00,2026-09-08T18:54:50Z,True
tt06_6104ff808d683226e2ff9ad4,test,ts-route-service,21,8,12,2026-09-08T18:39:50.264815+00:00,2026-09-08T18:54:50Z,True
tt06_6104ff808d683226e2ff9ad4,test,ts-seat-service,0,0,0,2026-09-08T18:39:50.264815+00:00,2026-09-08T18:54:50Z,True
tt06_6104ff808d683226e2ff9ad4,test,ts-station-service,80,0,0,2026-09-08T18:39:50.264815+00:00,2026-09-08T18:54:50Z,True
tt06_6104ff808d683226e2ff9ad4,test,ts-train-service,81,32,48,2026-09-08T18:39:50.264815+00:00,2026-09-08T18:54:50Z,True
tt06_6104ff808d683226e2ff9ad4,test,ts-travel-service,0,0,0,2026-09-08T18:39:50.264815+00:00,2026-09-08T18:54:50Z,True
tt06_6104ff808d683226e2ff9ad4,test,ts-travel2-service,0,0,0,2026-09-08T18:39:50.264815+00:00,2026-09-08T18:54:50Z,True
tt06_6104ff808d683226e2ff9ad4,test,ts-ui-dashboard,0,0,0,2026-09-08T18:39:50.264815+00:00,2026-09-08T18:54:50Z,True
tt06_6104ff808d683226e2ff9ad4,test,ts-user-service,0,0,0,2026-09-08T18:39:50.264815+00:00,2026-09-08T18:54:50Z,True
tt06_6104ff808d683226e2ff9ad4,test,tsdb-mysql,547,180,270,2026-09-08T18:39:50.264815+00:00,2026-09-08T18:54:50Z,True
tt06_61d88cd4f6a13189ca51b06c,test,nacos,0,0,0,2026-09-08T00:04:34Z,2026-09-08T00:19:34Z,True
tt06_61d88cd4f6a13189ca51b06c,test,nacosdb-mysql,546,180,270,2026-09-08T00:04:34Z,2026-09-08T00:19:34Z,True
tt06_61d88cd4f6a13189ca51b06c,test,rabbitmq,0,0,0,2026-09-08T00:04:34Z,2026-09-08T00:19:34Z,True
tt06_61d88cd4f6a13189ca51b06c,test,ts-auth-service,0,0,0,2026-09-08T00:04:34Z,2026-09-08T00:19:34Z,True
tt06_61d88cd4f6a13189ca51b06c,test,ts-basic-service,0,0,0,2026-09-08T00:04:34Z,2026-09-08T00:19:34Z,True
tt06_61d88cd4f6a13189ca51b06c,test,ts-config-service,0,0,0,2026-09-08T00:04:34Z,2026-09-08T00:19:34Z,True
tt06_61d88cd4f6a13189ca51b06c,test,ts-contacts-service,0,0,0,2026-09-08T00:04:34Z,2026-09-08T00:19:34Z,True
tt06_61d88cd4f6a13189ca51b06c,test,ts-gateway-service,225,0,137,2026-09-08T00:04:34Z,2026-09-08T00:19:34Z,True
tt06_61d88cd4f6a13189ca51b06c,test,ts-order-other-service,0,0,0,2026-09-08T00:04:34Z,2026-09-08T00:19:34Z,True
tt06_61d88cd4f6a13189ca51b06c,test,ts-order-service,0,0,0,2026-09-08T00:04:34Z,2026-09-08T00:19:34Z,True
tt06_61d88cd4f6a13189ca51b06c,test,ts-price-service,30,30,0,2026-09-08T00:04:34Z,2026-09-08T00:19:34Z,True
tt06_61d88cd4f6a13189ca51b06c,test,ts-route-service,15,15,0,2026-09-08T00:04:34Z,2026-09-08T00:19:34Z,True
tt06_61d88cd4f6a13189ca51b06c,test,ts-seat-service,0,0,0,2026-09-08T00:04:34Z,2026-09-08T00:19:34Z,True
tt06_61d88cd4f6a13189ca51b06c,test,ts-station-service,0,0,0,2026-09-08T00:04:34Z,2026-09-08T00:19:34Z,True
tt06_61d88cd4f6a13189ca51b06c,test,ts-train-service,15,15,0,2026-09-08T00:04:34Z,2026-09-08T00:19:34Z,True
tt06_61d88cd4f6a13189ca51b06c,test,ts-travel-service,0,0,0,2026-09-08T00:04:34Z,2026-09-08T00:19:34Z,True
tt06_61d88cd4f6a13189ca51b06c,test,ts-travel2-service,0,0,0,2026-09-08T00:04:34Z,2026-09-08T00:19:34Z,True
tt06_61d88cd4f6a13189ca51b06c,test,ts-ui-dashboard,0,0,0,2026-09-08T00:04:34Z,2026-09-08T00:19:34Z,True
tt06_61d88cd4f6a13189ca51b06c,test,ts-user-service,0,0,0,2026-09-08T00:04:34Z,2026-09-08T00:19:34Z,True
tt06_61d88cd4f6a13189ca51b06c,test,tsdb-mysql,548,182,270,2026-09-08T00:04:34Z,2026-09-08T00:19:34Z,True
tt06_66343fe1d9c88deb6a33fdd6,test,nacos,0,0,0,2026-09-07T18:55:25.882911+00:00,2026-09-07T19:10:25Z,True
tt06_66343fe1d9c88deb6a33fdd6,test,nacosdb-mysql,548,182,269,2026-09-07T18:55:25.882911+00:00,2026-09-07T19:10:25Z,True
tt06_66343fe1d9c88deb6a33fdd6,test,rabbitmq,0,0,0,2026-09-07T18:55:25.882911+00:00,2026-09-07T19:10:25Z,True
tt06_66343fe1d9c88deb6a33fdd6,test,ts-auth-service,0,0,0,2026-09-07T18:55:25.882911+00:00,2026-09-07T19:10:25Z,True
tt06_66343fe1d9c88deb6a33fdd6,test,ts-basic-service,0,0,0,2026-09-07T18:55:25.882911+00:00,2026-09-07T19:10:25Z,True
tt06_66343fe1d9c88deb6a33fdd6,test,ts-config-service,0,0,0,2026-09-07T18:55:25.882911+00:00,2026-09-07T19:10:25Z,True
tt06_66343fe1d9c88deb6a33fdd6,test,ts-contacts-service,0,0,0,2026-09-07T18:55:25.882911+00:00,2026-09-07T19:10:25Z,True
tt06_66343fe1d9c88deb6a33fdd6,test,ts-gateway-service,0,0,0,2026-09-07T18:55:25.882911+00:00,2026-09-07T19:10:25Z,True
tt06_66343fe1d9c88deb6a33fdd6,test,ts-order-other-service,0,0,0,2026-09-07T18:55:25.882911+00:00,2026-09-07T19:10:25Z,True
tt06_66343fe1d9c88deb6a33fdd6,test,ts-order-service,0,0,0,2026-09-07T18:55:25.882911+00:00,2026-09-07T19:10:25Z,True
tt06_66343fe1d9c88deb6a33fdd6,test,ts-price-service,42,16,24,2026-09-07T18:55:25.882911+00:00,2026-09-07T19:10:25Z,True
tt06_66343fe1d9c88deb6a33fdd6,test,ts-route-service,81,32,48,2026-09-07T18:55:25.882911+00:00,2026-09-07T19:10:25Z,True
tt06_66343fe1d9c88deb6a33fdd6,test,ts-seat-service,0,0,0,2026-09-07T18:55:25.882911+00:00,2026-09-07T19:10:25Z,True
tt06_66343fe1d9c88deb6a33fdd6,test,ts-station-service,0,0,0,2026-09-07T18:55:25.882911+00:00,2026-09-07T19:10:25Z,True
tt06_66343fe1d9c88deb6a33fdd6,test,ts-train-service,21,8,12,2026-09-07T18:55:25.882911+00:00,2026-09-07T19:10:25Z,True
tt06_66343fe1d9c88deb6a33fdd6,test,ts-travel-service,0,0,0,2026-09-07T18:55:25.882911+00:00,2026-09-07T19:10:25Z,True
tt06_66343fe1d9c88deb6a33fdd6,test,ts-travel2-service,0,0,0,2026-09-07T18:55:25.882911+00:00,2026-09-07T19:10:25Z,True
tt06_66343fe1d9c88deb6a33fdd6,test,ts-ui-dashboard,0,0,0,2026-09-07T18:55:25.882911+00:00,2026-09-07T19:10:25Z,True
tt06_66343fe1d9c88deb6a33fdd6,test,ts-user-service,0,0,0,2026-09-07T18:55:25.882911+00:00,2026-09-07T19:10:25Z,True
tt06_66343fe1d9c88deb6a33fdd6,test,tsdb-mysql,548,180,270,2026-09-07T18:55:25.882911+00:00,2026-09-07T19:10:25Z,True
tt06_69f7535fd92f3ed9de639636,test,nacos,0,0,0,2026-09-06T10:52:23.912570+00:00,2026-09-06T11:07:23Z,True
tt06_69f7535fd92f3ed9de639636,test,nacosdb-mysql,548,180,270,2026-09-06T10:52:23.912570+00:00,2026-09-06T11:07:23Z,True
tt06_69f7535fd92f3ed9de639636,test,rabbitmq,0,0,0,2026-09-06T10:52:23.912570+00:00,2026-09-06T11:07:23Z,True
tt06_69f7535fd92f3ed9de639636,test,ts-auth-service,0,0,0,2026-09-06T10:52:23.912570+00:00,2026-09-06T11:07:23Z,True
tt06_69f7535fd92f3ed9de639636,test,ts-basic-service,0,0,0,2026-09-06T10:52:23.912570+00:00,2026-09-06T11:07:23Z,True
tt06_69f7535fd92f3ed9de639636,test,ts-config-service,0,0,0,2026-09-06T10:52:23.912570+00:00,2026-09-06T11:07:23Z,True
tt06_69f7535fd92f3ed9de639636,test,ts-contacts-service,0,0,0,2026-09-06T10:52:23.912570+00:00,2026-09-06T11:07:23Z,True
tt06_69f7535fd92f3ed9de639636,test,ts-gateway-service,0,0,0,2026-09-06T10:52:23.912570+00:00,2026-09-06T11:07:23Z,True
tt06_69f7535fd92f3ed9de639636,test,ts-order-other-service,0,0,0,2026-09-06T10:52:23.912570+00:00,2026-09-06T11:07:23Z,True
tt06_69f7535fd92f3ed9de639636,test,ts-order-service,0,0,0,2026-09-06T10:52:23.912570+00:00,2026-09-06T11:07:23Z,True
tt06_69f7535fd92f3ed9de639636,test,ts-price-service,42,16,24,2026-09-06T10:52:23.912570+00:00,2026-09-06T11:07:23Z,True
tt06_69f7535fd92f3ed9de639636,test,ts-route-service,21,8,12,2026-09-06T10:52:23.912570+00:00,2026-09-06T11:07:23Z,True
tt06_69f7535fd92f3ed9de639636,test,ts-seat-service,0,0,0,2026-09-06T10:52:23.912570+00:00,2026-09-06T11:07:23Z,True
tt06_69f7535fd92f3ed9de639636,test,ts-station-service,0,0,0,2026-09-06T10:52:23.912570+00:00,2026-09-06T11:07:23Z,True
tt06_69f7535fd92f3ed9de639636,test,ts-train-service,81,32,48,2026-09-06T10:52:23.912570+00:00,2026-09-06T11:07:23Z,True
tt06_69f7535fd92f3ed9de639636,test,ts-travel-service,0,0,0,2026-09-06T10:52:23.912570+00:00,2026-09-06T11:07:23Z,True
tt06_69f7535fd92f3ed9de639636,test,ts-travel2-service,0,0,0,2026-09-06T10:52:23.912570+00:00,2026-09-06T11:07:23Z,True
tt06_69f7535fd92f3ed9de639636,test,ts-ui-dashboard,0,0,0,2026-09-06T10:52:23.912570+00:00,2026-09-06T11:07:23Z,True
tt06_69f7535fd92f3ed9de639636,test,ts-user-service,0,0,0,2026-09-06T10:52:23.912570+00:00,2026-09-06T11:07:23Z,True
tt06_69f7535fd92f3ed9de639636,test,tsdb-mysql,548,180,270,2026-09-06T10:52:23.912570+00:00,2026-09-06T11:07:23Z,True
tt06_6b37594a50356cb9d315727d,test,nacos,0,0,0,2026-09-09T06:08:35Z,2026-09-09T06:23:35Z,True
tt06_6b37594a50356cb9d315727d,test,nacosdb-mysql,547,180,270,2026-09-09T06:08:35Z,2026-09-09T06:23:35Z,True
tt06_6b37594a50356cb9d315727d,test,rabbitmq,0,0,0,2026-09-09T06:08:35Z,2026-09-09T06:23:35Z,True
tt06_6b37594a50356cb9d315727d,test,ts-auth-service,0,0,0,2026-09-09T06:08:35Z,2026-09-09T06:23:35Z,True
tt06_6b37594a50356cb9d315727d,test,ts-basic-service,0,0,0,2026-09-09T06:08:35Z,2026-09-09T06:23:35Z,True
tt06_6b37594a50356cb9d315727d,test,ts-config-service,0,0,0,2026-09-09T06:08:35Z,2026-09-09T06:23:35Z,True
tt06_6b37594a50356cb9d315727d,test,ts-contacts-service,0,0,0,2026-09-09T06:08:35Z,2026-09-09T06:23:35Z,True
tt06_6b37594a50356cb9d315727d,test,ts-gateway-service,0,0,0,2026-09-09T06:08:35Z,2026-09-09T06:23:35Z,True
tt06_6b37594a50356cb9d315727d,test,ts-order-other-service,0,0,0,2026-09-09T06:08:35Z,2026-09-09T06:23:35Z,True
tt06_6b37594a50356cb9d315727d,test,ts-order-service,0,0,0,2026-09-09T06:08:35Z,2026-09-09T06:23:35Z,True
tt06_6b37594a50356cb9d315727d,test,ts-price-service,40,16,24,2026-09-09T06:08:35Z,2026-09-09T06:23:35Z,True
tt06_6b37594a50356cb9d315727d,test,ts-route-service,20,8,12,2026-09-09T06:08:35Z,2026-09-09T06:23:35Z,True
tt06_6b37594a50356cb9d315727d,test,ts-seat-service,0,0,0,2026-09-09T06:08:35Z,2026-09-09T06:23:35Z,True
tt06_6b37594a50356cb9d315727d,test,ts-station-service,0,0,0,2026-09-09T06:08:35Z,2026-09-09T06:23:35Z,True
tt06_6b37594a50356cb9d315727d,test,ts-train-service,47,32,15,2026-09-09T06:08:35Z,2026-09-09T06:23:35Z,True
tt06_6b37594a50356cb9d315727d,test,ts-travel-service,0,0,0,2026-09-09T06:08:35Z,2026-09-09T06:23:35Z,True
tt06_6b37594a50356cb9d315727d,test,ts-travel2-service,0,0,0,2026-09-09T06:08:35Z,2026-09-09T06:23:35Z,True
tt06_6b37594a50356cb9d315727d,test,ts-ui-dashboard,0,0,0,2026-09-09T06:08:35Z,2026-09-09T06:23:35Z,True
tt06_6b37594a50356cb9d315727d,test,ts-user-service,0,0,0,2026-09-09T06:08:35Z,2026-09-09T06:23:35Z,True
tt06_6b37594a50356cb9d315727d,test,tsdb-mysql,547,180,270,2026-09-09T06:08:35Z,2026-09-09T06:23:35Z,True
tt06_6c1a05a099428d05bfc399a6,test,nacos,0,0,0,2026-09-07T21:30:47Z,2026-09-07T21:45:47Z,True
tt06_6c1a05a099428d05bfc399a6,test,nacosdb-mysql,547,181,270,2026-09-07T21:30:47Z,2026-09-07T21:45:47Z,True
tt06_6c1a05a099428d05bfc399a6,test,rabbitmq,0,0,0,2026-09-07T21:30:47Z,2026-09-07T21:45:47Z,True
tt06_6c1a05a099428d05bfc399a6,test,ts-auth-service,0,0,0,2026-09-07T21:30:47Z,2026-09-07T21:45:47Z,True
tt06_6c1a05a099428d05bfc399a6,test,ts-basic-service,0,0,0,2026-09-07T21:30:47Z,2026-09-07T21:45:47Z,True
tt06_6c1a05a099428d05bfc399a6,test,ts-config-service,0,0,0,2026-09-07T21:30:47Z,2026-09-07T21:45:47Z,True
tt06_6c1a05a099428d05bfc399a6,test,ts-contacts-service,0,0,0,2026-09-07T21:30:47Z,2026-09-07T21:45:47Z,True
tt06_6c1a05a099428d05bfc399a6,test,ts-gateway-service,0,0,0,2026-09-07T21:30:47Z,2026-09-07T21:45:47Z,True
tt06_6c1a05a099428d05bfc399a6,test,ts-order-other-service,0,0,0,2026-09-07T21:30:47Z,2026-09-07T21:45:47Z,True
tt06_6c1a05a099428d05bfc399a6,test,ts-order-service,0,0,0,2026-09-07T21:30:47Z,2026-09-07T21:45:47Z,True
tt06_6c1a05a099428d05bfc399a6,test,ts-price-service,40,16,24,2026-09-07T21:30:47Z,2026-09-07T21:45:47Z,True
tt06_6c1a05a099428d05bfc399a6,test,ts-route-service,20,8,12,2026-09-07T21:30:47Z,2026-09-07T21:45:47Z,True
tt06_6c1a05a099428d05bfc399a6,test,ts-seat-service,0,0,0,2026-09-07T21:30:47Z,2026-09-07T21:45:47Z,True
tt06_6c1a05a099428d05bfc399a6,test,ts-station-service,0,0,0,2026-09-07T21:30:47Z,2026-09-07T21:45:47Z,True
tt06_6c1a05a099428d05bfc399a6,test,ts-train-service,7797,32,6882,2026-09-07T21:30:47Z,2026-09-07T21:45:47Z,True
tt06_6c1a05a099428d05bfc399a6,test,ts-travel-service,0,0,0,2026-09-07T21:30:47Z,2026-09-07T21:45:47Z,True
tt06_6c1a05a099428d05bfc399a6,test,ts-travel2-service,0,0,0,2026-09-07T21:30:47Z,2026-09-07T21:45:47Z,True
tt06_6c1a05a099428d05bfc399a6,test,ts-ui-dashboard,0,0,0,2026-09-07T21:30:47Z,2026-09-07T21:45:47Z,True
tt06_6c1a05a099428d05bfc399a6,test,ts-user-service,0,0,0,2026-09-07T21:30:47Z,2026-09-07T21:45:47Z,True
tt06_6c1a05a099428d05bfc399a6,test,tsdb-mysql,546,180,270,2026-09-07T21:30:47Z,2026-09-07T21:45:47Z,True
tt06_721f87eb79145a17a6d0c5d5,test,nacos,0,0,0,2026-09-07T08:03:11.024603+00:00,2026-09-07T08:18:11Z,True
tt06_721f87eb79145a17a6d0c5d5,test,nacosdb-mysql,547,180,270,2026-09-07T08:03:11.024603+00:00,2026-09-07T08:18:11Z,True
tt06_721f87eb79145a17a6d0c5d5,test,rabbitmq,0,0,0,2026-09-07T08:03:11.024603+00:00,2026-09-07T08:18:11Z,True
tt06_721f87eb79145a17a6d0c5d5,test,ts-auth-service,0,0,0,2026-09-07T08:03:11.024603+00:00,2026-09-07T08:18:11Z,True
tt06_721f87eb79145a17a6d0c5d5,test,ts-basic-service,0,0,0,2026-09-07T08:03:11.024603+00:00,2026-09-07T08:18:11Z,True
tt06_721f87eb79145a17a6d0c5d5,test,ts-config-service,0,0,0,2026-09-07T08:03:11.024603+00:00,2026-09-07T08:18:11Z,True
tt06_721f87eb79145a17a6d0c5d5,test,ts-contacts-service,0,0,0,2026-09-07T08:03:11.024603+00:00,2026-09-07T08:18:11Z,True
tt06_721f87eb79145a17a6d0c5d5,test,ts-gateway-service,0,0,0,2026-09-07T08:03:11.024603+00:00,2026-09-07T08:18:11Z,True
tt06_721f87eb79145a17a6d0c5d5,test,ts-order-other-service,0,0,0,2026-09-07T08:03:11.024603+00:00,2026-09-07T08:18:11Z,True
tt06_721f87eb79145a17a6d0c5d5,test,ts-order-service,0,0,0,2026-09-07T08:03:11.024603+00:00,2026-09-07T08:18:11Z,True
tt06_721f87eb79145a17a6d0c5d5,test,ts-price-service,42,16,24,2026-09-07T08:03:11.024603+00:00,2026-09-07T08:18:11Z,True
tt06_721f87eb79145a17a6d0c5d5,test,ts-route-service,21,8,12,2026-09-07T08:03:11.024603+00:00,2026-09-07T08:18:11Z,True
tt06_721f87eb79145a17a6d0c5d5,test,ts-seat-service,0,0,0,2026-09-07T08:03:11.024603+00:00,2026-09-07T08:18:11Z,True
tt06_721f87eb79145a17a6d0c5d5,test,ts-station-service,80,0,0,2026-09-07T08:03:11.024603+00:00,2026-09-07T08:18:11Z,True
tt06_721f87eb79145a17a6d0c5d5,test,ts-train-service,81,32,48,2026-09-07T08:03:11.024603+00:00,2026-09-07T08:18:11Z,True
tt06_721f87eb79145a17a6d0c5d5,test,ts-travel-service,0,0,0,2026-09-07T08:03:11.024603+00:00,2026-09-07T08:18:11Z,True
tt06_721f87eb79145a17a6d0c5d5,test,ts-travel2-service,0,0,0,2026-09-07T08:03:11.024603+00:00,2026-09-07T08:18:11Z,True
tt06_721f87eb79145a17a6d0c5d5,test,ts-ui-dashboard,0,0,0,2026-09-07T08:03:11.024603+00:00,2026-09-07T08:18:11Z,True
tt06_721f87eb79145a17a6d0c5d5,test,ts-user-service,0,0,0,2026-09-07T08:03:11.024603+00:00,2026-09-07T08:18:11Z,True
tt06_721f87eb79145a17a6d0c5d5,test,tsdb-mysql,547,180,270,2026-09-07T08:03:11.024603+00:00,2026-09-07T08:18:11Z,True
tt06_7893f985b9b8064eb1d6ee69,test,nacos,0,0,0,2026-09-09T03:00:53Z,2026-09-09T03:15:53Z,True
tt06_7893f985b9b8064eb1d6ee69,test,nacosdb-mysql,546,180,270,2026-09-09T03:00:53Z,2026-09-09T03:15:53Z,True
tt06_7893f985b9b8064eb1d6ee69,test,rabbitmq,0,0,0,2026-09-09T03:00:53Z,2026-09-09T03:15:53Z,True
tt06_7893f985b9b8064eb1d6ee69,test,ts-auth-service,0,0,0,2026-09-09T03:00:53Z,2026-09-09T03:15:53Z,True
tt06_7893f985b9b8064eb1d6ee69,test,ts-basic-service,0,0,0,2026-09-09T03:00:53Z,2026-09-09T03:15:53Z,True
tt06_7893f985b9b8064eb1d6ee69,test,ts-config-service,0,0,0,2026-09-09T03:00:53Z,2026-09-09T03:15:53Z,True
tt06_7893f985b9b8064eb1d6ee69,test,ts-contacts-service,0,0,0,2026-09-09T03:00:53Z,2026-09-09T03:15:53Z,True
tt06_7893f985b9b8064eb1d6ee69,test,ts-gateway-service,0,0,0,2026-09-09T03:00:53Z,2026-09-09T03:15:53Z,True
tt06_7893f985b9b8064eb1d6ee69,test,ts-order-other-service,0,0,0,2026-09-09T03:00:53Z,2026-09-09T03:15:53Z,True
tt06_7893f985b9b8064eb1d6ee69,test,ts-order-service,0,0,0,2026-09-09T03:00:53Z,2026-09-09T03:15:53Z,True
tt06_7893f985b9b8064eb1d6ee69,test,ts-price-service,40,16,24,2026-09-09T03:00:53Z,2026-09-09T03:15:53Z,True
tt06_7893f985b9b8064eb1d6ee69,test,ts-route-service,20,8,12,2026-09-09T03:00:53Z,2026-09-09T03:15:53Z,True
tt06_7893f985b9b8064eb1d6ee69,test,ts-seat-service,0,0,0,2026-09-09T03:00:53Z,2026-09-09T03:15:53Z,True
tt06_7893f985b9b8064eb1d6ee69,test,ts-station-service,744,0,522,2026-09-09T03:00:53Z,2026-09-09T03:15:53Z,True
tt06_7893f985b9b8064eb1d6ee69,test,ts-train-service,80,32,48,2026-09-09T03:00:53Z,2026-09-09T03:15:53Z,True
tt06_7893f985b9b8064eb1d6ee69,test,ts-travel-service,0,0,0,2026-09-09T03:00:53Z,2026-09-09T03:15:53Z,True
tt06_7893f985b9b8064eb1d6ee69,test,ts-travel2-service,0,0,0,2026-09-09T03:00:53Z,2026-09-09T03:15:53Z,True
tt06_7893f985b9b8064eb1d6ee69,test,ts-ui-dashboard,0,0,0,2026-09-09T03:00:53Z,2026-09-09T03:15:53Z,True
tt06_7893f985b9b8064eb1d6ee69,test,ts-user-service,0,0,0,2026-09-09T03:00:53Z,2026-09-09T03:15:53Z,True
tt06_7893f985b9b8064eb1d6ee69,test,tsdb-mysql,548,180,270,2026-09-09T03:00:53Z,2026-09-09T03:15:53Z,True
tt06_7cc3493d058607c772875691,test,nacos,0,0,0,2026-09-09T01:43:22.895284+00:00,2026-09-09T01:58:22Z,True
tt06_7cc3493d058607c772875691,test,nacosdb-mysql,546,181,270,2026-09-09T01:43:22.895284+00:00,2026-09-09T01:58:22Z,True
tt06_7cc3493d058607c772875691,test,rabbitmq,0,0,0,2026-09-09T01:43:22.895284+00:00,2026-09-09T01:58:22Z,True
tt06_7cc3493d058607c772875691,test,ts-auth-service,0,0,0,2026-09-09T01:43:22.895284+00:00,2026-09-09T01:58:22Z,True
tt06_7cc3493d058607c772875691,test,ts-basic-service,0,0,0,2026-09-09T01:43:22.895284+00:00,2026-09-09T01:58:22Z,True
tt06_7cc3493d058607c772875691,test,ts-config-service,0,0,0,2026-09-09T01:43:22.895284+00:00,2026-09-09T01:58:22Z,True
tt06_7cc3493d058607c772875691,test,ts-contacts-service,0,0,0,2026-09-09T01:43:22.895284+00:00,2026-09-09T01:58:22Z,True
tt06_7cc3493d058607c772875691,test,ts-gateway-service,0,0,0,2026-09-09T01:43:22.895284+00:00,2026-09-09T01:58:22Z,True
tt06_7cc3493d058607c772875691,test,ts-order-other-service,0,0,0,2026-09-09T01:43:22.895284+00:00,2026-09-09T01:58:22Z,True
tt06_7cc3493d058607c772875691,test,ts-order-service,0,0,0,2026-09-09T01:43:22.895284+00:00,2026-09-09T01:58:22Z,True
tt06_7cc3493d058607c772875691,test,ts-price-service,42,16,24,2026-09-09T01:43:22.895284+00:00,2026-09-09T01:58:22Z,True
tt06_7cc3493d058607c772875691,test,ts-route-service,158,32,48,2026-09-09T01:43:22.895284+00:00,2026-09-09T01:58:22Z,True
tt06_7cc3493d058607c772875691,test,ts-seat-service,0,0,0,2026-09-09T01:43:22.895284+00:00,2026-09-09T01:58:22Z,True
tt06_7cc3493d058607c772875691,test,ts-station-service,0,0,0,2026-09-09T01:43:22.895284+00:00,2026-09-09T01:58:22Z,True
tt06_7cc3493d058607c772875691,test,ts-train-service,21,8,12,2026-09-09T01:43:22.895284+00:00,2026-09-09T01:58:22Z,True
tt06_7cc3493d058607c772875691,test,ts-travel-service,0,0,0,2026-09-09T01:43:22.895284+00:00,2026-09-09T01:58:22Z,True
tt06_7cc3493d058607c772875691,test,ts-travel2-service,0,0,0,2026-09-09T01:43:22.895284+00:00,2026-09-09T01:58:22Z,True
tt06_7cc3493d058607c772875691,test,ts-ui-dashboard,0,0,0,2026-09-09T01:43:22.895284+00:00,2026-09-09T01:58:22Z,True
tt06_7cc3493d058607c772875691,test,ts-user-service,0,0,0,2026-09-09T01:43:22.895284+00:00,2026-09-09T01:58:22Z,True
tt06_7cc3493d058607c772875691,test,tsdb-mysql,546,180,268,2026-09-09T01:43:22.895284+00:00,2026-09-09T01:58:22Z,True
tt06_842c1f8fb91c6b4c2abc7d8d,test,nacos,0,0,0,2026-09-08T14:09:14.841012+00:00,2026-09-08T14:24:14Z,True
tt06_842c1f8fb91c6b4c2abc7d8d,test,nacosdb-mysql,548,180,270,2026-09-08T14:09:14.841012+00:00,2026-09-08T14:24:14Z,True
tt06_842c1f8fb91c6b4c2abc7d8d,test,rabbitmq,0,0,0,2026-09-08T14:09:14.841012+00:00,2026-09-08T14:24:14Z,True
tt06_842c1f8fb91c6b4c2abc7d8d,test,ts-auth-service,0,0,0,2026-09-08T14:09:14.841012+00:00,2026-09-08T14:24:14Z,True
tt06_842c1f8fb91c6b4c2abc7d8d,test,ts-basic-service,0,0,0,2026-09-08T14:09:14.841012+00:00,2026-09-08T14:24:14Z,True
tt06_842c1f8fb91c6b4c2abc7d8d,test,ts-config-service,0,0,0,2026-09-08T14:09:14.841012+00:00,2026-09-08T14:24:14Z,True
tt06_842c1f8fb91c6b4c2abc7d8d,test,ts-contacts-service,0,0,0,2026-09-08T14:09:14.841012+00:00,2026-09-08T14:24:14Z,True
tt06_842c1f8fb91c6b4c2abc7d8d,test,ts-gateway-service,0,0,0,2026-09-08T14:09:14.841012+00:00,2026-09-08T14:24:14Z,True
tt06_842c1f8fb91c6b4c2abc7d8d,test,ts-order-other-service,0,0,0,2026-09-08T14:09:14.841012+00:00,2026-09-08T14:24:14Z,True
tt06_842c1f8fb91c6b4c2abc7d8d,test,ts-order-service,0,0,0,2026-09-08T14:09:14.841012+00:00,2026-09-08T14:24:14Z,True
tt06_842c1f8fb91c6b4c2abc7d8d,test,ts-price-service,42,16,24,2026-09-08T14:09:14.841012+00:00,2026-09-08T14:24:14Z,True
tt06_842c1f8fb91c6b4c2abc7d8d,test,ts-route-service,81,32,48,2026-09-08T14:09:14.841012+00:00,2026-09-08T14:24:14Z,True
tt06_842c1f8fb91c6b4c2abc7d8d,test,ts-seat-service,0,0,0,2026-09-08T14:09:14.841012+00:00,2026-09-08T14:24:14Z,True
tt06_842c1f8fb91c6b4c2abc7d8d,test,ts-station-service,0,0,0,2026-09-08T14:09:14.841012+00:00,2026-09-08T14:24:14Z,True
tt06_842c1f8fb91c6b4c2abc7d8d,test,ts-train-service,21,8,12,2026-09-08T14:09:14.841012+00:00,2026-09-08T14:24:14Z,True
tt06_842c1f8fb91c6b4c2abc7d8d,test,ts-travel-service,0,0,0,2026-09-08T14:09:14.841012+00:00,2026-09-08T14:24:14Z,True
tt06_842c1f8fb91c6b4c2abc7d8d,test,ts-travel2-service,0,0,0,2026-09-08T14:09:14.841012+00:00,2026-09-08T14:24:14Z,True
tt06_842c1f8fb91c6b4c2abc7d8d,test,ts-ui-dashboard,0,0,0,2026-09-08T14:09:14.841012+00:00,2026-09-08T14:24:14Z,True
tt06_842c1f8fb91c6b4c2abc7d8d,test,ts-user-service,0,0,0,2026-09-08T14:09:14.841012+00:00,2026-09-08T14:24:14Z,True
tt06_842c1f8fb91c6b4c2abc7d8d,test,tsdb-mysql,548,180,270,2026-09-08T14:09:14.841012+00:00,2026-09-08T14:24:14Z,True
tt06_850dbd452680dcce849af4fc,test,nacos,0,0,0,2026-09-08T03:12:29Z,2026-09-08T03:27:29Z,True
tt06_850dbd452680dcce849af4fc,test,nacosdb-mysql,548,180,270,2026-09-08T03:12:29Z,2026-09-08T03:27:29Z,True
tt06_850dbd452680dcce849af4fc,test,rabbitmq,0,0,0,2026-09-08T03:12:29Z,2026-09-08T03:27:29Z,True
tt06_850dbd452680dcce849af4fc,test,ts-auth-service,0,0,0,2026-09-08T03:12:29Z,2026-09-08T03:27:29Z,True
tt06_850dbd452680dcce849af4fc,test,ts-basic-service,0,0,0,2026-09-08T03:12:29Z,2026-09-08T03:27:29Z,True
tt06_850dbd452680dcce849af4fc,test,ts-config-service,0,0,0,2026-09-08T03:12:29Z,2026-09-08T03:27:29Z,True
tt06_850dbd452680dcce849af4fc,test,ts-contacts-service,0,0,0,2026-09-08T03:12:29Z,2026-09-08T03:27:29Z,True
tt06_850dbd452680dcce849af4fc,test,ts-gateway-service,0,0,0,2026-09-08T03:12:29Z,2026-09-08T03:27:29Z,True
tt06_850dbd452680dcce849af4fc,test,ts-order-other-service,0,0,0,2026-09-08T03:12:29Z,2026-09-08T03:27:29Z,True
tt06_850dbd452680dcce849af4fc,test,ts-order-service,0,0,0,2026-09-08T03:12:29Z,2026-09-08T03:27:29Z,True
tt06_850dbd452680dcce849af4fc,test,ts-price-service,63,48,15,2026-09-08T03:12:29Z,2026-09-08T03:27:29Z,True
tt06_850dbd452680dcce849af4fc,test,ts-route-service,60,24,36,2026-09-08T03:12:29Z,2026-09-08T03:27:29Z,True
tt06_850dbd452680dcce849af4fc,test,ts-seat-service,0,0,0,2026-09-08T03:12:29Z,2026-09-08T03:27:29Z,True
tt06_850dbd452680dcce849af4fc,test,ts-station-service,0,0,0,2026-09-08T03:12:29Z,2026-09-08T03:27:29Z,True
tt06_850dbd452680dcce849af4fc,test,ts-train-service,56,24,32,2026-09-08T03:12:29Z,2026-09-08T03:27:29Z,True
tt06_850dbd452680dcce849af4fc,test,ts-travel-service,0,0,0,2026-09-08T03:12:29Z,2026-09-08T03:27:29Z,True
tt06_850dbd452680dcce849af4fc,test,ts-travel2-service,0,0,0,2026-09-08T03:12:29Z,2026-09-08T03:27:29Z,True
tt06_850dbd452680dcce849af4fc,test,ts-ui-dashboard,0,0,0,2026-09-08T03:12:29Z,2026-09-08T03:27:29Z,True
tt06_850dbd452680dcce849af4fc,test,ts-user-service,0,0,0,2026-09-08T03:12:29Z,2026-09-08T03:27:29Z,True
tt06_850dbd452680dcce849af4fc,test,tsdb-mysql,548,180,270,2026-09-08T03:12:29Z,2026-09-08T03:27:29Z,True
tt06_86c6a964017a5374403c90fc,test,nacos,0,0,0,2026-09-06T22:26:41.330344+00:00,2026-09-06T22:41:41Z,True
tt06_86c6a964017a5374403c90fc,test,nacosdb-mysql,547,180,270,2026-09-06T22:26:41.330344+00:00,2026-09-06T22:41:41Z,True
tt06_86c6a964017a5374403c90fc,test,rabbitmq,0,0,0,2026-09-06T22:26:41.330344+00:00,2026-09-06T22:41:41Z,True
tt06_86c6a964017a5374403c90fc,test,ts-auth-service,0,0,0,2026-09-06T22:26:41.330344+00:00,2026-09-06T22:41:41Z,True
tt06_86c6a964017a5374403c90fc,test,ts-basic-service,0,0,0,2026-09-06T22:26:41.330344+00:00,2026-09-06T22:41:41Z,True
tt06_86c6a964017a5374403c90fc,test,ts-config-service,0,0,0,2026-09-06T22:26:41.330344+00:00,2026-09-06T22:41:41Z,True
tt06_86c6a964017a5374403c90fc,test,ts-contacts-service,0,0,0,2026-09-06T22:26:41.330344+00:00,2026-09-06T22:41:41Z,True
tt06_86c6a964017a5374403c90fc,test,ts-gateway-service,0,0,0,2026-09-06T22:26:41.330344+00:00,2026-09-06T22:41:41Z,True
tt06_86c6a964017a5374403c90fc,test,ts-order-other-service,0,0,0,2026-09-06T22:26:41.330344+00:00,2026-09-06T22:41:41Z,True
tt06_86c6a964017a5374403c90fc,test,ts-order-service,0,0,0,2026-09-06T22:26:41.330344+00:00,2026-09-06T22:41:41Z,True
tt06_86c6a964017a5374403c90fc,test,ts-price-service,42,16,24,2026-09-06T22:26:41.330344+00:00,2026-09-06T22:41:41Z,True
tt06_86c6a964017a5374403c90fc,test,ts-route-service,21,8,12,2026-09-06T22:26:41.330344+00:00,2026-09-06T22:41:41Z,True
tt06_86c6a964017a5374403c90fc,test,ts-seat-service,0,0,0,2026-09-06T22:26:41.330344+00:00,2026-09-06T22:41:41Z,True
tt06_86c6a964017a5374403c90fc,test,ts-station-service,80,0,0,2026-09-06T22:26:41.330344+00:00,2026-09-06T22:41:41Z,True
tt06_86c6a964017a5374403c90fc,test,ts-train-service,81,32,48,2026-09-06T22:26:41.330344+00:00,2026-09-06T22:41:41Z,True
tt06_86c6a964017a5374403c90fc,test,ts-travel-service,0,0,0,2026-09-06T22:26:41.330344+00:00,2026-09-06T22:41:41Z,True
tt06_86c6a964017a5374403c90fc,test,ts-travel2-service,0,0,0,2026-09-06T22:26:41.330344+00:00,2026-09-06T22:41:41Z,True
tt06_86c6a964017a5374403c90fc,test,ts-ui-dashboard,0,0,0,2026-09-06T22:26:41.330344+00:00,2026-09-06T22:41:41Z,True
tt06_86c6a964017a5374403c90fc,test,ts-user-service,0,0,0,2026-09-06T22:26:41.330344+00:00,2026-09-06T22:41:41Z,True
tt06_86c6a964017a5374403c90fc,test,tsdb-mysql,547,180,270,2026-09-06T22:26:41.330344+00:00,2026-09-06T22:41:41Z,True
tt06_88a309d339300aeb262ab3bf,test,nacos,0,0,0,2026-09-08T09:01:24.629210+00:00,2026-09-08T09:16:24Z,True
tt06_88a309d339300aeb262ab3bf,test,nacosdb-mysql,548,180,270,2026-09-08T09:01:24.629210+00:00,2026-09-08T09:16:24Z,True
tt06_88a309d339300aeb262ab3bf,test,rabbitmq,0,0,0,2026-09-08T09:01:24.629210+00:00,2026-09-08T09:16:24Z,True
tt06_88a309d339300aeb262ab3bf,test,ts-auth-service,0,0,0,2026-09-08T09:01:24.629210+00:00,2026-09-08T09:16:24Z,True
tt06_88a309d339300aeb262ab3bf,test,ts-basic-service,0,0,0,2026-09-08T09:01:24.629210+00:00,2026-09-08T09:16:24Z,True
tt06_88a309d339300aeb262ab3bf,test,ts-config-service,0,0,0,2026-09-08T09:01:24.629210+00:00,2026-09-08T09:16:24Z,True
tt06_88a309d339300aeb262ab3bf,test,ts-contacts-service,0,0,0,2026-09-08T09:01:24.629210+00:00,2026-09-08T09:16:24Z,True
tt06_88a309d339300aeb262ab3bf,test,ts-gateway-service,0,0,0,2026-09-08T09:01:24.629210+00:00,2026-09-08T09:16:24Z,True
tt06_88a309d339300aeb262ab3bf,test,ts-order-other-service,0,0,0,2026-09-08T09:01:24.629210+00:00,2026-09-08T09:16:24Z,True
tt06_88a309d339300aeb262ab3bf,test,ts-order-service,0,0,0,2026-09-08T09:01:24.629210+00:00,2026-09-08T09:16:24Z,True
tt06_88a309d339300aeb262ab3bf,test,ts-price-service,74,30,42,2026-09-08T09:01:24.629210+00:00,2026-09-08T09:16:24Z,True
tt06_88a309d339300aeb262ab3bf,test,ts-route-service,40,15,24,2026-09-08T09:01:24.629210+00:00,2026-09-08T09:16:24Z,True
tt06_88a309d339300aeb262ab3bf,test,ts-seat-service,0,0,0,2026-09-08T09:01:24.629210+00:00,2026-09-08T09:16:24Z,True
tt06_88a309d339300aeb262ab3bf,test,ts-station-service,0,0,0,2026-09-08T09:01:24.629210+00:00,2026-09-08T09:16:24Z,True
tt06_88a309d339300aeb262ab3bf,test,ts-train-service,39,15,23,2026-09-08T09:01:24.629210+00:00,2026-09-08T09:16:24Z,True
tt06_88a309d339300aeb262ab3bf,test,ts-travel-service,0,0,0,2026-09-08T09:01:24.629210+00:00,2026-09-08T09:16:24Z,True
tt06_88a309d339300aeb262ab3bf,test,ts-travel2-service,0,0,0,2026-09-08T09:01:24.629210+00:00,2026-09-08T09:16:24Z,True
tt06_88a309d339300aeb262ab3bf,test,ts-ui-dashboard,0,0,0,2026-09-08T09:01:24.629210+00:00,2026-09-08T09:16:24Z,True
tt06_88a309d339300aeb262ab3bf,test,ts-user-service,0,0,0,2026-09-08T09:01:24.629210+00:00,2026-09-08T09:16:24Z,True
tt06_88a309d339300aeb262ab3bf,test,tsdb-mysql,548,180,270,2026-09-08T09:01:24.629210+00:00,2026-09-08T09:16:24Z,True
tt06_897ce2c0b6e386557f22b5c6,test,nacos,0,0,0,2026-09-07T15:02:21Z,2026-09-07T15:17:21Z,True
tt06_897ce2c0b6e386557f22b5c6,test,nacosdb-mysql,548,182,270,2026-09-07T15:02:21Z,2026-09-07T15:17:21Z,True
tt06_897ce2c0b6e386557f22b5c6,test,rabbitmq,0,0,0,2026-09-07T15:02:21Z,2026-09-07T15:17:21Z,True
tt06_897ce2c0b6e386557f22b5c6,test,ts-auth-service,0,0,0,2026-09-07T15:02:21Z,2026-09-07T15:17:21Z,True
tt06_897ce2c0b6e386557f22b5c6,test,ts-basic-service,0,0,0,2026-09-07T15:02:21Z,2026-09-07T15:17:21Z,True
tt06_897ce2c0b6e386557f22b5c6,test,ts-config-service,0,0,0,2026-09-07T15:02:21Z,2026-09-07T15:17:21Z,True
tt06_897ce2c0b6e386557f22b5c6,test,ts-contacts-service,0,0,0,2026-09-07T15:02:21Z,2026-09-07T15:17:21Z,True
tt06_897ce2c0b6e386557f22b5c6,test,ts-gateway-service,6,0,6,2026-09-07T15:02:21Z,2026-09-07T15:17:21Z,True
tt06_897ce2c0b6e386557f22b5c6,test,ts-order-other-service,0,0,0,2026-09-07T15:02:21Z,2026-09-07T15:17:21Z,True
tt06_897ce2c0b6e386557f22b5c6,test,ts-order-service,0,0,0,2026-09-07T15:02:21Z,2026-09-07T15:17:21Z,True
tt06_897ce2c0b6e386557f22b5c6,test,ts-price-service,63,48,15,2026-09-07T15:02:21Z,2026-09-07T15:17:21Z,True
tt06_897ce2c0b6e386557f22b5c6,test,ts-route-service,60,24,36,2026-09-07T15:02:21Z,2026-09-07T15:17:21Z,True
tt06_897ce2c0b6e386557f22b5c6,test,ts-seat-service,0,0,0,2026-09-07T15:02:21Z,2026-09-07T15:17:21Z,True
tt06_897ce2c0b6e386557f22b5c6,test,ts-station-service,0,0,0,2026-09-07T15:02:21Z,2026-09-07T15:17:21Z,True
tt06_897ce2c0b6e386557f22b5c6,test,ts-train-service,56,24,32,2026-09-07T15:02:21Z,2026-09-07T15:17:21Z,True
tt06_897ce2c0b6e386557f22b5c6,test,ts-travel-service,0,0,0,2026-09-07T15:02:21Z,2026-09-07T15:17:21Z,True
tt06_897ce2c0b6e386557f22b5c6,test,ts-travel2-service,0,0,0,2026-09-07T15:02:21Z,2026-09-07T15:17:21Z,True
tt06_897ce2c0b6e386557f22b5c6,test,ts-ui-dashboard,0,0,0,2026-09-07T15:02:21Z,2026-09-07T15:17:21Z,True
tt06_897ce2c0b6e386557f22b5c6,test,ts-user-service,0,0,0,2026-09-07T15:02:21Z,2026-09-07T15:17:21Z,True
tt06_897ce2c0b6e386557f22b5c6,test,tsdb-mysql,548,180,270,2026-09-07T15:02:21Z,2026-09-07T15:17:21Z,True
tt06_8f55758b2754b3f0820a0ed2,test,nacos,0,0,0,2026-09-06T14:06:41Z,2026-09-06T14:21:41Z,True
tt06_8f55758b2754b3f0820a0ed2,test,nacosdb-mysql,548,182,270,2026-09-06T14:06:41Z,2026-09-06T14:21:41Z,True
tt06_8f55758b2754b3f0820a0ed2,test,rabbitmq,0,0,0,2026-09-06T14:06:41Z,2026-09-06T14:21:41Z,True
tt06_8f55758b2754b3f0820a0ed2,test,ts-auth-service,0,0,0,2026-09-06T14:06:41Z,2026-09-06T14:21:41Z,True
tt06_8f55758b2754b3f0820a0ed2,test,ts-basic-service,0,0,0,2026-09-06T14:06:41Z,2026-09-06T14:21:41Z,True
tt06_8f55758b2754b3f0820a0ed2,test,ts-config-service,0,0,0,2026-09-06T14:06:41Z,2026-09-06T14:21:41Z,True
tt06_8f55758b2754b3f0820a0ed2,test,ts-contacts-service,0,0,0,2026-09-06T14:06:41Z,2026-09-06T14:21:41Z,True
tt06_8f55758b2754b3f0820a0ed2,test,ts-gateway-service,0,0,0,2026-09-06T14:06:41Z,2026-09-06T14:21:41Z,True
tt06_8f55758b2754b3f0820a0ed2,test,ts-order-other-service,0,0,0,2026-09-06T14:06:41Z,2026-09-06T14:21:41Z,True
tt06_8f55758b2754b3f0820a0ed2,test,ts-order-service,0,0,0,2026-09-06T14:06:41Z,2026-09-06T14:21:41Z,True
tt06_8f55758b2754b3f0820a0ed2,test,ts-price-service,40,16,24,2026-09-06T14:06:41Z,2026-09-06T14:21:41Z,True
tt06_8f55758b2754b3f0820a0ed2,test,ts-route-service,20,8,12,2026-09-06T14:06:41Z,2026-09-06T14:21:41Z,True
tt06_8f55758b2754b3f0820a0ed2,test,ts-seat-service,0,0,0,2026-09-06T14:06:41Z,2026-09-06T14:21:41Z,True
tt06_8f55758b2754b3f0820a0ed2,test,ts-station-service,0,0,0,2026-09-06T14:06:41Z,2026-09-06T14:21:41Z,True
tt06_8f55758b2754b3f0820a0ed2,test,ts-train-service,7673,32,6882,2026-09-06T14:06:41Z,2026-09-06T14:21:41Z,True
tt06_8f55758b2754b3f0820a0ed2,test,ts-travel-service,0,0,0,2026-09-06T14:06:41Z,2026-09-06T14:21:41Z,True
tt06_8f55758b2754b3f0820a0ed2,test,ts-travel2-service,0,0,0,2026-09-06T14:06:41Z,2026-09-06T14:21:41Z,True
tt06_8f55758b2754b3f0820a0ed2,test,ts-ui-dashboard,0,0,0,2026-09-06T14:06:41Z,2026-09-06T14:21:41Z,True
tt06_8f55758b2754b3f0820a0ed2,test,ts-user-service,0,0,0,2026-09-06T14:06:41Z,2026-09-06T14:21:41Z,True
tt06_8f55758b2754b3f0820a0ed2,test,tsdb-mysql,546,180,270,2026-09-06T14:06:41Z,2026-09-06T14:21:41Z,True
tt06_93b5513190d67abe1acbf6e0,test,nacos,0,0,0,2026-09-08T19:16:50.073083+00:00,2026-09-08T19:31:50Z,True
tt06_93b5513190d67abe1acbf6e0,test,nacosdb-mysql,547,180,269,2026-09-08T19:16:50.073083+00:00,2026-09-08T19:31:50Z,True
tt06_93b5513190d67abe1acbf6e0,test,rabbitmq,0,0,0,2026-09-08T19:16:50.073083+00:00,2026-09-08T19:31:50Z,True
tt06_93b5513190d67abe1acbf6e0,test,ts-auth-service,0,0,0,2026-09-08T19:16:50.073083+00:00,2026-09-08T19:31:50Z,True
tt06_93b5513190d67abe1acbf6e0,test,ts-basic-service,0,0,0,2026-09-08T19:16:50.073083+00:00,2026-09-08T19:31:50Z,True
tt06_93b5513190d67abe1acbf6e0,test,ts-config-service,0,0,0,2026-09-08T19:16:50.073083+00:00,2026-09-08T19:31:50Z,True
tt06_93b5513190d67abe1acbf6e0,test,ts-contacts-service,0,0,0,2026-09-08T19:16:50.073083+00:00,2026-09-08T19:31:50Z,True
tt06_93b5513190d67abe1acbf6e0,test,ts-gateway-service,0,0,0,2026-09-08T19:16:50.073083+00:00,2026-09-08T19:31:50Z,True
tt06_93b5513190d67abe1acbf6e0,test,ts-order-other-service,0,0,0,2026-09-08T19:16:50.073083+00:00,2026-09-08T19:31:50Z,True
tt06_93b5513190d67abe1acbf6e0,test,ts-order-service,0,0,0,2026-09-08T19:16:50.073083+00:00,2026-09-08T19:31:50Z,True
tt06_93b5513190d67abe1acbf6e0,test,ts-price-service,42,16,24,2026-09-08T19:16:50.073083+00:00,2026-09-08T19:31:50Z,True
tt06_93b5513190d67abe1acbf6e0,test,ts-route-service,21,8,12,2026-09-08T19:16:50.073083+00:00,2026-09-08T19:31:50Z,True
tt06_93b5513190d67abe1acbf6e0,test,ts-seat-service,0,0,0,2026-09-08T19:16:50.073083+00:00,2026-09-08T19:31:50Z,True
tt06_93b5513190d67abe1acbf6e0,test,ts-station-service,0,0,0,2026-09-08T19:16:50.073083+00:00,2026-09-08T19:31:50Z,True
tt06_93b5513190d67abe1acbf6e0,test,ts-train-service,81,32,48,2026-09-08T19:16:50.073083+00:00,2026-09-08T19:31:50Z,True
tt06_93b5513190d67abe1acbf6e0,test,ts-travel-service,0,0,0,2026-09-08T19:16:50.073083+00:00,2026-09-08T19:31:50Z,True
tt06_93b5513190d67abe1acbf6e0,test,ts-travel2-service,0,0,0,2026-09-08T19:16:50.073083+00:00,2026-09-08T19:31:50Z,True
tt06_93b5513190d67abe1acbf6e0,test,ts-ui-dashboard,0,0,0,2026-09-08T19:16:50.073083+00:00,2026-09-08T19:31:50Z,True
tt06_93b5513190d67abe1acbf6e0,test,ts-user-service,0,0,0,2026-09-08T19:16:50.073083+00:00,2026-09-08T19:31:50Z,True
tt06_93b5513190d67abe1acbf6e0,test,tsdb-mysql,547,180,270,2026-09-08T19:16:50.073083+00:00,2026-09-08T19:31:50Z,True
tt06_9534dd9a899bc1ecbfb10b8f,test,nacos,0,0,0,2026-09-08T21:13:36.643636+00:00,2026-09-08T21:28:36Z,True
tt06_9534dd9a899bc1ecbfb10b8f,test,nacosdb-mysql,548,180,270,2026-09-08T21:13:36.643636+00:00,2026-09-08T21:28:36Z,True
tt06_9534dd9a899bc1ecbfb10b8f,test,rabbitmq,0,0,0,2026-09-08T21:13:36.643636+00:00,2026-09-08T21:28:36Z,True
tt06_9534dd9a899bc1ecbfb10b8f,test,ts-auth-service,0,0,0,2026-09-08T21:13:36.643636+00:00,2026-09-08T21:28:36Z,True
tt06_9534dd9a899bc1ecbfb10b8f,test,ts-basic-service,0,0,0,2026-09-08T21:13:36.643636+00:00,2026-09-08T21:28:36Z,True
tt06_9534dd9a899bc1ecbfb10b8f,test,ts-config-service,0,0,0,2026-09-08T21:13:36.643636+00:00,2026-09-08T21:28:36Z,True
tt06_9534dd9a899bc1ecbfb10b8f,test,ts-contacts-service,0,0,0,2026-09-08T21:13:36.643636+00:00,2026-09-08T21:28:36Z,True
tt06_9534dd9a899bc1ecbfb10b8f,test,ts-gateway-service,0,0,0,2026-09-08T21:13:36.643636+00:00,2026-09-08T21:28:36Z,True
tt06_9534dd9a899bc1ecbfb10b8f,test,ts-order-other-service,0,0,0,2026-09-08T21:13:36.643636+00:00,2026-09-08T21:28:36Z,True
tt06_9534dd9a899bc1ecbfb10b8f,test,ts-order-service,0,0,0,2026-09-08T21:13:36.643636+00:00,2026-09-08T21:28:36Z,True
tt06_9534dd9a899bc1ecbfb10b8f,test,ts-price-service,42,16,24,2026-09-08T21:13:36.643636+00:00,2026-09-08T21:28:36Z,True
tt06_9534dd9a899bc1ecbfb10b8f,test,ts-route-service,21,8,12,2026-09-08T21:13:36.643636+00:00,2026-09-08T21:28:36Z,True
tt06_9534dd9a899bc1ecbfb10b8f,test,ts-seat-service,0,0,0,2026-09-08T21:13:36.643636+00:00,2026-09-08T21:28:36Z,True
tt06_9534dd9a899bc1ecbfb10b8f,test,ts-station-service,0,0,0,2026-09-08T21:13:36.643636+00:00,2026-09-08T21:28:36Z,True
tt06_9534dd9a899bc1ecbfb10b8f,test,ts-train-service,154,32,48,2026-09-08T21:13:36.643636+00:00,2026-09-08T21:28:36Z,True
tt06_9534dd9a899bc1ecbfb10b8f,test,ts-travel-service,0,0,0,2026-09-08T21:13:36.643636+00:00,2026-09-08T21:28:36Z,True
tt06_9534dd9a899bc1ecbfb10b8f,test,ts-travel2-service,0,0,0,2026-09-08T21:13:36.643636+00:00,2026-09-08T21:28:36Z,True
tt06_9534dd9a899bc1ecbfb10b8f,test,ts-ui-dashboard,0,0,0,2026-09-08T21:13:36.643636+00:00,2026-09-08T21:28:36Z,True
tt06_9534dd9a899bc1ecbfb10b8f,test,ts-user-service,0,0,0,2026-09-08T21:13:36.643636+00:00,2026-09-08T21:28:36Z,True
tt06_9534dd9a899bc1ecbfb10b8f,test,tsdb-mysql,548,180,270,2026-09-08T21:13:36.643636+00:00,2026-09-08T21:28:36Z,True
tt06_962243546459b64e5ff9954d,test,nacos,0,0,0,2026-09-07T23:24:03.488967+00:00,2026-09-07T23:39:03Z,True
tt06_962243546459b64e5ff9954d,test,nacosdb-mysql,548,180,270,2026-09-07T23:24:03.488967+00:00,2026-09-07T23:39:03Z,True
tt06_962243546459b64e5ff9954d,test,rabbitmq,0,0,0,2026-09-07T23:24:03.488967+00:00,2026-09-07T23:39:03Z,True
tt06_962243546459b64e5ff9954d,test,ts-auth-service,0,0,0,2026-09-07T23:24:03.488967+00:00,2026-09-07T23:39:03Z,True
tt06_962243546459b64e5ff9954d,test,ts-basic-service,0,0,0,2026-09-07T23:24:03.488967+00:00,2026-09-07T23:39:03Z,True
tt06_962243546459b64e5ff9954d,test,ts-config-service,0,0,0,2026-09-07T23:24:03.488967+00:00,2026-09-07T23:39:03Z,True
tt06_962243546459b64e5ff9954d,test,ts-contacts-service,0,0,0,2026-09-07T23:24:03.488967+00:00,2026-09-07T23:39:03Z,True
tt06_962243546459b64e5ff9954d,test,ts-gateway-service,0,0,0,2026-09-07T23:24:03.488967+00:00,2026-09-07T23:39:03Z,True
tt06_962243546459b64e5ff9954d,test,ts-order-other-service,0,0,0,2026-09-07T23:24:03.488967+00:00,2026-09-07T23:39:03Z,True
tt06_962243546459b64e5ff9954d,test,ts-order-service,0,0,0,2026-09-07T23:24:03.488967+00:00,2026-09-07T23:39:03Z,True
tt06_962243546459b64e5ff9954d,test,ts-price-service,74,30,42,2026-09-07T23:24:03.488967+00:00,2026-09-07T23:39:03Z,True
tt06_962243546459b64e5ff9954d,test,ts-route-service,40,15,24,2026-09-07T23:24:03.488967+00:00,2026-09-07T23:39:03Z,True
tt06_962243546459b64e5ff9954d,test,ts-seat-service,0,0,0,2026-09-07T23:24:03.488967+00:00,2026-09-07T23:39:03Z,True
tt06_962243546459b64e5ff9954d,test,ts-station-service,0,0,0,2026-09-07T23:24:03.488967+00:00,2026-09-07T23:39:03Z,True
tt06_962243546459b64e5ff9954d,test,ts-train-service,39,15,23,2026-09-07T23:24:03.488967+00:00,2026-09-07T23:39:03Z,True
tt06_962243546459b64e5ff9954d,test,ts-travel-service,0,0,0,2026-09-07T23:24:03.488967+00:00,2026-09-07T23:39:03Z,True
tt06_962243546459b64e5ff9954d,test,ts-travel2-service,0,0,0,2026-09-07T23:24:03.488967+00:00,2026-09-07T23:39:03Z,True
tt06_962243546459b64e5ff9954d,test,ts-ui-dashboard,0,0,0,2026-09-07T23:24:03.488967+00:00,2026-09-07T23:39:03Z,True
tt06_962243546459b64e5ff9954d,test,ts-user-service,0,0,0,2026-09-07T23:24:03.488967+00:00,2026-09-07T23:39:03Z,True
tt06_962243546459b64e5ff9954d,test,tsdb-mysql,548,181,270,2026-09-07T23:24:03.488967+00:00,2026-09-07T23:39:03Z,True
tt06_966fe3ef011b749eb97a5ba4,test,nacos,0,0,0,2026-09-08T16:43:02.125073+00:00,2026-09-08T16:58:02Z,True
tt06_966fe3ef011b749eb97a5ba4,test,nacosdb-mysql,548,180,270,2026-09-08T16:43:02.125073+00:00,2026-09-08T16:58:02Z,True
tt06_966fe3ef011b749eb97a5ba4,test,rabbitmq,0,0,0,2026-09-08T16:43:02.125073+00:00,2026-09-08T16:58:02Z,True
tt06_966fe3ef011b749eb97a5ba4,test,ts-auth-service,0,0,0,2026-09-08T16:43:02.125073+00:00,2026-09-08T16:58:02Z,True
tt06_966fe3ef011b749eb97a5ba4,test,ts-basic-service,0,0,0,2026-09-08T16:43:02.125073+00:00,2026-09-08T16:58:02Z,True
tt06_966fe3ef011b749eb97a5ba4,test,ts-config-service,0,0,0,2026-09-08T16:43:02.125073+00:00,2026-09-08T16:58:02Z,True
tt06_966fe3ef011b749eb97a5ba4,test,ts-contacts-service,0,0,0,2026-09-08T16:43:02.125073+00:00,2026-09-08T16:58:02Z,True
tt06_966fe3ef011b749eb97a5ba4,test,ts-gateway-service,0,0,0,2026-09-08T16:43:02.125073+00:00,2026-09-08T16:58:02Z,True
tt06_966fe3ef011b749eb97a5ba4,test,ts-order-other-service,0,0,0,2026-09-08T16:43:02.125073+00:00,2026-09-08T16:58:02Z,True
tt06_966fe3ef011b749eb97a5ba4,test,ts-order-service,0,0,0,2026-09-08T16:43:02.125073+00:00,2026-09-08T16:58:02Z,True
tt06_966fe3ef011b749eb97a5ba4,test,ts-price-service,42,16,24,2026-09-08T16:43:02.125073+00:00,2026-09-08T16:58:02Z,True
tt06_966fe3ef011b749eb97a5ba4,test,ts-route-service,21,8,12,2026-09-08T16:43:02.125073+00:00,2026-09-08T16:58:02Z,True
tt06_966fe3ef011b749eb97a5ba4,test,ts-seat-service,0,0,0,2026-09-08T16:43:02.125073+00:00,2026-09-08T16:58:02Z,True
tt06_966fe3ef011b749eb97a5ba4,test,ts-station-service,0,0,0,2026-09-08T16:43:02.125073+00:00,2026-09-08T16:58:02Z,True
tt06_966fe3ef011b749eb97a5ba4,test,ts-train-service,81,32,48,2026-09-08T16:43:02.125073+00:00,2026-09-08T16:58:02Z,True
tt06_966fe3ef011b749eb97a5ba4,test,ts-travel-service,0,0,0,2026-09-08T16:43:02.125073+00:00,2026-09-08T16:58:02Z,True
tt06_966fe3ef011b749eb97a5ba4,test,ts-travel2-service,0,0,0,2026-09-08T16:43:02.125073+00:00,2026-09-08T16:58:02Z,True
tt06_966fe3ef011b749eb97a5ba4,test,ts-ui-dashboard,0,0,0,2026-09-08T16:43:02.125073+00:00,2026-09-08T16:58:02Z,True
tt06_966fe3ef011b749eb97a5ba4,test,ts-user-service,0,0,0,2026-09-08T16:43:02.125073+00:00,2026-09-08T16:58:02Z,True
tt06_966fe3ef011b749eb97a5ba4,test,tsdb-mysql,547,180,269,2026-09-08T16:43:02.125073+00:00,2026-09-08T16:58:02Z,True
tt06_985440295d0219273c14256a,test,nacos,0,0,0,2026-09-07T15:44:42.961537+00:00,2026-09-07T15:59:42Z,True
tt06_985440295d0219273c14256a,test,nacosdb-mysql,546,180,270,2026-09-07T15:44:42.961537+00:00,2026-09-07T15:59:42Z,True
tt06_985440295d0219273c14256a,test,rabbitmq,0,0,0,2026-09-07T15:44:42.961537+00:00,2026-09-07T15:59:42Z,True
tt06_985440295d0219273c14256a,test,ts-auth-service,0,0,0,2026-09-07T15:44:42.961537+00:00,2026-09-07T15:59:42Z,True
tt06_985440295d0219273c14256a,test,ts-basic-service,0,0,0,2026-09-07T15:44:42.961537+00:00,2026-09-07T15:59:42Z,True
tt06_985440295d0219273c14256a,test,ts-config-service,0,0,0,2026-09-07T15:44:42.961537+00:00,2026-09-07T15:59:42Z,True
tt06_985440295d0219273c14256a,test,ts-contacts-service,0,0,0,2026-09-07T15:44:42.961537+00:00,2026-09-07T15:59:42Z,True
tt06_985440295d0219273c14256a,test,ts-gateway-service,0,0,0,2026-09-07T15:44:42.961537+00:00,2026-09-07T15:59:42Z,True
tt06_985440295d0219273c14256a,test,ts-order-other-service,0,0,0,2026-09-07T15:44:42.961537+00:00,2026-09-07T15:59:42Z,True
tt06_985440295d0219273c14256a,test,ts-order-service,0,0,0,2026-09-07T15:44:42.961537+00:00,2026-09-07T15:59:42Z,True
tt06_985440295d0219273c14256a,test,ts-price-service,207,48,80,2026-09-07T15:44:42.961537+00:00,2026-09-07T15:59:42Z,True
tt06_985440295d0219273c14256a,test,ts-route-service,61,24,36,2026-09-07T15:44:42.961537+00:00,2026-09-07T15:59:42Z,True
tt06_985440295d0219273c14256a,test,ts-seat-service,0,0,0,2026-09-07T15:44:42.961537+00:00,2026-09-07T15:59:42Z,True
tt06_985440295d0219273c14256a,test,ts-station-service,0,0,0,2026-09-07T15:44:42.961537+00:00,2026-09-07T15:59:42Z,True
tt06_985440295d0219273c14256a,test,ts-train-service,57,24,32,2026-09-07T15:44:42.961537+00:00,2026-09-07T15:59:42Z,True
tt06_985440295d0219273c14256a,test,ts-travel-service,0,0,0,2026-09-07T15:44:42.961537+00:00,2026-09-07T15:59:42Z,True
tt06_985440295d0219273c14256a,test,ts-travel2-service,0,0,0,2026-09-07T15:44:42.961537+00:00,2026-09-07T15:59:42Z,True
tt06_985440295d0219273c14256a,test,ts-ui-dashboard,0,0,0,2026-09-07T15:44:42.961537+00:00,2026-09-07T15:59:42Z,True
tt06_985440295d0219273c14256a,test,ts-user-service,0,0,0,2026-09-07T15:44:42.961537+00:00,2026-09-07T15:59:42Z,True
tt06_985440295d0219273c14256a,test,tsdb-mysql,546,180,268,2026-09-07T15:44:42.961537+00:00,2026-09-07T15:59:42Z,True
tt06_996a360ac86ea35b04c09996,test,nacos,0,0,0,2026-09-07T09:54:36Z,2026-09-07T10:09:36Z,True
tt06_996a360ac86ea35b04c09996,test,nacosdb-mysql,548,181,270,2026-09-07T09:54:36Z,2026-09-07T10:09:36Z,True
tt06_996a360ac86ea35b04c09996,test,rabbitmq,0,0,0,2026-09-07T09:54:36Z,2026-09-07T10:09:36Z,True
tt06_996a360ac86ea35b04c09996,test,ts-auth-service,0,0,0,2026-09-07T09:54:36Z,2026-09-07T10:09:36Z,True
tt06_996a360ac86ea35b04c09996,test,ts-basic-service,0,0,0,2026-09-07T09:54:36Z,2026-09-07T10:09:36Z,True
tt06_996a360ac86ea35b04c09996,test,ts-config-service,0,0,0,2026-09-07T09:54:36Z,2026-09-07T10:09:36Z,True
tt06_996a360ac86ea35b04c09996,test,ts-contacts-service,0,0,0,2026-09-07T09:54:36Z,2026-09-07T10:09:36Z,True
tt06_996a360ac86ea35b04c09996,test,ts-gateway-service,0,0,0,2026-09-07T09:54:36Z,2026-09-07T10:09:36Z,True
tt06_996a360ac86ea35b04c09996,test,ts-order-other-service,0,0,0,2026-09-07T09:54:36Z,2026-09-07T10:09:36Z,True
tt06_996a360ac86ea35b04c09996,test,ts-order-service,0,0,0,2026-09-07T09:54:36Z,2026-09-07T10:09:36Z,True
tt06_996a360ac86ea35b04c09996,test,ts-price-service,40,16,24,2026-09-07T09:54:36Z,2026-09-07T10:09:36Z,True
tt06_996a360ac86ea35b04c09996,test,ts-route-service,20,8,12,2026-09-07T09:54:36Z,2026-09-07T10:09:36Z,True
tt06_996a360ac86ea35b04c09996,test,ts-seat-service,0,0,0,2026-09-07T09:54:36Z,2026-09-07T10:09:36Z,True
tt06_996a360ac86ea35b04c09996,test,ts-station-service,0,0,0,2026-09-07T09:54:36Z,2026-09-07T10:09:36Z,True
tt06_996a360ac86ea35b04c09996,test,ts-train-service,47,32,15,2026-09-07T09:54:36Z,2026-09-07T10:09:36Z,True
tt06_996a360ac86ea35b04c09996,test,ts-travel-service,0,0,0,2026-09-07T09:54:36Z,2026-09-07T10:09:36Z,True
tt06_996a360ac86ea35b04c09996,test,ts-travel2-service,0,0,0,2026-09-07T09:54:36Z,2026-09-07T10:09:36Z,True
tt06_996a360ac86ea35b04c09996,test,ts-ui-dashboard,0,0,0,2026-09-07T09:54:36Z,2026-09-07T10:09:36Z,True
tt06_996a360ac86ea35b04c09996,test,ts-user-service,0,0,0,2026-09-07T09:54:36Z,2026-09-07T10:09:36Z,True
tt06_996a360ac86ea35b04c09996,test,tsdb-mysql,547,180,270,2026-09-07T09:54:36Z,2026-09-07T10:09:36Z,True
tt06_9febfa072af91af1974d2d8e,test,nacos,0,0,0,2026-09-07T03:34:36.996212+00:00,2026-09-07T03:49:37Z,True
tt06_9febfa072af91af1974d2d8e,test,nacosdb-mysql,546,180,270,2026-09-07T03:34:36.996212+00:00,2026-09-07T03:49:37Z,True
tt06_9febfa072af91af1974d2d8e,test,rabbitmq,0,0,0,2026-09-07T03:34:36.996212+00:00,2026-09-07T03:49:37Z,True
tt06_9febfa072af91af1974d2d8e,test,ts-auth-service,0,0,0,2026-09-07T03:34:36.996212+00:00,2026-09-07T03:49:37Z,True
tt06_9febfa072af91af1974d2d8e,test,ts-basic-service,0,0,0,2026-09-07T03:34:36.996212+00:00,2026-09-07T03:49:37Z,True
tt06_9febfa072af91af1974d2d8e,test,ts-config-service,0,0,0,2026-09-07T03:34:36.996212+00:00,2026-09-07T03:49:37Z,True
tt06_9febfa072af91af1974d2d8e,test,ts-contacts-service,0,0,0,2026-09-07T03:34:36.996212+00:00,2026-09-07T03:49:37Z,True
tt06_9febfa072af91af1974d2d8e,test,ts-gateway-service,150,0,41,2026-09-07T03:34:36.996212+00:00,2026-09-07T03:49:37Z,True
tt06_9febfa072af91af1974d2d8e,test,ts-order-other-service,0,0,0,2026-09-07T03:34:36.996212+00:00,2026-09-07T03:49:37Z,True
tt06_9febfa072af91af1974d2d8e,test,ts-order-service,0,0,0,2026-09-07T03:34:36.996212+00:00,2026-09-07T03:49:37Z,True
tt06_9febfa072af91af1974d2d8e,test,ts-price-service,74,30,42,2026-09-07T03:34:36.996212+00:00,2026-09-07T03:49:37Z,True
tt06_9febfa072af91af1974d2d8e,test,ts-route-service,40,15,24,2026-09-07T03:34:36.996212+00:00,2026-09-07T03:49:37Z,True
tt06_9febfa072af91af1974d2d8e,test,ts-seat-service,0,0,0,2026-09-07T03:34:36.996212+00:00,2026-09-07T03:49:37Z,True
tt06_9febfa072af91af1974d2d8e,test,ts-station-service,0,0,0,2026-09-07T03:34:36.996212+00:00,2026-09-07T03:49:37Z,True
tt06_9febfa072af91af1974d2d8e,test,ts-train-service,39,15,23,2026-09-07T03:34:36.996212+00:00,2026-09-07T03:49:37Z,True
tt06_9febfa072af91af1974d2d8e,test,ts-travel-service,0,0,0,2026-09-07T03:34:36.996212+00:00,2026-09-07T03:49:37Z,True
tt06_9febfa072af91af1974d2d8e,test,ts-travel2-service,0,0,0,2026-09-07T03:34:36.996212+00:00,2026-09-07T03:49:37Z,True
tt06_9febfa072af91af1974d2d8e,test,ts-ui-dashboard,0,0,0,2026-09-07T03:34:36.996212+00:00,2026-09-07T03:49:37Z,True
tt06_9febfa072af91af1974d2d8e,test,ts-user-service,0,0,0,2026-09-07T03:34:36.996212+00:00,2026-09-07T03:49:37Z,True
tt06_9febfa072af91af1974d2d8e,test,tsdb-mysql,546,180,270,2026-09-07T03:34:36.996212+00:00,2026-09-07T03:49:37Z,True
tt06_a1a5b34142d2f2bb8ceb19d2,test,nacos,0,0,0,2026-09-08T10:15:58Z,2026-09-08T10:30:58Z,True
tt06_a1a5b34142d2f2bb8ceb19d2,test,nacosdb-mysql,548,180,270,2026-09-08T10:15:58Z,2026-09-08T10:30:58Z,True
tt06_a1a5b34142d2f2bb8ceb19d2,test,rabbitmq,0,0,0,2026-09-08T10:15:58Z,2026-09-08T10:30:58Z,True
tt06_a1a5b34142d2f2bb8ceb19d2,test,ts-auth-service,0,0,0,2026-09-08T10:15:58Z,2026-09-08T10:30:58Z,True
tt06_a1a5b34142d2f2bb8ceb19d2,test,ts-basic-service,0,0,0,2026-09-08T10:15:58Z,2026-09-08T10:30:58Z,True
tt06_a1a5b34142d2f2bb8ceb19d2,test,ts-config-service,0,0,0,2026-09-08T10:15:58Z,2026-09-08T10:30:58Z,True
tt06_a1a5b34142d2f2bb8ceb19d2,test,ts-contacts-service,0,0,0,2026-09-08T10:15:58Z,2026-09-08T10:30:58Z,True
tt06_a1a5b34142d2f2bb8ceb19d2,test,ts-gateway-service,12,0,12,2026-09-08T10:15:58Z,2026-09-08T10:30:58Z,True
tt06_a1a5b34142d2f2bb8ceb19d2,test,ts-order-other-service,0,0,0,2026-09-08T10:15:58Z,2026-09-08T10:30:58Z,True
tt06_a1a5b34142d2f2bb8ceb19d2,test,ts-order-service,0,0,0,2026-09-08T10:15:58Z,2026-09-08T10:30:58Z,True
tt06_a1a5b34142d2f2bb8ceb19d2,test,ts-price-service,30,30,0,2026-09-08T10:15:58Z,2026-09-08T10:30:58Z,True
tt06_a1a5b34142d2f2bb8ceb19d2,test,ts-route-service,15,15,0,2026-09-08T10:15:58Z,2026-09-08T10:30:58Z,True
tt06_a1a5b34142d2f2bb8ceb19d2,test,ts-seat-service,0,0,0,2026-09-08T10:15:58Z,2026-09-08T10:30:58Z,True
tt06_a1a5b34142d2f2bb8ceb19d2,test,ts-station-service,0,0,0,2026-09-08T10:15:58Z,2026-09-08T10:30:58Z,True
tt06_a1a5b34142d2f2bb8ceb19d2,test,ts-train-service,15,15,0,2026-09-08T10:15:58Z,2026-09-08T10:30:58Z,True
tt06_a1a5b34142d2f2bb8ceb19d2,test,ts-travel-service,0,0,0,2026-09-08T10:15:58Z,2026-09-08T10:30:58Z,True
tt06_a1a5b34142d2f2bb8ceb19d2,test,ts-travel2-service,0,0,0,2026-09-08T10:15:58Z,2026-09-08T10:30:58Z,True
tt06_a1a5b34142d2f2bb8ceb19d2,test,ts-ui-dashboard,0,0,0,2026-09-08T10:15:58Z,2026-09-08T10:30:58Z,True
tt06_a1a5b34142d2f2bb8ceb19d2,test,ts-user-service,0,0,0,2026-09-08T10:15:58Z,2026-09-08T10:30:58Z,True
tt06_a1a5b34142d2f2bb8ceb19d2,test,tsdb-mysql,548,181,270,2026-09-08T10:15:58Z,2026-09-08T10:30:58Z,True
tt06_a2712cbc2dabd57095b7960e,test,nacos,0,0,0,2026-09-09T05:34:41Z,2026-09-09T05:49:41Z,True
tt06_a2712cbc2dabd57095b7960e,test,nacosdb-mysql,547,180,270,2026-09-09T05:34:41Z,2026-09-09T05:49:41Z,True
tt06_a2712cbc2dabd57095b7960e,test,rabbitmq,0,0,0,2026-09-09T05:34:41Z,2026-09-09T05:49:41Z,True
tt06_a2712cbc2dabd57095b7960e,test,ts-auth-service,0,0,0,2026-09-09T05:34:41Z,2026-09-09T05:49:41Z,True
tt06_a2712cbc2dabd57095b7960e,test,ts-basic-service,0,0,0,2026-09-09T05:34:41Z,2026-09-09T05:49:41Z,True
tt06_a2712cbc2dabd57095b7960e,test,ts-config-service,0,0,0,2026-09-09T05:34:41Z,2026-09-09T05:49:41Z,True
tt06_a2712cbc2dabd57095b7960e,test,ts-contacts-service,0,0,0,2026-09-09T05:34:41Z,2026-09-09T05:49:41Z,True
tt06_a2712cbc2dabd57095b7960e,test,ts-gateway-service,0,0,0,2026-09-09T05:34:41Z,2026-09-09T05:49:41Z,True
tt06_a2712cbc2dabd57095b7960e,test,ts-order-other-service,0,0,0,2026-09-09T05:34:41Z,2026-09-09T05:49:41Z,True
tt06_a2712cbc2dabd57095b7960e,test,ts-order-service,0,0,0,2026-09-09T05:34:41Z,2026-09-09T05:49:41Z,True
tt06_a2712cbc2dabd57095b7960e,test,ts-price-service,40,16,24,2026-09-09T05:34:41Z,2026-09-09T05:49:41Z,True
tt06_a2712cbc2dabd57095b7960e,test,ts-route-service,20,8,12,2026-09-09T05:34:41Z,2026-09-09T05:49:41Z,True
tt06_a2712cbc2dabd57095b7960e,test,ts-seat-service,0,0,0,2026-09-09T05:34:41Z,2026-09-09T05:49:41Z,True
tt06_a2712cbc2dabd57095b7960e,test,ts-station-service,0,0,0,2026-09-09T05:34:41Z,2026-09-09T05:49:41Z,True
tt06_a2712cbc2dabd57095b7960e,test,ts-train-service,7797,32,6882,2026-09-09T05:34:41Z,2026-09-09T05:49:41Z,True
tt06_a2712cbc2dabd57095b7960e,test,ts-travel-service,0,0,0,2026-09-09T05:34:41Z,2026-09-09T05:49:41Z,True
tt06_a2712cbc2dabd57095b7960e,test,ts-travel2-service,0,0,0,2026-09-09T05:34:41Z,2026-09-09T05:49:41Z,True
tt06_a2712cbc2dabd57095b7960e,test,ts-ui-dashboard,0,0,0,2026-09-09T05:34:41Z,2026-09-09T05:49:41Z,True
tt06_a2712cbc2dabd57095b7960e,test,ts-user-service,0,0,0,2026-09-09T05:34:41Z,2026-09-09T05:49:41Z,True
tt06_a2712cbc2dabd57095b7960e,test,tsdb-mysql,546,180,270,2026-09-09T05:34:41Z,2026-09-09T05:49:41Z,True
tt06_a6dabcf755f32606f7632e2a,test,nacos,0,0,0,2026-09-08T11:35:23.666249+00:00,2026-09-08T11:50:23Z,True
tt06_a6dabcf755f32606f7632e2a,test,nacosdb-mysql,548,180,270,2026-09-08T11:35:23.666249+00:00,2026-09-08T11:50:23Z,True
tt06_a6dabcf755f32606f7632e2a,test,rabbitmq,0,0,0,2026-09-08T11:35:23.666249+00:00,2026-09-08T11:50:23Z,True
tt06_a6dabcf755f32606f7632e2a,test,ts-auth-service,0,0,0,2026-09-08T11:35:23.666249+00:00,2026-09-08T11:50:23Z,True
tt06_a6dabcf755f32606f7632e2a,test,ts-basic-service,0,0,0,2026-09-08T11:35:23.666249+00:00,2026-09-08T11:50:23Z,True
tt06_a6dabcf755f32606f7632e2a,test,ts-config-service,0,0,0,2026-09-08T11:35:23.666249+00:00,2026-09-08T11:50:23Z,True
tt06_a6dabcf755f32606f7632e2a,test,ts-contacts-service,0,0,0,2026-09-08T11:35:23.666249+00:00,2026-09-08T11:50:23Z,True
tt06_a6dabcf755f32606f7632e2a,test,ts-gateway-service,0,0,0,2026-09-08T11:35:23.666249+00:00,2026-09-08T11:50:23Z,True
tt06_a6dabcf755f32606f7632e2a,test,ts-order-other-service,0,0,0,2026-09-08T11:35:23.666249+00:00,2026-09-08T11:50:23Z,True
tt06_a6dabcf755f32606f7632e2a,test,ts-order-service,0,0,0,2026-09-08T11:35:23.666249+00:00,2026-09-08T11:50:23Z,True
tt06_a6dabcf755f32606f7632e2a,test,ts-price-service,130,48,80,2026-09-08T11:35:23.666249+00:00,2026-09-08T11:50:23Z,True
tt06_a6dabcf755f32606f7632e2a,test,ts-route-service,61,24,36,2026-09-08T11:35:23.666249+00:00,2026-09-08T11:50:23Z,True
tt06_a6dabcf755f32606f7632e2a,test,ts-seat-service,0,0,0,2026-09-08T11:35:23.666249+00:00,2026-09-08T11:50:23Z,True
tt06_a6dabcf755f32606f7632e2a,test,ts-station-service,0,0,0,2026-09-08T11:35:23.666249+00:00,2026-09-08T11:50:23Z,True
tt06_a6dabcf755f32606f7632e2a,test,ts-train-service,57,24,32,2026-09-08T11:35:23.666249+00:00,2026-09-08T11:50:23Z,True
tt06_a6dabcf755f32606f7632e2a,test,ts-travel-service,0,0,0,2026-09-08T11:35:23.666249+00:00,2026-09-08T11:50:23Z,True
tt06_a6dabcf755f32606f7632e2a,test,ts-travel2-service,0,0,0,2026-09-08T11:35:23.666249+00:00,2026-09-08T11:50:23Z,True
tt06_a6dabcf755f32606f7632e2a,test,ts-ui-dashboard,0,0,0,2026-09-08T11:35:23.666249+00:00,2026-09-08T11:50:23Z,True
tt06_a6dabcf755f32606f7632e2a,test,ts-user-service,0,0,0,2026-09-08T11:35:23.666249+00:00,2026-09-08T11:50:23Z,True
tt06_a6dabcf755f32606f7632e2a,test,tsdb-mysql,547,180,270,2026-09-08T11:35:23.666249+00:00,2026-09-08T11:50:23Z,True
tt06_a966a956dd6c92a6b7754eed,test,nacos,0,0,0,2026-09-07T01:00:27.157597+00:00,2026-09-07T01:15:27Z,True
tt06_a966a956dd6c92a6b7754eed,test,nacosdb-mysql,548,182,270,2026-09-07T01:00:27.157597+00:00,2026-09-07T01:15:27Z,True
tt06_a966a956dd6c92a6b7754eed,test,rabbitmq,0,0,0,2026-09-07T01:00:27.157597+00:00,2026-09-07T01:15:27Z,True
tt06_a966a956dd6c92a6b7754eed,test,ts-auth-service,0,0,0,2026-09-07T01:00:27.157597+00:00,2026-09-07T01:15:27Z,True
tt06_a966a956dd6c92a6b7754eed,test,ts-basic-service,0,0,0,2026-09-07T01:00:27.157597+00:00,2026-09-07T01:15:27Z,True
tt06_a966a956dd6c92a6b7754eed,test,ts-config-service,0,0,0,2026-09-07T01:00:27.157597+00:00,2026-09-07T01:15:27Z,True
tt06_a966a956dd6c92a6b7754eed,test,ts-contacts-service,0,0,0,2026-09-07T01:00:27.157597+00:00,2026-09-07T01:15:27Z,True
tt06_a966a956dd6c92a6b7754eed,test,ts-gateway-service,0,0,0,2026-09-07T01:00:27.157597+00:00,2026-09-07T01:15:27Z,True
tt06_a966a956dd6c92a6b7754eed,test,ts-order-other-service,0,0,0,2026-09-07T01:00:27.157597+00:00,2026-09-07T01:15:27Z,True
tt06_a966a956dd6c92a6b7754eed,test,ts-order-service,0,0,0,2026-09-07T01:00:27.157597+00:00,2026-09-07T01:15:27Z,True
tt06_a966a956dd6c92a6b7754eed,test,ts-price-service,42,16,24,2026-09-07T01:00:27.157597+00:00,2026-09-07T01:15:27Z,True
tt06_a966a956dd6c92a6b7754eed,test,ts-route-service,21,8,12,2026-09-07T01:00:27.157597+00:00,2026-09-07T01:15:27Z,True
tt06_a966a956dd6c92a6b7754eed,test,ts-seat-service,0,0,0,2026-09-07T01:00:27.157597+00:00,2026-09-07T01:15:27Z,True
tt06_a966a956dd6c92a6b7754eed,test,ts-station-service,0,0,0,2026-09-07T01:00:27.157597+00:00,2026-09-07T01:15:27Z,True
tt06_a966a956dd6c92a6b7754eed,test,ts-train-service,154,32,48,2026-09-07T01:00:27.157597+00:00,2026-09-07T01:15:27Z,True
tt06_a966a956dd6c92a6b7754eed,test,ts-travel-service,0,0,0,2026-09-07T01:00:27.157597+00:00,2026-09-07T01:15:27Z,True
tt06_a966a956dd6c92a6b7754eed,test,ts-travel2-service,0,0,0,2026-09-07T01:00:27.157597+00:00,2026-09-07T01:15:27Z,True
tt06_a966a956dd6c92a6b7754eed,test,ts-ui-dashboard,0,0,0,2026-09-07T01:00:27.157597+00:00,2026-09-07T01:15:27Z,True
tt06_a966a956dd6c92a6b7754eed,test,ts-user-service,0,0,0,2026-09-07T01:00:27.157597+00:00,2026-09-07T01:15:27Z,True
tt06_a966a956dd6c92a6b7754eed,test,tsdb-mysql,548,180,270,2026-09-07T01:00:27.157597+00:00,2026-09-07T01:15:27Z,True
tt06_a996208b3c2d2535463cc6dd,test,nacos,0,0,0,2026-09-06T21:10:24Z,2026-09-06T21:25:24Z,True
tt06_a996208b3c2d2535463cc6dd,test,nacosdb-mysql,546,180,270,2026-09-06T21:10:24Z,2026-09-06T21:25:24Z,True
tt06_a996208b3c2d2535463cc6dd,test,rabbitmq,0,0,0,2026-09-06T21:10:24Z,2026-09-06T21:25:24Z,True
tt06_a996208b3c2d2535463cc6dd,test,ts-auth-service,0,0,0,2026-09-06T21:10:24Z,2026-09-06T21:25:24Z,True
tt06_a996208b3c2d2535463cc6dd,test,ts-basic-service,0,0,0,2026-09-06T21:10:24Z,2026-09-06T21:25:24Z,True
tt06_a996208b3c2d2535463cc6dd,test,ts-config-service,0,0,0,2026-09-06T21:10:24Z,2026-09-06T21:25:24Z,True
tt06_a996208b3c2d2535463cc6dd,test,ts-contacts-service,0,0,0,2026-09-06T21:10:24Z,2026-09-06T21:25:24Z,True
tt06_a996208b3c2d2535463cc6dd,test,ts-gateway-service,0,0,0,2026-09-06T21:10:24Z,2026-09-06T21:25:24Z,True
tt06_a996208b3c2d2535463cc6dd,test,ts-order-other-service,0,0,0,2026-09-06T21:10:24Z,2026-09-06T21:25:24Z,True
tt06_a996208b3c2d2535463cc6dd,test,ts-order-service,0,0,0,2026-09-06T21:10:24Z,2026-09-06T21:25:24Z,True
tt06_a996208b3c2d2535463cc6dd,test,ts-price-service,40,16,24,2026-09-06T21:10:24Z,2026-09-06T21:25:24Z,True
tt06_a996208b3c2d2535463cc6dd,test,ts-route-service,20,8,12,2026-09-06T21:10:24Z,2026-09-06T21:25:24Z,True
tt06_a996208b3c2d2535463cc6dd,test,ts-seat-service,0,0,0,2026-09-06T21:10:24Z,2026-09-06T21:25:24Z,True
tt06_a996208b3c2d2535463cc6dd,test,ts-station-service,753,0,522,2026-09-06T21:10:24Z,2026-09-06T21:25:24Z,True
tt06_a996208b3c2d2535463cc6dd,test,ts-train-service,80,32,48,2026-09-06T21:10:24Z,2026-09-06T21:25:24Z,True
tt06_a996208b3c2d2535463cc6dd,test,ts-travel-service,0,0,0,2026-09-06T21:10:24Z,2026-09-06T21:25:24Z,True
tt06_a996208b3c2d2535463cc6dd,test,ts-travel2-service,0,0,0,2026-09-06T21:10:24Z,2026-09-06T21:25:24Z,True
tt06_a996208b3c2d2535463cc6dd,test,ts-ui-dashboard,0,0,0,2026-09-06T21:10:24Z,2026-09-06T21:25:24Z,True
tt06_a996208b3c2d2535463cc6dd,test,ts-user-service,0,0,0,2026-09-06T21:10:24Z,2026-09-06T21:25:24Z,True
tt06_a996208b3c2d2535463cc6dd,test,tsdb-mysql,546,180,270,2026-09-06T21:10:24Z,2026-09-06T21:25:24Z,True
tt06_abcae6db9d1e85b64a15030f,test,nacos,0,0,0,2026-09-06T14:40:35Z,2026-09-06T14:55:36Z,True
tt06_abcae6db9d1e85b64a15030f,test,nacosdb-mysql,547,180,271,2026-09-06T14:40:35Z,2026-09-06T14:55:36Z,True
tt06_abcae6db9d1e85b64a15030f,test,rabbitmq,0,0,0,2026-09-06T14:40:35Z,2026-09-06T14:55:36Z,True
tt06_abcae6db9d1e85b64a15030f,test,ts-auth-service,0,0,0,2026-09-06T14:40:35Z,2026-09-06T14:55:36Z,True
tt06_abcae6db9d1e85b64a15030f,test,ts-basic-service,0,0,0,2026-09-06T14:40:35Z,2026-09-06T14:55:36Z,True
tt06_abcae6db9d1e85b64a15030f,test,ts-config-service,0,0,0,2026-09-06T14:40:35Z,2026-09-06T14:55:36Z,True
tt06_abcae6db9d1e85b64a15030f,test,ts-contacts-service,0,0,0,2026-09-06T14:40:35Z,2026-09-06T14:55:36Z,True
tt06_abcae6db9d1e85b64a15030f,test,ts-gateway-service,0,0,0,2026-09-06T14:40:35Z,2026-09-06T14:55:36Z,True
tt06_abcae6db9d1e85b64a15030f,test,ts-order-other-service,0,0,0,2026-09-06T14:40:35Z,2026-09-06T14:55:36Z,True
tt06_abcae6db9d1e85b64a15030f,test,ts-order-service,0,0,0,2026-09-06T14:40:35Z,2026-09-06T14:55:36Z,True
tt06_abcae6db9d1e85b64a15030f,test,ts-price-service,40,16,24,2026-09-06T14:40:35Z,2026-09-06T14:55:36Z,True
tt06_abcae6db9d1e85b64a15030f,test,ts-route-service,20,8,12,2026-09-06T14:40:35Z,2026-09-06T14:55:36Z,True
tt06_abcae6db9d1e85b64a15030f,test,ts-seat-service,0,0,0,2026-09-06T14:40:35Z,2026-09-06T14:55:36Z,True
tt06_abcae6db9d1e85b64a15030f,test,ts-station-service,0,0,0,2026-09-06T14:40:35Z,2026-09-06T14:55:36Z,True
tt06_abcae6db9d1e85b64a15030f,test,ts-train-service,47,32,15,2026-09-06T14:40:35Z,2026-09-06T14:55:36Z,True
tt06_abcae6db9d1e85b64a15030f,test,ts-travel-service,0,0,0,2026-09-06T14:40:35Z,2026-09-06T14:55:36Z,True
tt06_abcae6db9d1e85b64a15030f,test,ts-travel2-service,0,0,0,2026-09-06T14:40:35Z,2026-09-06T14:55:36Z,True
tt06_abcae6db9d1e85b64a15030f,test,ts-ui-dashboard,0,0,0,2026-09-06T14:40:35Z,2026-09-06T14:55:36Z,True
tt06_abcae6db9d1e85b64a15030f,test,ts-user-service,0,0,0,2026-09-06T14:40:35Z,2026-09-06T14:55:36Z,True
tt06_abcae6db9d1e85b64a15030f,test,tsdb-mysql,547,180,270,2026-09-06T14:40:35Z,2026-09-06T14:55:36Z,True
tt06_ae87af5da6fc472735eea2fc,test,nacos,0,0,0,2026-09-08T12:15:54Z,2026-09-08T12:30:54Z,True
tt06_ae87af5da6fc472735eea2fc,test,nacosdb-mysql,546,180,270,2026-09-08T12:15:54Z,2026-09-08T12:30:54Z,True
tt06_ae87af5da6fc472735eea2fc,test,rabbitmq,0,0,0,2026-09-08T12:15:54Z,2026-09-08T12:30:54Z,True
tt06_ae87af5da6fc472735eea2fc,test,ts-auth-service,0,0,0,2026-09-08T12:15:54Z,2026-09-08T12:30:54Z,True
tt06_ae87af5da6fc472735eea2fc,test,ts-basic-service,0,0,0,2026-09-08T12:15:54Z,2026-09-08T12:30:54Z,True
tt06_ae87af5da6fc472735eea2fc,test,ts-config-service,0,0,0,2026-09-08T12:15:54Z,2026-09-08T12:30:54Z,True
tt06_ae87af5da6fc472735eea2fc,test,ts-contacts-service,0,0,0,2026-09-08T12:15:54Z,2026-09-08T12:30:54Z,True
tt06_ae87af5da6fc472735eea2fc,test,ts-gateway-service,0,0,0,2026-09-08T12:15:54Z,2026-09-08T12:30:54Z,True
tt06_ae87af5da6fc472735eea2fc,test,ts-order-other-service,0,0,0,2026-09-08T12:15:54Z,2026-09-08T12:30:54Z,True
tt06_ae87af5da6fc472735eea2fc,test,ts-order-service,0,0,0,2026-09-08T12:15:54Z,2026-09-08T12:30:54Z,True
tt06_ae87af5da6fc472735eea2fc,test,ts-price-service,9177,48,7784,2026-09-08T12:15:54Z,2026-09-08T12:30:54Z,True
tt06_ae87af5da6fc472735eea2fc,test,ts-route-service,60,24,36,2026-09-08T12:15:54Z,2026-09-08T12:30:54Z,True
tt06_ae87af5da6fc472735eea2fc,test,ts-seat-service,0,0,0,2026-09-08T12:15:54Z,2026-09-08T12:30:54Z,True
tt06_ae87af5da6fc472735eea2fc,test,ts-station-service,0,0,0,2026-09-08T12:15:54Z,2026-09-08T12:30:54Z,True
tt06_ae87af5da6fc472735eea2fc,test,ts-train-service,56,24,32,2026-09-08T12:15:54Z,2026-09-08T12:30:54Z,True
tt06_ae87af5da6fc472735eea2fc,test,ts-travel-service,0,0,0,2026-09-08T12:15:54Z,2026-09-08T12:30:54Z,True
tt06_ae87af5da6fc472735eea2fc,test,ts-travel2-service,0,0,0,2026-09-08T12:15:54Z,2026-09-08T12:30:54Z,True
tt06_ae87af5da6fc472735eea2fc,test,ts-ui-dashboard,0,0,0,2026-09-08T12:15:54Z,2026-09-08T12:30:54Z,True
tt06_ae87af5da6fc472735eea2fc,test,ts-user-service,0,0,0,2026-09-08T12:15:54Z,2026-09-08T12:30:54Z,True
tt06_ae87af5da6fc472735eea2fc,test,tsdb-mysql,548,182,270,2026-09-08T12:15:54Z,2026-09-08T12:30:54Z,True
tt06_b34a6f4cd8ada1dfa55f820e,test,nacos,0,0,0,2026-09-06T16:40:33Z,2026-09-06T16:55:33Z,True
tt06_b34a6f4cd8ada1dfa55f820e,test,nacosdb-mysql,546,180,270,2026-09-06T16:40:33Z,2026-09-06T16:55:33Z,True
tt06_b34a6f4cd8ada1dfa55f820e,test,rabbitmq,0,0,0,2026-09-06T16:40:33Z,2026-09-06T16:55:33Z,True
tt06_b34a6f4cd8ada1dfa55f820e,test,ts-auth-service,0,0,0,2026-09-06T16:40:33Z,2026-09-06T16:55:33Z,True
tt06_b34a6f4cd8ada1dfa55f820e,test,ts-basic-service,0,0,0,2026-09-06T16:40:33Z,2026-09-06T16:55:33Z,True
tt06_b34a6f4cd8ada1dfa55f820e,test,ts-config-service,0,0,0,2026-09-06T16:40:33Z,2026-09-06T16:55:33Z,True
tt06_b34a6f4cd8ada1dfa55f820e,test,ts-contacts-service,0,0,0,2026-09-06T16:40:33Z,2026-09-06T16:55:33Z,True
tt06_b34a6f4cd8ada1dfa55f820e,test,ts-gateway-service,224,0,138,2026-09-06T16:40:33Z,2026-09-06T16:55:33Z,True
tt06_b34a6f4cd8ada1dfa55f820e,test,ts-order-other-service,0,0,0,2026-09-06T16:40:33Z,2026-09-06T16:55:33Z,True
tt06_b34a6f4cd8ada1dfa55f820e,test,ts-order-service,0,0,0,2026-09-06T16:40:33Z,2026-09-06T16:55:33Z,True
tt06_b34a6f4cd8ada1dfa55f820e,test,ts-price-service,30,30,0,2026-09-06T16:40:33Z,2026-09-06T16:55:33Z,True
tt06_b34a6f4cd8ada1dfa55f820e,test,ts-route-service,15,15,0,2026-09-06T16:40:33Z,2026-09-06T16:55:33Z,True
tt06_b34a6f4cd8ada1dfa55f820e,test,ts-seat-service,0,0,0,2026-09-06T16:40:33Z,2026-09-06T16:55:33Z,True
tt06_b34a6f4cd8ada1dfa55f820e,test,ts-station-service,0,0,0,2026-09-06T16:40:33Z,2026-09-06T16:55:33Z,True
tt06_b34a6f4cd8ada1dfa55f820e,test,ts-train-service,15,15,0,2026-09-06T16:40:33Z,2026-09-06T16:55:33Z,True
tt06_b34a6f4cd8ada1dfa55f820e,test,ts-travel-service,0,0,0,2026-09-06T16:40:33Z,2026-09-06T16:55:33Z,True
tt06_b34a6f4cd8ada1dfa55f820e,test,ts-travel2-service,0,0,0,2026-09-06T16:40:33Z,2026-09-06T16:55:33Z,True
tt06_b34a6f4cd8ada1dfa55f820e,test,ts-ui-dashboard,0,0,0,2026-09-06T16:40:33Z,2026-09-06T16:55:33Z,True
tt06_b34a6f4cd8ada1dfa55f820e,test,ts-user-service,0,0,0,2026-09-06T16:40:33Z,2026-09-06T16:55:33Z,True
tt06_b34a6f4cd8ada1dfa55f820e,test,tsdb-mysql,548,182,270,2026-09-06T16:40:33Z,2026-09-06T16:55:33Z,True
tt06_b34ee5b2288826402c394430,test,nacos,0,0,0,2026-09-07T20:13:16.256409+00:00,2026-09-07T20:28:16Z,True
tt06_b34ee5b2288826402c394430,test,nacosdb-mysql,546,180,270,2026-09-07T20:13:16.256409+00:00,2026-09-07T20:28:16Z,True
tt06_b34ee5b2288826402c394430,test,rabbitmq,0,0,0,2026-09-07T20:13:16.256409+00:00,2026-09-07T20:28:16Z,True
tt06_b34ee5b2288826402c394430,test,ts-auth-service,0,0,0,2026-09-07T20:13:16.256409+00:00,2026-09-07T20:28:16Z,True
tt06_b34ee5b2288826402c394430,test,ts-basic-service,0,0,0,2026-09-07T20:13:16.256409+00:00,2026-09-07T20:28:16Z,True
tt06_b34ee5b2288826402c394430,test,ts-config-service,0,0,0,2026-09-07T20:13:16.256409+00:00,2026-09-07T20:28:16Z,True
tt06_b34ee5b2288826402c394430,test,ts-contacts-service,0,0,0,2026-09-07T20:13:16.256409+00:00,2026-09-07T20:28:16Z,True
tt06_b34ee5b2288826402c394430,test,ts-gateway-service,0,0,0,2026-09-07T20:13:16.256409+00:00,2026-09-07T20:28:16Z,True
tt06_b34ee5b2288826402c394430,test,ts-order-other-service,0,0,0,2026-09-07T20:13:16.256409+00:00,2026-09-07T20:28:16Z,True
tt06_b34ee5b2288826402c394430,test,ts-order-service,0,0,0,2026-09-07T20:13:16.256409+00:00,2026-09-07T20:28:16Z,True
tt06_b34ee5b2288826402c394430,test,ts-price-service,42,16,24,2026-09-07T20:13:16.256409+00:00,2026-09-07T20:28:16Z,True
tt06_b34ee5b2288826402c394430,test,ts-route-service,21,8,12,2026-09-07T20:13:16.256409+00:00,2026-09-07T20:28:16Z,True
tt06_b34ee5b2288826402c394430,test,ts-seat-service,0,0,0,2026-09-07T20:13:16.256409+00:00,2026-09-07T20:28:16Z,True
tt06_b34ee5b2288826402c394430,test,ts-station-service,0,0,0,2026-09-07T20:13:16.256409+00:00,2026-09-07T20:28:16Z,True
tt06_b34ee5b2288826402c394430,test,ts-train-service,154,32,48,2026-09-07T20:13:16.256409+00:00,2026-09-07T20:28:16Z,True
tt06_b34ee5b2288826402c394430,test,ts-travel-service,0,0,0,2026-09-07T20:13:16.256409+00:00,2026-09-07T20:28:16Z,True
tt06_b34ee5b2288826402c394430,test,ts-travel2-service,0,0,0,2026-09-07T20:13:16.256409+00:00,2026-09-07T20:28:16Z,True
tt06_b34ee5b2288826402c394430,test,ts-ui-dashboard,0,0,0,2026-09-07T20:13:16.256409+00:00,2026-09-07T20:28:16Z,True
tt06_b34ee5b2288826402c394430,test,ts-user-service,0,0,0,2026-09-07T20:13:16.256409+00:00,2026-09-07T20:28:16Z,True
tt06_b34ee5b2288826402c394430,test,tsdb-mysql,546,180,270,2026-09-07T20:13:16.256409+00:00,2026-09-07T20:28:16Z,True
tt06_b392761e825ed77a1b213a92,test,nacos,0,0,0,2026-09-07T06:45:19.287544+00:00,2026-09-07T07:00:19Z,True
tt06_b392761e825ed77a1b213a92,test,nacosdb-mysql,547,180,270,2026-09-07T06:45:19.287544+00:00,2026-09-07T07:00:19Z,True
tt06_b392761e825ed77a1b213a92,test,rabbitmq,0,0,0,2026-09-07T06:45:19.287544+00:00,2026-09-07T07:00:19Z,True
tt06_b392761e825ed77a1b213a92,test,ts-auth-service,0,0,0,2026-09-07T06:45:19.287544+00:00,2026-09-07T07:00:19Z,True
tt06_b392761e825ed77a1b213a92,test,ts-basic-service,0,0,0,2026-09-07T06:45:19.287544+00:00,2026-09-07T07:00:19Z,True
tt06_b392761e825ed77a1b213a92,test,ts-config-service,0,0,0,2026-09-07T06:45:19.287544+00:00,2026-09-07T07:00:19Z,True
tt06_b392761e825ed77a1b213a92,test,ts-contacts-service,0,0,0,2026-09-07T06:45:19.287544+00:00,2026-09-07T07:00:19Z,True
tt06_b392761e825ed77a1b213a92,test,ts-gateway-service,0,0,0,2026-09-07T06:45:19.287544+00:00,2026-09-07T07:00:19Z,True
tt06_b392761e825ed77a1b213a92,test,ts-order-other-service,0,0,0,2026-09-07T06:45:19.287544+00:00,2026-09-07T07:00:19Z,True
tt06_b392761e825ed77a1b213a92,test,ts-order-service,0,0,0,2026-09-07T06:45:19.287544+00:00,2026-09-07T07:00:19Z,True
tt06_b392761e825ed77a1b213a92,test,ts-price-service,130,48,80,2026-09-07T06:45:19.287544+00:00,2026-09-07T07:00:19Z,True
tt06_b392761e825ed77a1b213a92,test,ts-route-service,61,24,36,2026-09-07T06:45:19.287544+00:00,2026-09-07T07:00:19Z,True
tt06_b392761e825ed77a1b213a92,test,ts-seat-service,0,0,0,2026-09-07T06:45:19.287544+00:00,2026-09-07T07:00:19Z,True
tt06_b392761e825ed77a1b213a92,test,ts-station-service,0,0,0,2026-09-07T06:45:19.287544+00:00,2026-09-07T07:00:19Z,True
tt06_b392761e825ed77a1b213a92,test,ts-train-service,57,24,32,2026-09-07T06:45:19.287544+00:00,2026-09-07T07:00:19Z,True
tt06_b392761e825ed77a1b213a92,test,ts-travel-service,0,0,0,2026-09-07T06:45:19.287544+00:00,2026-09-07T07:00:19Z,True
tt06_b392761e825ed77a1b213a92,test,ts-travel2-service,0,0,0,2026-09-07T06:45:19.287544+00:00,2026-09-07T07:00:19Z,True
tt06_b392761e825ed77a1b213a92,test,ts-ui-dashboard,0,0,0,2026-09-07T06:45:19.287544+00:00,2026-09-07T07:00:19Z,True
tt06_b392761e825ed77a1b213a92,test,ts-user-service,0,0,0,2026-09-07T06:45:19.287544+00:00,2026-09-07T07:00:19Z,True
tt06_b392761e825ed77a1b213a92,test,tsdb-mysql,547,180,270,2026-09-07T06:45:19.287544+00:00,2026-09-07T07:00:19Z,True
tt06_b42d2923b8be57f8b3c3fa0f,test,nacos,0,0,0,2026-09-08T16:06:04.024834+00:00,2026-09-08T16:21:04Z,True
tt06_b42d2923b8be57f8b3c3fa0f,test,nacosdb-mysql,548,181,270,2026-09-08T16:06:04.024834+00:00,2026-09-08T16:21:04Z,True
tt06_b42d2923b8be57f8b3c3fa0f,test,rabbitmq,0,0,0,2026-09-08T16:06:04.024834+00:00,2026-09-08T16:21:04Z,True
tt06_b42d2923b8be57f8b3c3fa0f,test,ts-auth-service,0,0,0,2026-09-08T16:06:04.024834+00:00,2026-09-08T16:21:04Z,True
tt06_b42d2923b8be57f8b3c3fa0f,test,ts-basic-service,0,0,0,2026-09-08T16:06:04.024834+00:00,2026-09-08T16:21:04Z,True
tt06_b42d2923b8be57f8b3c3fa0f,test,ts-config-service,0,0,0,2026-09-08T16:06:04.024834+00:00,2026-09-08T16:21:04Z,True
tt06_b42d2923b8be57f8b3c3fa0f,test,ts-contacts-service,0,0,0,2026-09-08T16:06:04.024834+00:00,2026-09-08T16:21:04Z,True
tt06_b42d2923b8be57f8b3c3fa0f,test,ts-gateway-service,0,0,0,2026-09-08T16:06:04.024834+00:00,2026-09-08T16:21:04Z,True
tt06_b42d2923b8be57f8b3c3fa0f,test,ts-order-other-service,0,0,0,2026-09-08T16:06:04.024834+00:00,2026-09-08T16:21:04Z,True
tt06_b42d2923b8be57f8b3c3fa0f,test,ts-order-service,0,0,0,2026-09-08T16:06:04.024834+00:00,2026-09-08T16:21:04Z,True
tt06_b42d2923b8be57f8b3c3fa0f,test,ts-price-service,42,16,24,2026-09-08T16:06:04.024834+00:00,2026-09-08T16:21:04Z,True
tt06_b42d2923b8be57f8b3c3fa0f,test,ts-route-service,158,32,48,2026-09-08T16:06:04.024834+00:00,2026-09-08T16:21:04Z,True
tt06_b42d2923b8be57f8b3c3fa0f,test,ts-seat-service,0,0,0,2026-09-08T16:06:04.024834+00:00,2026-09-08T16:21:04Z,True
tt06_b42d2923b8be57f8b3c3fa0f,test,ts-station-service,0,0,0,2026-09-08T16:06:04.024834+00:00,2026-09-08T16:21:04Z,True
tt06_b42d2923b8be57f8b3c3fa0f,test,ts-train-service,21,8,12,2026-09-08T16:06:04.024834+00:00,2026-09-08T16:21:04Z,True
tt06_b42d2923b8be57f8b3c3fa0f,test,ts-travel-service,0,0,0,2026-09-08T16:06:04.024834+00:00,2026-09-08T16:21:04Z,True
tt06_b42d2923b8be57f8b3c3fa0f,test,ts-travel2-service,0,0,0,2026-09-08T16:06:04.024834+00:00,2026-09-08T16:21:04Z,True
tt06_b42d2923b8be57f8b3c3fa0f,test,ts-ui-dashboard,0,0,0,2026-09-08T16:06:04.024834+00:00,2026-09-08T16:21:04Z,True
tt06_b42d2923b8be57f8b3c3fa0f,test,ts-user-service,0,0,0,2026-09-08T16:06:04.024834+00:00,2026-09-08T16:21:04Z,True
tt06_b42d2923b8be57f8b3c3fa0f,test,tsdb-mysql,547,180,270,2026-09-08T16:06:04.024834+00:00,2026-09-08T16:21:04Z,True
tt06_b75e3602ed39297f7276b5d3,test,nacos,0,0,0,2026-09-06T23:44:10Z,2026-09-06T23:59:11Z,True
tt06_b75e3602ed39297f7276b5d3,test,nacosdb-mysql,547,180,272,2026-09-06T23:44:10Z,2026-09-06T23:59:11Z,True
tt06_b75e3602ed39297f7276b5d3,test,rabbitmq,0,0,0,2026-09-06T23:44:10Z,2026-09-06T23:59:11Z,True
tt06_b75e3602ed39297f7276b5d3,test,ts-auth-service,0,0,0,2026-09-06T23:44:10Z,2026-09-06T23:59:11Z,True
tt06_b75e3602ed39297f7276b5d3,test,ts-basic-service,0,0,0,2026-09-06T23:44:10Z,2026-09-06T23:59:11Z,True
tt06_b75e3602ed39297f7276b5d3,test,ts-config-service,0,0,0,2026-09-06T23:44:10Z,2026-09-06T23:59:11Z,True
tt06_b75e3602ed39297f7276b5d3,test,ts-contacts-service,0,0,0,2026-09-06T23:44:10Z,2026-09-06T23:59:11Z,True
tt06_b75e3602ed39297f7276b5d3,test,ts-gateway-service,0,0,0,2026-09-06T23:44:10Z,2026-09-06T23:59:11Z,True
tt06_b75e3602ed39297f7276b5d3,test,ts-order-other-service,0,0,0,2026-09-06T23:44:10Z,2026-09-06T23:59:11Z,True
tt06_b75e3602ed39297f7276b5d3,test,ts-order-service,0,0,0,2026-09-06T23:44:10Z,2026-09-06T23:59:11Z,True
tt06_b75e3602ed39297f7276b5d3,test,ts-price-service,40,16,24,2026-09-06T23:44:10Z,2026-09-06T23:59:11Z,True
tt06_b75e3602ed39297f7276b5d3,test,ts-route-service,20,8,12,2026-09-06T23:44:10Z,2026-09-06T23:59:11Z,True
tt06_b75e3602ed39297f7276b5d3,test,ts-seat-service,0,0,0,2026-09-06T23:44:10Z,2026-09-06T23:59:11Z,True
tt06_b75e3602ed39297f7276b5d3,test,ts-station-service,0,0,0,2026-09-06T23:44:10Z,2026-09-06T23:59:11Z,True
tt06_b75e3602ed39297f7276b5d3,test,ts-train-service,7797,32,6820,2026-09-06T23:44:10Z,2026-09-06T23:59:11Z,True
tt06_b75e3602ed39297f7276b5d3,test,ts-travel-service,0,0,0,2026-09-06T23:44:10Z,2026-09-06T23:59:11Z,True
tt06_b75e3602ed39297f7276b5d3,test,ts-travel2-service,0,0,0,2026-09-06T23:44:10Z,2026-09-06T23:59:11Z,True
tt06_b75e3602ed39297f7276b5d3,test,ts-ui-dashboard,0,0,0,2026-09-06T23:44:10Z,2026-09-06T23:59:11Z,True
tt06_b75e3602ed39297f7276b5d3,test,ts-user-service,0,0,0,2026-09-06T23:44:10Z,2026-09-06T23:59:11Z,True
tt06_b75e3602ed39297f7276b5d3,test,tsdb-mysql,546,180,270,2026-09-06T23:44:10Z,2026-09-06T23:59:11Z,True
tt06_b9b7c2a46f0598a7d1a00a91,test,nacos,0,0,0,2026-09-06T06:25:16Z,2026-09-06T06:40:16Z,True
tt06_b9b7c2a46f0598a7d1a00a91,test,nacosdb-mysql,547,181,270,2026-09-06T06:25:16Z,2026-09-06T06:40:16Z,True
tt06_b9b7c2a46f0598a7d1a00a91,test,rabbitmq,0,0,0,2026-09-06T06:25:16Z,2026-09-06T06:40:16Z,True
tt06_b9b7c2a46f0598a7d1a00a91,test,ts-auth-service,0,0,0,2026-09-06T06:25:16Z,2026-09-06T06:40:16Z,True
tt06_b9b7c2a46f0598a7d1a00a91,test,ts-basic-service,0,0,0,2026-09-06T06:25:16Z,2026-09-06T06:40:16Z,True
tt06_b9b7c2a46f0598a7d1a00a91,test,ts-config-service,0,0,0,2026-09-06T06:25:16Z,2026-09-06T06:40:16Z,True
tt06_b9b7c2a46f0598a7d1a00a91,test,ts-contacts-service,0,0,0,2026-09-06T06:25:16Z,2026-09-06T06:40:16Z,True
tt06_b9b7c2a46f0598a7d1a00a91,test,ts-gateway-service,0,0,0,2026-09-06T06:25:16Z,2026-09-06T06:40:16Z,True
tt06_b9b7c2a46f0598a7d1a00a91,test,ts-order-other-service,0,0,0,2026-09-06T06:25:16Z,2026-09-06T06:40:16Z,True
tt06_b9b7c2a46f0598a7d1a00a91,test,ts-order-service,0,0,0,2026-09-06T06:25:16Z,2026-09-06T06:40:16Z,True
tt06_b9b7c2a46f0598a7d1a00a91,test,ts-price-service,9301,48,7782,2026-09-06T06:25:16Z,2026-09-06T06:40:16Z,True
tt06_b9b7c2a46f0598a7d1a00a91,test,ts-route-service,60,24,36,2026-09-06T06:25:16Z,2026-09-06T06:40:16Z,True
tt06_b9b7c2a46f0598a7d1a00a91,test,ts-seat-service,0,0,0,2026-09-06T06:25:16Z,2026-09-06T06:40:16Z,True
tt06_b9b7c2a46f0598a7d1a00a91,test,ts-station-service,0,0,0,2026-09-06T06:25:16Z,2026-09-06T06:40:16Z,True
tt06_b9b7c2a46f0598a7d1a00a91,test,ts-train-service,56,24,32,2026-09-06T06:25:16Z,2026-09-06T06:40:16Z,True
tt06_b9b7c2a46f0598a7d1a00a91,test,ts-travel-service,0,0,0,2026-09-06T06:25:16Z,2026-09-06T06:40:16Z,True
tt06_b9b7c2a46f0598a7d1a00a91,test,ts-travel2-service,0,0,0,2026-09-06T06:25:16Z,2026-09-06T06:40:16Z,True
tt06_b9b7c2a46f0598a7d1a00a91,test,ts-ui-dashboard,0,0,0,2026-09-06T06:25:16Z,2026-09-06T06:40:16Z,True
tt06_b9b7c2a46f0598a7d1a00a91,test,ts-user-service,0,0,0,2026-09-06T06:25:16Z,2026-09-06T06:40:16Z,True
tt06_b9b7c2a46f0598a7d1a00a91,test,tsdb-mysql,546,180,270,2026-09-06T06:25:16Z,2026-09-06T06:40:16Z,True
tt06_bb6551d132097f441838e1b1,test,nacos,0,0,0,2026-09-07T17:36:03Z,2026-09-07T17:51:03Z,True
tt06_bb6551d132097f441838e1b1,test,nacosdb-mysql,547,180,270,2026-09-07T17:36:03Z,2026-09-07T17:51:03Z,True
tt06_bb6551d132097f441838e1b1,test,rabbitmq,0,0,0,2026-09-07T17:36:03Z,2026-09-07T17:51:03Z,True
tt06_bb6551d132097f441838e1b1,test,ts-auth-service,0,0,0,2026-09-07T17:36:03Z,2026-09-07T17:51:03Z,True
tt06_bb6551d132097f441838e1b1,test,ts-basic-service,0,0,0,2026-09-07T17:36:03Z,2026-09-07T17:51:03Z,True
tt06_bb6551d132097f441838e1b1,test,ts-config-service,0,0,0,2026-09-07T17:36:03Z,2026-09-07T17:51:03Z,True
tt06_bb6551d132097f441838e1b1,test,ts-contacts-service,0,0,0,2026-09-07T17:36:03Z,2026-09-07T17:51:03Z,True
tt06_bb6551d132097f441838e1b1,test,ts-gateway-service,0,0,0,2026-09-07T17:36:03Z,2026-09-07T17:51:03Z,True
tt06_bb6551d132097f441838e1b1,test,ts-order-other-service,0,0,0,2026-09-07T17:36:03Z,2026-09-07T17:51:03Z,True
tt06_bb6551d132097f441838e1b1,test,ts-order-service,0,0,0,2026-09-07T17:36:03Z,2026-09-07T17:51:03Z,True
tt06_bb6551d132097f441838e1b1,test,ts-price-service,40,16,24,2026-09-07T17:36:03Z,2026-09-07T17:51:03Z,True
tt06_bb6551d132097f441838e1b1,test,ts-route-service,47,32,15,2026-09-07T17:36:03Z,2026-09-07T17:51:03Z,True
tt06_bb6551d132097f441838e1b1,test,ts-seat-service,0,0,0,2026-09-07T17:36:03Z,2026-09-07T17:51:03Z,True
tt06_bb6551d132097f441838e1b1,test,ts-station-service,0,0,0,2026-09-07T17:36:03Z,2026-09-07T17:51:03Z,True
tt06_bb6551d132097f441838e1b1,test,ts-train-service,20,8,12,2026-09-07T17:36:03Z,2026-09-07T17:51:03Z,True
tt06_bb6551d132097f441838e1b1,test,ts-travel-service,0,0,0,2026-09-07T17:36:03Z,2026-09-07T17:51:03Z,True
tt06_bb6551d132097f441838e1b1,test,ts-travel2-service,0,0,0,2026-09-07T17:36:03Z,2026-09-07T17:51:03Z,True
tt06_bb6551d132097f441838e1b1,test,ts-ui-dashboard,0,0,0,2026-09-07T17:36:03Z,2026-09-07T17:51:03Z,True
tt06_bb6551d132097f441838e1b1,test,ts-user-service,0,0,0,2026-09-07T17:36:03Z,2026-09-07T17:51:03Z,True
tt06_bb6551d132097f441838e1b1,test,tsdb-mysql,548,182,270,2026-09-07T17:36:03Z,2026-09-07T17:51:03Z,True
tt06_bb875972c2239a9448db4639,test,nacos,0,0,0,2026-09-08T02:38:35Z,2026-09-08T02:53:35Z,True
tt06_bb875972c2239a9448db4639,test,nacosdb-mysql,546,180,270,2026-09-08T02:38:35Z,2026-09-08T02:53:35Z,True
tt06_bb875972c2239a9448db4639,test,rabbitmq,0,0,0,2026-09-08T02:38:35Z,2026-09-08T02:53:35Z,True
tt06_bb875972c2239a9448db4639,test,ts-auth-service,0,0,0,2026-09-08T02:38:35Z,2026-09-08T02:53:35Z,True
tt06_bb875972c2239a9448db4639,test,ts-basic-service,0,0,0,2026-09-08T02:38:35Z,2026-09-08T02:53:35Z,True
tt06_bb875972c2239a9448db4639,test,ts-config-service,0,0,0,2026-09-08T02:38:35Z,2026-09-08T02:53:35Z,True
tt06_bb875972c2239a9448db4639,test,ts-contacts-service,0,0,0,2026-09-08T02:38:35Z,2026-09-08T02:53:35Z,True
tt06_bb875972c2239a9448db4639,test,ts-gateway-service,0,0,0,2026-09-08T02:38:35Z,2026-09-08T02:53:35Z,True
tt06_bb875972c2239a9448db4639,test,ts-order-other-service,0,0,0,2026-09-08T02:38:35Z,2026-09-08T02:53:35Z,True
tt06_bb875972c2239a9448db4639,test,ts-order-service,0,0,0,2026-09-08T02:38:35Z,2026-09-08T02:53:35Z,True
tt06_bb875972c2239a9448db4639,test,ts-price-service,9239,48,8012,2026-09-08T02:38:35Z,2026-09-08T02:53:35Z,True
tt06_bb875972c2239a9448db4639,test,ts-route-service,60,24,36,2026-09-08T02:38:35Z,2026-09-08T02:53:35Z,True
tt06_bb875972c2239a9448db4639,test,ts-seat-service,0,0,0,2026-09-08T02:38:35Z,2026-09-08T02:53:35Z,True
tt06_bb875972c2239a9448db4639,test,ts-station-service,0,0,0,2026-09-08T02:38:35Z,2026-09-08T02:53:35Z,True
tt06_bb875972c2239a9448db4639,test,ts-train-service,56,24,32,2026-09-08T02:38:35Z,2026-09-08T02:53:35Z,True
tt06_bb875972c2239a9448db4639,test,ts-travel-service,0,0,0,2026-09-08T02:38:35Z,2026-09-08T02:53:35Z,True
tt06_bb875972c2239a9448db4639,test,ts-travel2-service,0,0,0,2026-09-08T02:38:35Z,2026-09-08T02:53:35Z,True
tt06_bb875972c2239a9448db4639,test,ts-ui-dashboard,0,0,0,2026-09-08T02:38:35Z,2026-09-08T02:53:35Z,True
tt06_bb875972c2239a9448db4639,test,ts-user-service,0,0,0,2026-09-08T02:38:35Z,2026-09-08T02:53:35Z,True
tt06_bb875972c2239a9448db4639,test,tsdb-mysql,546,180,270,2026-09-08T02:38:35Z,2026-09-08T02:53:35Z,True
tt06_bbbee619731855484905999a,test,nacos,0,0,0,2026-09-07T14:28:19Z,2026-09-07T14:43:19Z,True
tt06_bbbee619731855484905999a,test,nacosdb-mysql,547,180,270,2026-09-07T14:28:19Z,2026-09-07T14:43:19Z,True
tt06_bbbee619731855484905999a,test,rabbitmq,0,0,0,2026-09-07T14:28:19Z,2026-09-07T14:43:19Z,True
tt06_bbbee619731855484905999a,test,ts-auth-service,0,0,0,2026-09-07T14:28:19Z,2026-09-07T14:43:19Z,True
tt06_bbbee619731855484905999a,test,ts-basic-service,0,0,0,2026-09-07T14:28:19Z,2026-09-07T14:43:19Z,True
tt06_bbbee619731855484905999a,test,ts-config-service,0,0,0,2026-09-07T14:28:19Z,2026-09-07T14:43:19Z,True
tt06_bbbee619731855484905999a,test,ts-contacts-service,0,0,0,2026-09-07T14:28:19Z,2026-09-07T14:43:19Z,True
tt06_bbbee619731855484905999a,test,ts-gateway-service,227,0,140,2026-09-07T14:28:19Z,2026-09-07T14:43:19Z,True
tt06_bbbee619731855484905999a,test,ts-order-other-service,0,0,0,2026-09-07T14:28:19Z,2026-09-07T14:43:19Z,True
tt06_bbbee619731855484905999a,test,ts-order-service,0,0,0,2026-09-07T14:28:19Z,2026-09-07T14:43:19Z,True
tt06_bbbee619731855484905999a,test,ts-price-service,30,30,0,2026-09-07T14:28:19Z,2026-09-07T14:43:19Z,True
tt06_bbbee619731855484905999a,test,ts-route-service,15,15,0,2026-09-07T14:28:19Z,2026-09-07T14:43:19Z,True
tt06_bbbee619731855484905999a,test,ts-seat-service,0,0,0,2026-09-07T14:28:19Z,2026-09-07T14:43:19Z,True
tt06_bbbee619731855484905999a,test,ts-station-service,0,0,0,2026-09-07T14:28:19Z,2026-09-07T14:43:19Z,True
tt06_bbbee619731855484905999a,test,ts-train-service,15,15,0,2026-09-07T14:28:19Z,2026-09-07T14:43:19Z,True
tt06_bbbee619731855484905999a,test,ts-travel-service,0,0,0,2026-09-07T14:28:19Z,2026-09-07T14:43:19Z,True
tt06_bbbee619731855484905999a,test,ts-travel2-service,0,0,0,2026-09-07T14:28:19Z,2026-09-07T14:43:19Z,True
tt06_bbbee619731855484905999a,test,ts-ui-dashboard,0,0,0,2026-09-07T14:28:19Z,2026-09-07T14:43:19Z,True
tt06_bbbee619731855484905999a,test,ts-user-service,0,0,0,2026-09-07T14:28:19Z,2026-09-07T14:43:19Z,True
tt06_bbbee619731855484905999a,test,tsdb-mysql,546,180,270,2026-09-07T14:28:19Z,2026-09-07T14:43:19Z,True
tt06_bc69855325bf26d63b84c88b,test,nacos,0,0,0,2026-09-06T21:44:18Z,2026-09-06T21:59:18Z,True
tt06_bc69855325bf26d63b84c88b,test,nacosdb-mysql,548,180,270,2026-09-06T21:44:18Z,2026-09-06T21:59:18Z,True
tt06_bc69855325bf26d63b84c88b,test,rabbitmq,0,0,0,2026-09-06T21:44:18Z,2026-09-06T21:59:18Z,True
tt06_bc69855325bf26d63b84c88b,test,ts-auth-service,0,0,0,2026-09-06T21:44:18Z,2026-09-06T21:59:18Z,True
tt06_bc69855325bf26d63b84c88b,test,ts-basic-service,0,0,0,2026-09-06T21:44:18Z,2026-09-06T21:59:18Z,True
tt06_bc69855325bf26d63b84c88b,test,ts-config-service,0,0,0,2026-09-06T21:44:18Z,2026-09-06T21:59:18Z,True
tt06_bc69855325bf26d63b84c88b,test,ts-contacts-service,0,0,0,2026-09-06T21:44:18Z,2026-09-06T21:59:18Z,True
tt06_bc69855325bf26d63b84c88b,test,ts-gateway-service,0,0,0,2026-09-06T21:44:18Z,2026-09-06T21:59:18Z,True
tt06_bc69855325bf26d63b84c88b,test,ts-order-other-service,0,0,0,2026-09-06T21:44:18Z,2026-09-06T21:59:18Z,True
tt06_bc69855325bf26d63b84c88b,test,ts-order-service,0,0,0,2026-09-06T21:44:18Z,2026-09-06T21:59:18Z,True
tt06_bc69855325bf26d63b84c88b,test,ts-price-service,40,16,24,2026-09-06T21:44:18Z,2026-09-06T21:59:18Z,True
tt06_bc69855325bf26d63b84c88b,test,ts-route-service,20,8,12,2026-09-06T21:44:18Z,2026-09-06T21:59:18Z,True
tt06_bc69855325bf26d63b84c88b,test,ts-seat-service,0,0,0,2026-09-06T21:44:18Z,2026-09-06T21:59:18Z,True
tt06_bc69855325bf26d63b84c88b,test,ts-station-service,15,0,15,2026-09-06T21:44:18Z,2026-09-06T21:59:18Z,True
tt06_bc69855325bf26d63b84c88b,test,ts-train-service,80,32,48,2026-09-06T21:44:18Z,2026-09-06T21:59:18Z,True
tt06_bc69855325bf26d63b84c88b,test,ts-travel-service,0,0,0,2026-09-06T21:44:18Z,2026-09-06T21:59:18Z,True
tt06_bc69855325bf26d63b84c88b,test,ts-travel2-service,0,0,0,2026-09-06T21:44:18Z,2026-09-06T21:59:18Z,True
tt06_bc69855325bf26d63b84c88b,test,ts-ui-dashboard,0,0,0,2026-09-06T21:44:18Z,2026-09-06T21:59:18Z,True
tt06_bc69855325bf26d63b84c88b,test,ts-user-service,0,0,0,2026-09-06T21:44:18Z,2026-09-06T21:59:18Z,True
tt06_bc69855325bf26d63b84c88b,test,tsdb-mysql,547,181,270,2026-09-06T21:44:18Z,2026-09-06T21:59:18Z,True
tt06_bd098b7a6175c30bfa094995,test,nacos,0,0,0,2026-09-07T05:25:51Z,2026-09-07T05:40:51Z,True
tt06_bd098b7a6175c30bfa094995,test,nacosdb-mysql,548,182,270,2026-09-07T05:25:51Z,2026-09-07T05:40:51Z,True
tt06_bd098b7a6175c30bfa094995,test,rabbitmq,0,0,0,2026-09-07T05:25:51Z,2026-09-07T05:40:51Z,True
tt06_bd098b7a6175c30bfa094995,test,ts-auth-service,0,0,0,2026-09-07T05:25:51Z,2026-09-07T05:40:51Z,True
tt06_bd098b7a6175c30bfa094995,test,ts-basic-service,0,0,0,2026-09-07T05:25:51Z,2026-09-07T05:40:51Z,True
tt06_bd098b7a6175c30bfa094995,test,ts-config-service,0,0,0,2026-09-07T05:25:51Z,2026-09-07T05:40:51Z,True
tt06_bd098b7a6175c30bfa094995,test,ts-contacts-service,0,0,0,2026-09-07T05:25:51Z,2026-09-07T05:40:51Z,True
tt06_bd098b7a6175c30bfa094995,test,ts-gateway-service,0,0,0,2026-09-07T05:25:51Z,2026-09-07T05:40:51Z,True
tt06_bd098b7a6175c30bfa094995,test,ts-order-other-service,0,0,0,2026-09-07T05:25:51Z,2026-09-07T05:40:51Z,True
tt06_bd098b7a6175c30bfa094995,test,ts-order-service,0,0,0,2026-09-07T05:25:51Z,2026-09-07T05:40:51Z,True
tt06_bd098b7a6175c30bfa094995,test,ts-price-service,63,48,15,2026-09-07T05:25:51Z,2026-09-07T05:40:51Z,True
tt06_bd098b7a6175c30bfa094995,test,ts-route-service,60,24,36,2026-09-07T05:25:51Z,2026-09-07T05:40:51Z,True
tt06_bd098b7a6175c30bfa094995,test,ts-seat-service,0,0,0,2026-09-07T05:25:51Z,2026-09-07T05:40:51Z,True
tt06_bd098b7a6175c30bfa094995,test,ts-station-service,0,0,0,2026-09-07T05:25:51Z,2026-09-07T05:40:51Z,True
tt06_bd098b7a6175c30bfa094995,test,ts-train-service,56,24,32,2026-09-07T05:25:51Z,2026-09-07T05:40:51Z,True
tt06_bd098b7a6175c30bfa094995,test,ts-travel-service,0,0,0,2026-09-07T05:25:51Z,2026-09-07T05:40:51Z,True
tt06_bd098b7a6175c30bfa094995,test,ts-travel2-service,0,0,0,2026-09-07T05:25:51Z,2026-09-07T05:40:51Z,True
tt06_bd098b7a6175c30bfa094995,test,ts-ui-dashboard,0,0,0,2026-09-07T05:25:51Z,2026-09-07T05:40:51Z,True
tt06_bd098b7a6175c30bfa094995,test,ts-user-service,0,0,0,2026-09-07T05:25:51Z,2026-09-07T05:40:51Z,True
tt06_bd098b7a6175c30bfa094995,test,tsdb-mysql,548,180,270,2026-09-07T05:25:51Z,2026-09-07T05:40:51Z,True
tt06_bfe70f5dc96f8f801718dc2e,test,nacos,0,0,0,2026-09-07T13:47:49.132411+00:00,2026-09-07T14:02:49Z,True
tt06_bfe70f5dc96f8f801718dc2e,test,nacosdb-mysql,547,180,270,2026-09-07T13:47:49.132411+00:00,2026-09-07T14:02:49Z,True
tt06_bfe70f5dc96f8f801718dc2e,test,rabbitmq,0,0,0,2026-09-07T13:47:49.132411+00:00,2026-09-07T14:02:49Z,True
tt06_bfe70f5dc96f8f801718dc2e,test,ts-auth-service,0,0,0,2026-09-07T13:47:49.132411+00:00,2026-09-07T14:02:49Z,True
tt06_bfe70f5dc96f8f801718dc2e,test,ts-basic-service,0,0,0,2026-09-07T13:47:49.132411+00:00,2026-09-07T14:02:49Z,True
tt06_bfe70f5dc96f8f801718dc2e,test,ts-config-service,0,0,0,2026-09-07T13:47:49.132411+00:00,2026-09-07T14:02:49Z,True
tt06_bfe70f5dc96f8f801718dc2e,test,ts-contacts-service,0,0,0,2026-09-07T13:47:49.132411+00:00,2026-09-07T14:02:49Z,True
tt06_bfe70f5dc96f8f801718dc2e,test,ts-gateway-service,0,0,0,2026-09-07T13:47:49.132411+00:00,2026-09-07T14:02:49Z,True
tt06_bfe70f5dc96f8f801718dc2e,test,ts-order-other-service,0,0,0,2026-09-07T13:47:49.132411+00:00,2026-09-07T14:02:49Z,True
tt06_bfe70f5dc96f8f801718dc2e,test,ts-order-service,0,0,0,2026-09-07T13:47:49.132411+00:00,2026-09-07T14:02:49Z,True
tt06_bfe70f5dc96f8f801718dc2e,test,ts-price-service,74,30,42,2026-09-07T13:47:49.132411+00:00,2026-09-07T14:02:49Z,True
tt06_bfe70f5dc96f8f801718dc2e,test,ts-route-service,40,15,24,2026-09-07T13:47:49.132411+00:00,2026-09-07T14:02:49Z,True
tt06_bfe70f5dc96f8f801718dc2e,test,ts-seat-service,0,0,0,2026-09-07T13:47:49.132411+00:00,2026-09-07T14:02:49Z,True
tt06_bfe70f5dc96f8f801718dc2e,test,ts-station-service,0,0,0,2026-09-07T13:47:49.132411+00:00,2026-09-07T14:02:49Z,True
tt06_bfe70f5dc96f8f801718dc2e,test,ts-train-service,39,15,23,2026-09-07T13:47:49.132411+00:00,2026-09-07T14:02:49Z,True
tt06_bfe70f5dc96f8f801718dc2e,test,ts-travel-service,0,0,0,2026-09-07T13:47:49.132411+00:00,2026-09-07T14:02:49Z,True
tt06_bfe70f5dc96f8f801718dc2e,test,ts-travel2-service,0,0,0,2026-09-07T13:47:49.132411+00:00,2026-09-07T14:02:49Z,True
tt06_bfe70f5dc96f8f801718dc2e,test,ts-ui-dashboard,0,0,0,2026-09-07T13:47:49.132411+00:00,2026-09-07T14:02:49Z,True
tt06_bfe70f5dc96f8f801718dc2e,test,ts-user-service,0,0,0,2026-09-07T13:47:49.132411+00:00,2026-09-07T14:02:49Z,True
tt06_bfe70f5dc96f8f801718dc2e,test,tsdb-mysql,547,180,270,2026-09-07T13:47:49.132411+00:00,2026-09-07T14:02:49Z,True
tt06_c2a11f127f5f5bf54bc5b3f2,test,nacos,0,0,0,2026-09-07T18:18:26.402977+00:00,2026-09-07T18:33:26Z,True
tt06_c2a11f127f5f5bf54bc5b3f2,test,nacosdb-mysql,548,180,270,2026-09-07T18:18:26.402977+00:00,2026-09-07T18:33:26Z,True
tt06_c2a11f127f5f5bf54bc5b3f2,test,rabbitmq,0,0,0,2026-09-07T18:18:26.402977+00:00,2026-09-07T18:33:26Z,True
tt06_c2a11f127f5f5bf54bc5b3f2,test,ts-auth-service,0,0,0,2026-09-07T18:18:26.402977+00:00,2026-09-07T18:33:26Z,True
tt06_c2a11f127f5f5bf54bc5b3f2,test,ts-basic-service,0,0,0,2026-09-07T18:18:26.402977+00:00,2026-09-07T18:33:26Z,True
tt06_c2a11f127f5f5bf54bc5b3f2,test,ts-config-service,0,0,0,2026-09-07T18:18:26.402977+00:00,2026-09-07T18:33:26Z,True
tt06_c2a11f127f5f5bf54bc5b3f2,test,ts-contacts-service,0,0,0,2026-09-07T18:18:26.402977+00:00,2026-09-07T18:33:26Z,True
tt06_c2a11f127f5f5bf54bc5b3f2,test,ts-gateway-service,0,0,0,2026-09-07T18:18:26.402977+00:00,2026-09-07T18:33:26Z,True
tt06_c2a11f127f5f5bf54bc5b3f2,test,ts-order-other-service,0,0,0,2026-09-07T18:18:26.402977+00:00,2026-09-07T18:33:26Z,True
tt06_c2a11f127f5f5bf54bc5b3f2,test,ts-order-service,0,0,0,2026-09-07T18:18:26.402977+00:00,2026-09-07T18:33:26Z,True
tt06_c2a11f127f5f5bf54bc5b3f2,test,ts-price-service,42,16,24,2026-09-07T18:18:26.402977+00:00,2026-09-07T18:33:26Z,True
tt06_c2a11f127f5f5bf54bc5b3f2,test,ts-route-service,158,32,48,2026-09-07T18:18:26.402977+00:00,2026-09-07T18:33:26Z,True
tt06_c2a11f127f5f5bf54bc5b3f2,test,ts-seat-service,0,0,0,2026-09-07T18:18:26.402977+00:00,2026-09-07T18:33:26Z,True
tt06_c2a11f127f5f5bf54bc5b3f2,test,ts-station-service,0,0,0,2026-09-07T18:18:26.402977+00:00,2026-09-07T18:33:26Z,True
tt06_c2a11f127f5f5bf54bc5b3f2,test,ts-train-service,21,8,12,2026-09-07T18:18:26.402977+00:00,2026-09-07T18:33:26Z,True
tt06_c2a11f127f5f5bf54bc5b3f2,test,ts-travel-service,0,0,0,2026-09-07T18:18:26.402977+00:00,2026-09-07T18:33:26Z,True
tt06_c2a11f127f5f5bf54bc5b3f2,test,ts-travel2-service,0,0,0,2026-09-07T18:18:26.402977+00:00,2026-09-07T18:33:26Z,True
tt06_c2a11f127f5f5bf54bc5b3f2,test,ts-ui-dashboard,0,0,0,2026-09-07T18:18:26.402977+00:00,2026-09-07T18:33:26Z,True
tt06_c2a11f127f5f5bf54bc5b3f2,test,ts-user-service,0,0,0,2026-09-07T18:18:26.402977+00:00,2026-09-07T18:33:26Z,True
tt06_c2a11f127f5f5bf54bc5b3f2,test,tsdb-mysql,548,180,270,2026-09-07T18:18:26.402977+00:00,2026-09-07T18:33:26Z,True
tt06_c5439d0d4a59e906d809c339,test,nacos,0,0,0,2026-09-09T03:34:48Z,2026-09-09T03:49:48Z,True
tt06_c5439d0d4a59e906d809c339,test,nacosdb-mysql,548,180,270,2026-09-09T03:34:48Z,2026-09-09T03:49:48Z,True
tt06_c5439d0d4a59e906d809c339,test,rabbitmq,0,0,0,2026-09-09T03:34:48Z,2026-09-09T03:49:48Z,True
tt06_c5439d0d4a59e906d809c339,test,ts-auth-service,0,0,0,2026-09-09T03:34:48Z,2026-09-09T03:49:48Z,True
tt06_c5439d0d4a59e906d809c339,test,ts-basic-service,0,0,0,2026-09-09T03:34:48Z,2026-09-09T03:49:48Z,True
tt06_c5439d0d4a59e906d809c339,test,ts-config-service,0,0,0,2026-09-09T03:34:48Z,2026-09-09T03:49:48Z,True
tt06_c5439d0d4a59e906d809c339,test,ts-contacts-service,0,0,0,2026-09-09T03:34:48Z,2026-09-09T03:49:48Z,True
tt06_c5439d0d4a59e906d809c339,test,ts-gateway-service,0,0,0,2026-09-09T03:34:48Z,2026-09-09T03:49:48Z,True
tt06_c5439d0d4a59e906d809c339,test,ts-order-other-service,0,0,0,2026-09-09T03:34:48Z,2026-09-09T03:49:48Z,True
tt06_c5439d0d4a59e906d809c339,test,ts-order-service,0,0,0,2026-09-09T03:34:48Z,2026-09-09T03:49:48Z,True
tt06_c5439d0d4a59e906d809c339,test,ts-price-service,40,16,24,2026-09-09T03:34:48Z,2026-09-09T03:49:48Z,True
tt06_c5439d0d4a59e906d809c339,test,ts-route-service,20,8,12,2026-09-09T03:34:48Z,2026-09-09T03:49:48Z,True
tt06_c5439d0d4a59e906d809c339,test,ts-seat-service,0,0,0,2026-09-09T03:34:48Z,2026-09-09T03:49:48Z,True
tt06_c5439d0d4a59e906d809c339,test,ts-station-service,15,0,15,2026-09-09T03:34:48Z,2026-09-09T03:49:48Z,True
tt06_c5439d0d4a59e906d809c339,test,ts-train-service,80,32,48,2026-09-09T03:34:48Z,2026-09-09T03:49:48Z,True
tt06_c5439d0d4a59e906d809c339,test,ts-travel-service,0,0,0,2026-09-09T03:34:48Z,2026-09-09T03:49:48Z,True
tt06_c5439d0d4a59e906d809c339,test,ts-travel2-service,0,0,0,2026-09-09T03:34:48Z,2026-09-09T03:49:48Z,True
tt06_c5439d0d4a59e906d809c339,test,ts-ui-dashboard,0,0,0,2026-09-09T03:34:48Z,2026-09-09T03:49:48Z,True
tt06_c5439d0d4a59e906d809c339,test,ts-user-service,0,0,0,2026-09-09T03:34:48Z,2026-09-09T03:49:48Z,True
tt06_c5439d0d4a59e906d809c339,test,tsdb-mysql,548,181,270,2026-09-09T03:34:48Z,2026-09-09T03:49:48Z,True
tt06_c5a107bdcd9302eb9eec042c,test,nacos,0,0,0,2026-09-08T06:28:38.031597+00:00,2026-09-08T06:43:38Z,True
tt06_c5a107bdcd9302eb9eec042c,test,nacosdb-mysql,547,180,270,2026-09-08T06:28:38.031597+00:00,2026-09-08T06:43:38Z,True
tt06_c5a107bdcd9302eb9eec042c,test,rabbitmq,0,0,0,2026-09-08T06:28:38.031597+00:00,2026-09-08T06:43:38Z,True
tt06_c5a107bdcd9302eb9eec042c,test,ts-auth-service,0,0,0,2026-09-08T06:28:38.031597+00:00,2026-09-08T06:43:38Z,True
tt06_c5a107bdcd9302eb9eec042c,test,ts-basic-service,0,0,0,2026-09-08T06:28:38.031597+00:00,2026-09-08T06:43:38Z,True
tt06_c5a107bdcd9302eb9eec042c,test,ts-config-service,0,0,0,2026-09-08T06:28:38.031597+00:00,2026-09-08T06:43:38Z,True
tt06_c5a107bdcd9302eb9eec042c,test,ts-contacts-service,0,0,0,2026-09-08T06:28:38.031597+00:00,2026-09-08T06:43:38Z,True
tt06_c5a107bdcd9302eb9eec042c,test,ts-gateway-service,0,0,0,2026-09-08T06:28:38.031597+00:00,2026-09-08T06:43:38Z,True
tt06_c5a107bdcd9302eb9eec042c,test,ts-order-other-service,0,0,0,2026-09-08T06:28:38.031597+00:00,2026-09-08T06:43:38Z,True
tt06_c5a107bdcd9302eb9eec042c,test,ts-order-service,0,0,0,2026-09-08T06:28:38.031597+00:00,2026-09-08T06:43:38Z,True
tt06_c5a107bdcd9302eb9eec042c,test,ts-price-service,42,16,24,2026-09-08T06:28:38.031597+00:00,2026-09-08T06:43:38Z,True
tt06_c5a107bdcd9302eb9eec042c,test,ts-route-service,21,8,12,2026-09-08T06:28:38.031597+00:00,2026-09-08T06:43:38Z,True
tt06_c5a107bdcd9302eb9eec042c,test,ts-seat-service,0,0,0,2026-09-08T06:28:38.031597+00:00,2026-09-08T06:43:38Z,True
tt06_c5a107bdcd9302eb9eec042c,test,ts-station-service,80,0,0,2026-09-08T06:28:38.031597+00:00,2026-09-08T06:43:38Z,True
tt06_c5a107bdcd9302eb9eec042c,test,ts-train-service,81,32,48,2026-09-08T06:28:38.031597+00:00,2026-09-08T06:43:38Z,True
tt06_c5a107bdcd9302eb9eec042c,test,ts-travel-service,0,0,0,2026-09-08T06:28:38.031597+00:00,2026-09-08T06:43:38Z,True
tt06_c5a107bdcd9302eb9eec042c,test,ts-travel2-service,0,0,0,2026-09-08T06:28:38.031597+00:00,2026-09-08T06:43:38Z,True
tt06_c5a107bdcd9302eb9eec042c,test,ts-ui-dashboard,0,0,0,2026-09-08T06:28:38.031597+00:00,2026-09-08T06:43:38Z,True
tt06_c5a107bdcd9302eb9eec042c,test,ts-user-service,0,0,0,2026-09-08T06:28:38.031597+00:00,2026-09-08T06:43:38Z,True
tt06_c5a107bdcd9302eb9eec042c,test,tsdb-mysql,548,180,270,2026-09-08T06:28:38.031597+00:00,2026-09-08T06:43:38Z,True
tt06_c9702522bfcdaa8478ff41fd,test,nacos,0,0,0,2026-09-06T19:10:31Z,2026-09-06T19:25:31Z,True
tt06_c9702522bfcdaa8478ff41fd,test,nacosdb-mysql,548,180,270,2026-09-06T19:10:31Z,2026-09-06T19:25:31Z,True
tt06_c9702522bfcdaa8478ff41fd,test,rabbitmq,0,0,0,2026-09-06T19:10:31Z,2026-09-06T19:25:31Z,True
tt06_c9702522bfcdaa8478ff41fd,test,ts-auth-service,0,0,0,2026-09-06T19:10:31Z,2026-09-06T19:25:31Z,True
tt06_c9702522bfcdaa8478ff41fd,test,ts-basic-service,0,0,0,2026-09-06T19:10:31Z,2026-09-06T19:25:31Z,True
tt06_c9702522bfcdaa8478ff41fd,test,ts-config-service,0,0,0,2026-09-06T19:10:31Z,2026-09-06T19:25:31Z,True
tt06_c9702522bfcdaa8478ff41fd,test,ts-contacts-service,0,0,0,2026-09-06T19:10:31Z,2026-09-06T19:25:31Z,True
tt06_c9702522bfcdaa8478ff41fd,test,ts-gateway-service,0,0,0,2026-09-06T19:10:31Z,2026-09-06T19:25:31Z,True
tt06_c9702522bfcdaa8478ff41fd,test,ts-order-other-service,0,0,0,2026-09-06T19:10:31Z,2026-09-06T19:25:31Z,True
tt06_c9702522bfcdaa8478ff41fd,test,ts-order-service,0,0,0,2026-09-06T19:10:31Z,2026-09-06T19:25:31Z,True
tt06_c9702522bfcdaa8478ff41fd,test,ts-price-service,40,16,24,2026-09-06T19:10:31Z,2026-09-06T19:25:31Z,True
tt06_c9702522bfcdaa8478ff41fd,test,ts-route-service,47,32,15,2026-09-06T19:10:31Z,2026-09-06T19:25:31Z,True
tt06_c9702522bfcdaa8478ff41fd,test,ts-seat-service,0,0,0,2026-09-06T19:10:31Z,2026-09-06T19:25:31Z,True
tt06_c9702522bfcdaa8478ff41fd,test,ts-station-service,0,0,0,2026-09-06T19:10:31Z,2026-09-06T19:25:31Z,True
tt06_c9702522bfcdaa8478ff41fd,test,ts-train-service,20,8,12,2026-09-06T19:10:31Z,2026-09-06T19:25:31Z,True
tt06_c9702522bfcdaa8478ff41fd,test,ts-travel-service,0,0,0,2026-09-06T19:10:31Z,2026-09-06T19:25:31Z,True
tt06_c9702522bfcdaa8478ff41fd,test,ts-travel2-service,0,0,0,2026-09-06T19:10:31Z,2026-09-06T19:25:31Z,True
tt06_c9702522bfcdaa8478ff41fd,test,ts-ui-dashboard,0,0,0,2026-09-06T19:10:31Z,2026-09-06T19:25:31Z,True
tt06_c9702522bfcdaa8478ff41fd,test,ts-user-service,0,0,0,2026-09-06T19:10:31Z,2026-09-06T19:25:31Z,True
tt06_c9702522bfcdaa8478ff41fd,test,tsdb-mysql,548,180,270,2026-09-06T19:10:31Z,2026-09-06T19:25:31Z,True
tt06_cd4a97d37ef81d369455d90e,test,nacos,0,0,0,2026-09-06T16:00:02.654711+00:00,2026-09-06T16:15:02Z,True
tt06_cd4a97d37ef81d369455d90e,test,nacosdb-mysql,548,180,270,2026-09-06T16:00:02.654711+00:00,2026-09-06T16:15:02Z,True
tt06_cd4a97d37ef81d369455d90e,test,rabbitmq,0,0,0,2026-09-06T16:00:02.654711+00:00,2026-09-06T16:15:02Z,True
tt06_cd4a97d37ef81d369455d90e,test,ts-auth-service,0,0,0,2026-09-06T16:00:02.654711+00:00,2026-09-06T16:15:02Z,True
tt06_cd4a97d37ef81d369455d90e,test,ts-basic-service,0,0,0,2026-09-06T16:00:02.654711+00:00,2026-09-06T16:15:02Z,True
tt06_cd4a97d37ef81d369455d90e,test,ts-config-service,0,0,0,2026-09-06T16:00:02.654711+00:00,2026-09-06T16:15:02Z,True
tt06_cd4a97d37ef81d369455d90e,test,ts-contacts-service,0,0,0,2026-09-06T16:00:02.654711+00:00,2026-09-06T16:15:02Z,True
tt06_cd4a97d37ef81d369455d90e,test,ts-gateway-service,0,0,0,2026-09-06T16:00:02.654711+00:00,2026-09-06T16:15:02Z,True
tt06_cd4a97d37ef81d369455d90e,test,ts-order-other-service,0,0,0,2026-09-06T16:00:02.654711+00:00,2026-09-06T16:15:02Z,True
tt06_cd4a97d37ef81d369455d90e,test,ts-order-service,0,0,0,2026-09-06T16:00:02.654711+00:00,2026-09-06T16:15:02Z,True
tt06_cd4a97d37ef81d369455d90e,test,ts-price-service,74,30,42,2026-09-06T16:00:02.654711+00:00,2026-09-06T16:15:02Z,True
tt06_cd4a97d37ef81d369455d90e,test,ts-route-service,40,15,24,2026-09-06T16:00:02.654711+00:00,2026-09-06T16:15:02Z,True
tt06_cd4a97d37ef81d369455d90e,test,ts-seat-service,0,0,0,2026-09-06T16:00:02.654711+00:00,2026-09-06T16:15:02Z,True
tt06_cd4a97d37ef81d369455d90e,test,ts-station-service,0,0,0,2026-09-06T16:00:02.654711+00:00,2026-09-06T16:15:02Z,True
tt06_cd4a97d37ef81d369455d90e,test,ts-train-service,39,15,23,2026-09-06T16:00:02.654711+00:00,2026-09-06T16:15:02Z,True
tt06_cd4a97d37ef81d369455d90e,test,ts-travel-service,0,0,0,2026-09-06T16:00:02.654711+00:00,2026-09-06T16:15:02Z,True
tt06_cd4a97d37ef81d369455d90e,test,ts-travel2-service,0,0,0,2026-09-06T16:00:02.654711+00:00,2026-09-06T16:15:02Z,True
tt06_cd4a97d37ef81d369455d90e,test,ts-ui-dashboard,0,0,0,2026-09-06T16:00:02.654711+00:00,2026-09-06T16:15:02Z,True
tt06_cd4a97d37ef81d369455d90e,test,ts-user-service,0,0,0,2026-09-06T16:00:02.654711+00:00,2026-09-06T16:15:02Z,True
tt06_cd4a97d37ef81d369455d90e,test,tsdb-mysql,547,181,268,2026-09-06T16:00:02.654711+00:00,2026-09-06T16:15:02Z,True
tt06_d479ce5659fbb37f157325b4,test,nacos,0,0,0,2026-09-07T16:21:38.327980+00:00,2026-09-07T16:36:38Z,True
tt06_d479ce5659fbb37f157325b4,test,nacosdb-mysql,547,180,270,2026-09-07T16:21:38.327980+00:00,2026-09-07T16:36:38Z,True
tt06_d479ce5659fbb37f157325b4,test,rabbitmq,0,0,0,2026-09-07T16:21:38.327980+00:00,2026-09-07T16:36:38Z,True
tt06_d479ce5659fbb37f157325b4,test,ts-auth-service,0,0,0,2026-09-07T16:21:38.327980+00:00,2026-09-07T16:36:38Z,True
tt06_d479ce5659fbb37f157325b4,test,ts-basic-service,0,0,0,2026-09-07T16:21:38.327980+00:00,2026-09-07T16:36:38Z,True
tt06_d479ce5659fbb37f157325b4,test,ts-config-service,0,0,0,2026-09-07T16:21:38.327980+00:00,2026-09-07T16:36:38Z,True
tt06_d479ce5659fbb37f157325b4,test,ts-contacts-service,0,0,0,2026-09-07T16:21:38.327980+00:00,2026-09-07T16:36:38Z,True
tt06_d479ce5659fbb37f157325b4,test,ts-gateway-service,0,0,0,2026-09-07T16:21:38.327980+00:00,2026-09-07T16:36:38Z,True
tt06_d479ce5659fbb37f157325b4,test,ts-order-other-service,0,0,0,2026-09-07T16:21:38.327980+00:00,2026-09-07T16:36:38Z,True
tt06_d479ce5659fbb37f157325b4,test,ts-order-service,0,0,0,2026-09-07T16:21:38.327980+00:00,2026-09-07T16:36:38Z,True
tt06_d479ce5659fbb37f157325b4,test,ts-price-service,130,48,80,2026-09-07T16:21:38.327980+00:00,2026-09-07T16:36:38Z,True
tt06_d479ce5659fbb37f157325b4,test,ts-route-service,61,24,36,2026-09-07T16:21:38.327980+00:00,2026-09-07T16:36:38Z,True
tt06_d479ce5659fbb37f157325b4,test,ts-seat-service,0,0,0,2026-09-07T16:21:38.327980+00:00,2026-09-07T16:36:38Z,True
tt06_d479ce5659fbb37f157325b4,test,ts-station-service,0,0,0,2026-09-07T16:21:38.327980+00:00,2026-09-07T16:36:38Z,True
tt06_d479ce5659fbb37f157325b4,test,ts-train-service,57,24,32,2026-09-07T16:21:38.327980+00:00,2026-09-07T16:36:38Z,True
tt06_d479ce5659fbb37f157325b4,test,ts-travel-service,0,0,0,2026-09-07T16:21:38.327980+00:00,2026-09-07T16:36:38Z,True
tt06_d479ce5659fbb37f157325b4,test,ts-travel2-service,0,0,0,2026-09-07T16:21:38.327980+00:00,2026-09-07T16:36:38Z,True
tt06_d479ce5659fbb37f157325b4,test,ts-ui-dashboard,0,0,0,2026-09-07T16:21:38.327980+00:00,2026-09-07T16:36:38Z,True
tt06_d479ce5659fbb37f157325b4,test,ts-user-service,0,0,0,2026-09-07T16:21:38.327980+00:00,2026-09-07T16:36:38Z,True
tt06_d479ce5659fbb37f157325b4,test,tsdb-mysql,548,182,270,2026-09-07T16:21:38.327980+00:00,2026-09-07T16:36:38Z,True
tt06_d4a1c24d581d6a80f1e4f3b5,test,nacos,0,0,0,2026-09-06T13:26:11.239780+00:00,2026-09-06T13:41:11Z,True
tt06_d4a1c24d581d6a80f1e4f3b5,test,nacosdb-mysql,547,181,270,2026-09-06T13:26:11.239780+00:00,2026-09-06T13:41:11Z,True
tt06_d4a1c24d581d6a80f1e4f3b5,test,rabbitmq,0,0,0,2026-09-06T13:26:11.239780+00:00,2026-09-06T13:41:11Z,True
tt06_d4a1c24d581d6a80f1e4f3b5,test,ts-auth-service,0,0,0,2026-09-06T13:26:11.239780+00:00,2026-09-06T13:41:11Z,True
tt06_d4a1c24d581d6a80f1e4f3b5,test,ts-basic-service,0,0,0,2026-09-06T13:26:11.239780+00:00,2026-09-06T13:41:11Z,True
tt06_d4a1c24d581d6a80f1e4f3b5,test,ts-config-service,0,0,0,2026-09-06T13:26:11.239780+00:00,2026-09-06T13:41:11Z,True
tt06_d4a1c24d581d6a80f1e4f3b5,test,ts-contacts-service,0,0,0,2026-09-06T13:26:11.239780+00:00,2026-09-06T13:41:11Z,True
tt06_d4a1c24d581d6a80f1e4f3b5,test,ts-gateway-service,0,0,0,2026-09-06T13:26:11.239780+00:00,2026-09-06T13:41:11Z,True
tt06_d4a1c24d581d6a80f1e4f3b5,test,ts-order-other-service,0,0,0,2026-09-06T13:26:11.239780+00:00,2026-09-06T13:41:11Z,True
tt06_d4a1c24d581d6a80f1e4f3b5,test,ts-order-service,0,0,0,2026-09-06T13:26:11.239780+00:00,2026-09-06T13:41:11Z,True
tt06_d4a1c24d581d6a80f1e4f3b5,test,ts-price-service,42,16,24,2026-09-06T13:26:11.239780+00:00,2026-09-06T13:41:11Z,True
tt06_d4a1c24d581d6a80f1e4f3b5,test,ts-route-service,21,8,12,2026-09-06T13:26:11.239780+00:00,2026-09-06T13:41:11Z,True
tt06_d4a1c24d581d6a80f1e4f3b5,test,ts-seat-service,0,0,0,2026-09-06T13:26:11.239780+00:00,2026-09-06T13:41:11Z,True
tt06_d4a1c24d581d6a80f1e4f3b5,test,ts-station-service,0,0,0,2026-09-06T13:26:11.239780+00:00,2026-09-06T13:41:11Z,True
tt06_d4a1c24d581d6a80f1e4f3b5,test,ts-train-service,81,32,48,2026-09-06T13:26:11.239780+00:00,2026-09-06T13:41:11Z,True
tt06_d4a1c24d581d6a80f1e4f3b5,test,ts-travel-service,0,0,0,2026-09-06T13:26:11.239780+00:00,2026-09-06T13:41:11Z,True
tt06_d4a1c24d581d6a80f1e4f3b5,test,ts-travel2-service,0,0,0,2026-09-06T13:26:11.239780+00:00,2026-09-06T13:41:11Z,True
tt06_d4a1c24d581d6a80f1e4f3b5,test,ts-ui-dashboard,0,0,0,2026-09-06T13:26:11.239780+00:00,2026-09-06T13:41:11Z,True
tt06_d4a1c24d581d6a80f1e4f3b5,test,ts-user-service,0,0,0,2026-09-06T13:26:11.239780+00:00,2026-09-06T13:41:11Z,True
tt06_d4a1c24d581d6a80f1e4f3b5,test,tsdb-mysql,547,180,270,2026-09-06T13:26:11.239780+00:00,2026-09-06T13:41:11Z,True
tt06_d6b15ea06d8a254c6ca8fc08,test,nacos,0,0,0,2026-09-09T08:08:27Z,2026-09-09T08:23:27Z,True
tt06_d6b15ea06d8a254c6ca8fc08,test,nacosdb-mysql,546,180,270,2026-09-09T08:08:27Z,2026-09-09T08:23:27Z,True
tt06_d6b15ea06d8a254c6ca8fc08,test,rabbitmq,0,0,0,2026-09-09T08:08:27Z,2026-09-09T08:23:27Z,True
tt06_d6b15ea06d8a254c6ca8fc08,test,ts-auth-service,0,0,0,2026-09-09T08:08:27Z,2026-09-09T08:23:27Z,True
tt06_d6b15ea06d8a254c6ca8fc08,test,ts-basic-service,0,0,0,2026-09-09T08:08:27Z,2026-09-09T08:23:27Z,True
tt06_d6b15ea06d8a254c6ca8fc08,test,ts-config-service,0,0,0,2026-09-09T08:08:27Z,2026-09-09T08:23:27Z,True
tt06_d6b15ea06d8a254c6ca8fc08,test,ts-contacts-service,0,0,0,2026-09-09T08:08:27Z,2026-09-09T08:23:27Z,True
tt06_d6b15ea06d8a254c6ca8fc08,test,ts-gateway-service,229,0,138,2026-09-09T08:08:27Z,2026-09-09T08:23:27Z,True
tt06_d6b15ea06d8a254c6ca8fc08,test,ts-order-other-service,0,0,0,2026-09-09T08:08:27Z,2026-09-09T08:23:27Z,True
tt06_d6b15ea06d8a254c6ca8fc08,test,ts-order-service,0,0,0,2026-09-09T08:08:27Z,2026-09-09T08:23:27Z,True
tt06_d6b15ea06d8a254c6ca8fc08,test,ts-price-service,30,30,0,2026-09-09T08:08:27Z,2026-09-09T08:23:27Z,True
tt06_d6b15ea06d8a254c6ca8fc08,test,ts-route-service,15,15,0,2026-09-09T08:08:27Z,2026-09-09T08:23:27Z,True
tt06_d6b15ea06d8a254c6ca8fc08,test,ts-seat-service,0,0,0,2026-09-09T08:08:27Z,2026-09-09T08:23:27Z,True
tt06_d6b15ea06d8a254c6ca8fc08,test,ts-station-service,0,0,0,2026-09-09T08:08:27Z,2026-09-09T08:23:27Z,True
tt06_d6b15ea06d8a254c6ca8fc08,test,ts-train-service,15,15,0,2026-09-09T08:08:27Z,2026-09-09T08:23:27Z,True
tt06_d6b15ea06d8a254c6ca8fc08,test,ts-travel-service,0,0,0,2026-09-09T08:08:27Z,2026-09-09T08:23:27Z,True
tt06_d6b15ea06d8a254c6ca8fc08,test,ts-travel2-service,0,0,0,2026-09-09T08:08:27Z,2026-09-09T08:23:27Z,True
tt06_d6b15ea06d8a254c6ca8fc08,test,ts-ui-dashboard,0,0,0,2026-09-09T08:08:27Z,2026-09-09T08:23:27Z,True
tt06_d6b15ea06d8a254c6ca8fc08,test,ts-user-service,0,0,0,2026-09-09T08:08:27Z,2026-09-09T08:23:27Z,True
tt06_d6b15ea06d8a254c6ca8fc08,test,tsdb-mysql,547,180,270,2026-09-09T08:08:27Z,2026-09-09T08:23:27Z,True
tt06_d818ccd493bdf722ae38414a,test,nacos,0,0,0,2026-09-07T07:20:50Z,2026-09-07T07:35:50Z,True
tt06_d818ccd493bdf722ae38414a,test,nacosdb-mysql,548,180,270,2026-09-07T07:20:50Z,2026-09-07T07:35:50Z,True
tt06_d818ccd493bdf722ae38414a,test,rabbitmq,0,0,0,2026-09-07T07:20:50Z,2026-09-07T07:35:50Z,True
tt06_d818ccd493bdf722ae38414a,test,ts-auth-service,0,0,0,2026-09-07T07:20:50Z,2026-09-07T07:35:50Z,True
tt06_d818ccd493bdf722ae38414a,test,ts-basic-service,0,0,0,2026-09-07T07:20:50Z,2026-09-07T07:35:50Z,True
tt06_d818ccd493bdf722ae38414a,test,ts-config-service,0,0,0,2026-09-07T07:20:50Z,2026-09-07T07:35:50Z,True
tt06_d818ccd493bdf722ae38414a,test,ts-contacts-service,0,0,0,2026-09-07T07:20:50Z,2026-09-07T07:35:50Z,True
tt06_d818ccd493bdf722ae38414a,test,ts-gateway-service,0,0,0,2026-09-07T07:20:50Z,2026-09-07T07:35:50Z,True
tt06_d818ccd493bdf722ae38414a,test,ts-order-other-service,0,0,0,2026-09-07T07:20:50Z,2026-09-07T07:35:50Z,True
tt06_d818ccd493bdf722ae38414a,test,ts-order-service,0,0,0,2026-09-07T07:20:50Z,2026-09-07T07:35:50Z,True
tt06_d818ccd493bdf722ae38414a,test,ts-price-service,40,16,24,2026-09-07T07:20:50Z,2026-09-07T07:35:50Z,True
tt06_d818ccd493bdf722ae38414a,test,ts-route-service,20,8,12,2026-09-07T07:20:50Z,2026-09-07T07:35:50Z,True
tt06_d818ccd493bdf722ae38414a,test,ts-seat-service,0,0,0,2026-09-07T07:20:50Z,2026-09-07T07:35:50Z,True
tt06_d818ccd493bdf722ae38414a,test,ts-station-service,15,0,15,2026-09-07T07:20:50Z,2026-09-07T07:35:50Z,True
tt06_d818ccd493bdf722ae38414a,test,ts-train-service,80,32,48,2026-09-07T07:20:50Z,2026-09-07T07:35:50Z,True
tt06_d818ccd493bdf722ae38414a,test,ts-travel-service,0,0,0,2026-09-07T07:20:50Z,2026-09-07T07:35:50Z,True
tt06_d818ccd493bdf722ae38414a,test,ts-travel2-service,0,0,0,2026-09-07T07:20:50Z,2026-09-07T07:35:50Z,True
tt06_d818ccd493bdf722ae38414a,test,ts-ui-dashboard,0,0,0,2026-09-07T07:20:50Z,2026-09-07T07:35:50Z,True
tt06_d818ccd493bdf722ae38414a,test,ts-user-service,0,0,0,2026-09-07T07:20:50Z,2026-09-07T07:35:50Z,True
tt06_d818ccd493bdf722ae38414a,test,tsdb-mysql,547,180,270,2026-09-07T07:20:50Z,2026-09-07T07:35:50Z,True
tt06_d918ac9276fb99f9c4e6689f,test,nacos,0,0,0,2026-09-06T10:15:24.341155+00:00,2026-09-06T10:30:24Z,True
tt06_d918ac9276fb99f9c4e6689f,test,nacosdb-mysql,548,180,270,2026-09-06T10:15:24.341155+00:00,2026-09-06T10:30:24Z,True
tt06_d918ac9276fb99f9c4e6689f,test,rabbitmq,0,0,0,2026-09-06T10:15:24.341155+00:00,2026-09-06T10:30:24Z,True
tt06_d918ac9276fb99f9c4e6689f,test,ts-auth-service,0,0,0,2026-09-06T10:15:24.341155+00:00,2026-09-06T10:30:24Z,True
tt06_d918ac9276fb99f9c4e6689f,test,ts-basic-service,0,0,0,2026-09-06T10:15:24.341155+00:00,2026-09-06T10:30:24Z,True
tt06_d918ac9276fb99f9c4e6689f,test,ts-config-service,0,0,0,2026-09-06T10:15:24.341155+00:00,2026-09-06T10:30:24Z,True
tt06_d918ac9276fb99f9c4e6689f,test,ts-contacts-service,0,0,0,2026-09-06T10:15:24.341155+00:00,2026-09-06T10:30:24Z,True
tt06_d918ac9276fb99f9c4e6689f,test,ts-gateway-service,0,0,0,2026-09-06T10:15:24.341155+00:00,2026-09-06T10:30:24Z,True
tt06_d918ac9276fb99f9c4e6689f,test,ts-order-other-service,0,0,0,2026-09-06T10:15:24.341155+00:00,2026-09-06T10:30:24Z,True
tt06_d918ac9276fb99f9c4e6689f,test,ts-order-service,0,0,0,2026-09-06T10:15:24.341155+00:00,2026-09-06T10:30:24Z,True
tt06_d918ac9276fb99f9c4e6689f,test,ts-price-service,42,16,24,2026-09-06T10:15:24.341155+00:00,2026-09-06T10:30:24Z,True
tt06_d918ac9276fb99f9c4e6689f,test,ts-route-service,158,32,48,2026-09-06T10:15:24.341155+00:00,2026-09-06T10:30:24Z,True
tt06_d918ac9276fb99f9c4e6689f,test,ts-seat-service,0,0,0,2026-09-06T10:15:24.341155+00:00,2026-09-06T10:30:24Z,True
tt06_d918ac9276fb99f9c4e6689f,test,ts-station-service,0,0,0,2026-09-06T10:15:24.341155+00:00,2026-09-06T10:30:24Z,True
tt06_d918ac9276fb99f9c4e6689f,test,ts-train-service,21,8,12,2026-09-06T10:15:24.341155+00:00,2026-09-06T10:30:24Z,True
tt06_d918ac9276fb99f9c4e6689f,test,ts-travel-service,0,0,0,2026-09-06T10:15:24.341155+00:00,2026-09-06T10:30:24Z,True
tt06_d918ac9276fb99f9c4e6689f,test,ts-travel2-service,0,0,0,2026-09-06T10:15:24.341155+00:00,2026-09-06T10:30:24Z,True
tt06_d918ac9276fb99f9c4e6689f,test,ts-ui-dashboard,0,0,0,2026-09-06T10:15:24.341155+00:00,2026-09-06T10:30:24Z,True
tt06_d918ac9276fb99f9c4e6689f,test,ts-user-service,0,0,0,2026-09-06T10:15:24.341155+00:00,2026-09-06T10:30:24Z,True
tt06_d918ac9276fb99f9c4e6689f,test,tsdb-mysql,549,181,270,2026-09-06T10:15:24.341155+00:00,2026-09-06T10:30:24Z,True
tt06_df3186891f0a7403ec9eaac7,test,nacos,0,0,0,2026-09-08T17:57:28Z,2026-09-08T18:12:28Z,True
tt06_df3186891f0a7403ec9eaac7,test,nacosdb-mysql,548,180,270,2026-09-08T17:57:28Z,2026-09-08T18:12:28Z,True
tt06_df3186891f0a7403ec9eaac7,test,rabbitmq,0,0,0,2026-09-08T17:57:28Z,2026-09-08T18:12:28Z,True
tt06_df3186891f0a7403ec9eaac7,test,ts-auth-service,0,0,0,2026-09-08T17:57:28Z,2026-09-08T18:12:28Z,True
tt06_df3186891f0a7403ec9eaac7,test,ts-basic-service,0,0,0,2026-09-08T17:57:28Z,2026-09-08T18:12:28Z,True
tt06_df3186891f0a7403ec9eaac7,test,ts-config-service,0,0,0,2026-09-08T17:57:28Z,2026-09-08T18:12:28Z,True
tt06_df3186891f0a7403ec9eaac7,test,ts-contacts-service,0,0,0,2026-09-08T17:57:28Z,2026-09-08T18:12:28Z,True
tt06_df3186891f0a7403ec9eaac7,test,ts-gateway-service,0,0,0,2026-09-08T17:57:28Z,2026-09-08T18:12:28Z,True
tt06_df3186891f0a7403ec9eaac7,test,ts-order-other-service,0,0,0,2026-09-08T17:57:28Z,2026-09-08T18:12:28Z,True
tt06_df3186891f0a7403ec9eaac7,test,ts-order-service,0,0,0,2026-09-08T17:57:28Z,2026-09-08T18:12:28Z,True
tt06_df3186891f0a7403ec9eaac7,test,ts-price-service,40,16,24,2026-09-08T17:57:28Z,2026-09-08T18:12:28Z,True
tt06_df3186891f0a7403ec9eaac7,test,ts-route-service,20,8,12,2026-09-08T17:57:28Z,2026-09-08T18:12:28Z,True
tt06_df3186891f0a7403ec9eaac7,test,ts-seat-service,0,0,0,2026-09-08T17:57:28Z,2026-09-08T18:12:28Z,True
tt06_df3186891f0a7403ec9eaac7,test,ts-station-service,15,0,15,2026-09-08T17:57:28Z,2026-09-08T18:12:28Z,True
tt06_df3186891f0a7403ec9eaac7,test,ts-train-service,80,32,48,2026-09-08T17:57:28Z,2026-09-08T18:12:28Z,True
tt06_df3186891f0a7403ec9eaac7,test,ts-travel-service,0,0,0,2026-09-08T17:57:28Z,2026-09-08T18:12:28Z,True
tt06_df3186891f0a7403ec9eaac7,test,ts-travel2-service,0,0,0,2026-09-08T17:57:28Z,2026-09-08T18:12:28Z,True
tt06_df3186891f0a7403ec9eaac7,test,ts-ui-dashboard,0,0,0,2026-09-08T17:57:28Z,2026-09-08T18:12:28Z,True
tt06_df3186891f0a7403ec9eaac7,test,ts-user-service,0,0,0,2026-09-08T17:57:28Z,2026-09-08T18:12:28Z,True
tt06_df3186891f0a7403ec9eaac7,test,tsdb-mysql,547,181,270,2026-09-08T17:57:28Z,2026-09-08T18:12:28Z,True
tt06_dfd6cc81ded489dddfbe6761,test,nacos,0,0,0,2026-09-07T01:37:26.898788+00:00,2026-09-07T01:52:26Z,True
tt06_dfd6cc81ded489dddfbe6761,test,nacosdb-mysql,546,180,270,2026-09-07T01:37:26.898788+00:00,2026-09-07T01:52:26Z,True
tt06_dfd6cc81ded489dddfbe6761,test,rabbitmq,0,0,0,2026-09-07T01:37:26.898788+00:00,2026-09-07T01:52:26Z,True
tt06_dfd6cc81ded489dddfbe6761,test,ts-auth-service,0,0,0,2026-09-07T01:37:26.898788+00:00,2026-09-07T01:52:26Z,True
tt06_dfd6cc81ded489dddfbe6761,test,ts-basic-service,0,0,0,2026-09-07T01:37:26.898788+00:00,2026-09-07T01:52:26Z,True
tt06_dfd6cc81ded489dddfbe6761,test,ts-config-service,0,0,0,2026-09-07T01:37:26.898788+00:00,2026-09-07T01:52:26Z,True
tt06_dfd6cc81ded489dddfbe6761,test,ts-contacts-service,0,0,0,2026-09-07T01:37:26.898788+00:00,2026-09-07T01:52:26Z,True
tt06_dfd6cc81ded489dddfbe6761,test,ts-gateway-service,0,0,0,2026-09-07T01:37:26.898788+00:00,2026-09-07T01:52:26Z,True
tt06_dfd6cc81ded489dddfbe6761,test,ts-order-other-service,0,0,0,2026-09-07T01:37:26.898788+00:00,2026-09-07T01:52:26Z,True
tt06_dfd6cc81ded489dddfbe6761,test,ts-order-service,0,0,0,2026-09-07T01:37:26.898788+00:00,2026-09-07T01:52:26Z,True
tt06_dfd6cc81ded489dddfbe6761,test,ts-price-service,42,16,24,2026-09-07T01:37:26.898788+00:00,2026-09-07T01:52:26Z,True
tt06_dfd6cc81ded489dddfbe6761,test,ts-route-service,21,8,12,2026-09-07T01:37:26.898788+00:00,2026-09-07T01:52:26Z,True
tt06_dfd6cc81ded489dddfbe6761,test,ts-seat-service,0,0,0,2026-09-07T01:37:26.898788+00:00,2026-09-07T01:52:26Z,True
tt06_dfd6cc81ded489dddfbe6761,test,ts-station-service,0,0,0,2026-09-07T01:37:26.898788+00:00,2026-09-07T01:52:26Z,True
tt06_dfd6cc81ded489dddfbe6761,test,ts-train-service,81,32,48,2026-09-07T01:37:26.898788+00:00,2026-09-07T01:52:26Z,True
tt06_dfd6cc81ded489dddfbe6761,test,ts-travel-service,0,0,0,2026-09-07T01:37:26.898788+00:00,2026-09-07T01:52:26Z,True
tt06_dfd6cc81ded489dddfbe6761,test,ts-travel2-service,0,0,0,2026-09-07T01:37:26.898788+00:00,2026-09-07T01:52:26Z,True
tt06_dfd6cc81ded489dddfbe6761,test,ts-ui-dashboard,0,0,0,2026-09-07T01:37:26.898788+00:00,2026-09-07T01:52:26Z,True
tt06_dfd6cc81ded489dddfbe6761,test,ts-user-service,0,0,0,2026-09-07T01:37:26.898788+00:00,2026-09-07T01:52:26Z,True
tt06_dfd6cc81ded489dddfbe6761,test,tsdb-mysql,548,180,270,2026-09-07T01:37:26.898788+00:00,2026-09-07T01:52:26Z,True
tt06_e0fc9bdf69d9bbe54c3e191e,test,nacos,0,0,0,2026-09-09T07:27:57.430642+00:00,2026-09-09T07:42:57Z,True
tt06_e0fc9bdf69d9bbe54c3e191e,test,nacosdb-mysql,547,180,270,2026-09-09T07:27:57.430642+00:00,2026-09-09T07:42:57Z,True
tt06_e0fc9bdf69d9bbe54c3e191e,test,rabbitmq,0,0,0,2026-09-09T07:27:57.430642+00:00,2026-09-09T07:42:57Z,True
tt06_e0fc9bdf69d9bbe54c3e191e,test,ts-auth-service,0,0,0,2026-09-09T07:27:57.430642+00:00,2026-09-09T07:42:57Z,True
tt06_e0fc9bdf69d9bbe54c3e191e,test,ts-basic-service,0,0,0,2026-09-09T07:27:57.430642+00:00,2026-09-09T07:42:57Z,True
tt06_e0fc9bdf69d9bbe54c3e191e,test,ts-config-service,0,0,0,2026-09-09T07:27:57.430642+00:00,2026-09-09T07:42:57Z,True
tt06_e0fc9bdf69d9bbe54c3e191e,test,ts-contacts-service,0,0,0,2026-09-09T07:27:57.430642+00:00,2026-09-09T07:42:57Z,True
tt06_e0fc9bdf69d9bbe54c3e191e,test,ts-gateway-service,0,0,0,2026-09-09T07:27:57.430642+00:00,2026-09-09T07:42:57Z,True
tt06_e0fc9bdf69d9bbe54c3e191e,test,ts-order-other-service,0,0,0,2026-09-09T07:27:57.430642+00:00,2026-09-09T07:42:57Z,True
tt06_e0fc9bdf69d9bbe54c3e191e,test,ts-order-service,0,0,0,2026-09-09T07:27:57.430642+00:00,2026-09-09T07:42:57Z,True
tt06_e0fc9bdf69d9bbe54c3e191e,test,ts-price-service,42,16,24,2026-09-09T07:27:57.430642+00:00,2026-09-09T07:42:57Z,True
tt06_e0fc9bdf69d9bbe54c3e191e,test,ts-route-service,21,8,12,2026-09-09T07:27:57.430642+00:00,2026-09-09T07:42:57Z,True
tt06_e0fc9bdf69d9bbe54c3e191e,test,ts-seat-service,0,0,0,2026-09-09T07:27:57.430642+00:00,2026-09-09T07:42:57Z,True
tt06_e0fc9bdf69d9bbe54c3e191e,test,ts-station-service,0,0,0,2026-09-09T07:27:57.430642+00:00,2026-09-09T07:42:57Z,True
tt06_e0fc9bdf69d9bbe54c3e191e,test,ts-train-service,81,32,48,2026-09-09T07:27:57.430642+00:00,2026-09-09T07:42:57Z,True
tt06_e0fc9bdf69d9bbe54c3e191e,test,ts-travel-service,0,0,0,2026-09-09T07:27:57.430642+00:00,2026-09-09T07:42:57Z,True
tt06_e0fc9bdf69d9bbe54c3e191e,test,ts-travel2-service,0,0,0,2026-09-09T07:27:57.430642+00:00,2026-09-09T07:42:57Z,True
tt06_e0fc9bdf69d9bbe54c3e191e,test,ts-ui-dashboard,0,0,0,2026-09-09T07:27:57.430642+00:00,2026-09-09T07:42:57Z,True
tt06_e0fc9bdf69d9bbe54c3e191e,test,ts-user-service,0,0,0,2026-09-09T07:27:57.430642+00:00,2026-09-09T07:42:57Z,True
tt06_e0fc9bdf69d9bbe54c3e191e,test,tsdb-mysql,548,180,269,2026-09-09T07:27:57.430642+00:00,2026-09-09T07:42:57Z,True
tt06_e172fe763aabd9af1692dcbc,test,nacos,0,0,0,2026-09-09T06:50:58.059582+00:00,2026-09-09T07:05:58Z,True
tt06_e172fe763aabd9af1692dcbc,test,nacosdb-mysql,547,180,270,2026-09-09T06:50:58.059582+00:00,2026-09-09T07:05:58Z,True
tt06_e172fe763aabd9af1692dcbc,test,rabbitmq,0,0,0,2026-09-09T06:50:58.059582+00:00,2026-09-09T07:05:58Z,True
tt06_e172fe763aabd9af1692dcbc,test,ts-auth-service,0,0,0,2026-09-09T06:50:58.059582+00:00,2026-09-09T07:05:58Z,True
tt06_e172fe763aabd9af1692dcbc,test,ts-basic-service,0,0,0,2026-09-09T06:50:58.059582+00:00,2026-09-09T07:05:58Z,True
tt06_e172fe763aabd9af1692dcbc,test,ts-config-service,0,0,0,2026-09-09T06:50:58.059582+00:00,2026-09-09T07:05:58Z,True
tt06_e172fe763aabd9af1692dcbc,test,ts-contacts-service,0,0,0,2026-09-09T06:50:58.059582+00:00,2026-09-09T07:05:58Z,True
tt06_e172fe763aabd9af1692dcbc,test,ts-gateway-service,0,0,0,2026-09-09T06:50:58.059582+00:00,2026-09-09T07:05:58Z,True
tt06_e172fe763aabd9af1692dcbc,test,ts-order-other-service,0,0,0,2026-09-09T06:50:58.059582+00:00,2026-09-09T07:05:58Z,True
tt06_e172fe763aabd9af1692dcbc,test,ts-order-service,0,0,0,2026-09-09T06:50:58.059582+00:00,2026-09-09T07:05:58Z,True
tt06_e172fe763aabd9af1692dcbc,test,ts-price-service,42,16,24,2026-09-09T06:50:58.059582+00:00,2026-09-09T07:05:58Z,True
tt06_e172fe763aabd9af1692dcbc,test,ts-route-service,21,8,12,2026-09-09T06:50:58.059582+00:00,2026-09-09T07:05:58Z,True
tt06_e172fe763aabd9af1692dcbc,test,ts-seat-service,0,0,0,2026-09-09T06:50:58.059582+00:00,2026-09-09T07:05:58Z,True
tt06_e172fe763aabd9af1692dcbc,test,ts-station-service,0,0,0,2026-09-09T06:50:58.059582+00:00,2026-09-09T07:05:58Z,True
tt06_e172fe763aabd9af1692dcbc,test,ts-train-service,154,32,48,2026-09-09T06:50:58.059582+00:00,2026-09-09T07:05:58Z,True
tt06_e172fe763aabd9af1692dcbc,test,ts-travel-service,0,0,0,2026-09-09T06:50:58.059582+00:00,2026-09-09T07:05:58Z,True
tt06_e172fe763aabd9af1692dcbc,test,ts-travel2-service,0,0,0,2026-09-09T06:50:58.059582+00:00,2026-09-09T07:05:58Z,True
tt06_e172fe763aabd9af1692dcbc,test,ts-ui-dashboard,0,0,0,2026-09-09T06:50:58.059582+00:00,2026-09-09T07:05:58Z,True
tt06_e172fe763aabd9af1692dcbc,test,ts-user-service,0,0,0,2026-09-09T06:50:58.059582+00:00,2026-09-09T07:05:58Z,True
tt06_e172fe763aabd9af1692dcbc,test,tsdb-mysql,548,180,270,2026-09-09T06:50:58.059582+00:00,2026-09-09T07:05:58Z,True
tt06_e26c9aba1e7f4289d327cae5,test,nacos,0,0,0,2026-09-08T23:09:29.226347+00:00,2026-09-08T23:24:29Z,True
tt06_e26c9aba1e7f4289d327cae5,test,nacosdb-mysql,547,180,270,2026-09-08T23:09:29.226347+00:00,2026-09-08T23:24:29Z,True
tt06_e26c9aba1e7f4289d327cae5,test,rabbitmq,0,0,0,2026-09-08T23:09:29.226347+00:00,2026-09-08T23:24:29Z,True
tt06_e26c9aba1e7f4289d327cae5,test,ts-auth-service,0,0,0,2026-09-08T23:09:29.226347+00:00,2026-09-08T23:24:29Z,True
tt06_e26c9aba1e7f4289d327cae5,test,ts-basic-service,0,0,0,2026-09-08T23:09:29.226347+00:00,2026-09-08T23:24:29Z,True
tt06_e26c9aba1e7f4289d327cae5,test,ts-config-service,0,0,0,2026-09-08T23:09:29.226347+00:00,2026-09-08T23:24:29Z,True
tt06_e26c9aba1e7f4289d327cae5,test,ts-contacts-service,0,0,0,2026-09-08T23:09:29.226347+00:00,2026-09-08T23:24:29Z,True
tt06_e26c9aba1e7f4289d327cae5,test,ts-gateway-service,0,0,0,2026-09-08T23:09:29.226347+00:00,2026-09-08T23:24:29Z,True
tt06_e26c9aba1e7f4289d327cae5,test,ts-order-other-service,0,0,0,2026-09-08T23:09:29.226347+00:00,2026-09-08T23:24:29Z,True
tt06_e26c9aba1e7f4289d327cae5,test,ts-order-service,0,0,0,2026-09-08T23:09:29.226347+00:00,2026-09-08T23:24:29Z,True
tt06_e26c9aba1e7f4289d327cae5,test,ts-price-service,207,48,80,2026-09-08T23:09:29.226347+00:00,2026-09-08T23:24:29Z,True
tt06_e26c9aba1e7f4289d327cae5,test,ts-route-service,61,24,36,2026-09-08T23:09:29.226347+00:00,2026-09-08T23:24:29Z,True
tt06_e26c9aba1e7f4289d327cae5,test,ts-seat-service,0,0,0,2026-09-08T23:09:29.226347+00:00,2026-09-08T23:24:29Z,True
tt06_e26c9aba1e7f4289d327cae5,test,ts-station-service,0,0,0,2026-09-08T23:09:29.226347+00:00,2026-09-08T23:24:29Z,True
tt06_e26c9aba1e7f4289d327cae5,test,ts-train-service,57,24,32,2026-09-08T23:09:29.226347+00:00,2026-09-08T23:24:29Z,True
tt06_e26c9aba1e7f4289d327cae5,test,ts-travel-service,0,0,0,2026-09-08T23:09:29.226347+00:00,2026-09-08T23:24:29Z,True
tt06_e26c9aba1e7f4289d327cae5,test,ts-travel2-service,0,0,0,2026-09-08T23:09:29.226347+00:00,2026-09-08T23:24:29Z,True
tt06_e26c9aba1e7f4289d327cae5,test,ts-ui-dashboard,0,0,0,2026-09-08T23:09:29.226347+00:00,2026-09-08T23:24:29Z,True
tt06_e26c9aba1e7f4289d327cae5,test,ts-user-service,0,0,0,2026-09-08T23:09:29.226347+00:00,2026-09-08T23:24:29Z,True
tt06_e26c9aba1e7f4289d327cae5,test,tsdb-mysql,549,182,270,2026-09-08T23:09:29.226347+00:00,2026-09-08T23:24:29Z,True
tt06_e54de2110d6ef1dd7343b132,test,nacos,0,0,0,2026-09-08T00:38:37Z,2026-09-08T00:53:37Z,True
tt06_e54de2110d6ef1dd7343b132,test,nacosdb-mysql,548,180,270,2026-09-08T00:38:37Z,2026-09-08T00:53:37Z,True
tt06_e54de2110d6ef1dd7343b132,test,rabbitmq,0,0,0,2026-09-08T00:38:37Z,2026-09-08T00:53:37Z,True
tt06_e54de2110d6ef1dd7343b132,test,ts-auth-service,0,0,0,2026-09-08T00:38:37Z,2026-09-08T00:53:37Z,True
tt06_e54de2110d6ef1dd7343b132,test,ts-basic-service,0,0,0,2026-09-08T00:38:37Z,2026-09-08T00:53:37Z,True
tt06_e54de2110d6ef1dd7343b132,test,ts-config-service,0,0,0,2026-09-08T00:38:37Z,2026-09-08T00:53:37Z,True
tt06_e54de2110d6ef1dd7343b132,test,ts-contacts-service,0,0,0,2026-09-08T00:38:37Z,2026-09-08T00:53:37Z,True
tt06_e54de2110d6ef1dd7343b132,test,ts-gateway-service,12,0,12,2026-09-08T00:38:37Z,2026-09-08T00:53:37Z,True
tt06_e54de2110d6ef1dd7343b132,test,ts-order-other-service,0,0,0,2026-09-08T00:38:37Z,2026-09-08T00:53:37Z,True
tt06_e54de2110d6ef1dd7343b132,test,ts-order-service,0,0,0,2026-09-08T00:38:37Z,2026-09-08T00:53:37Z,True
tt06_e54de2110d6ef1dd7343b132,test,ts-price-service,30,30,0,2026-09-08T00:38:37Z,2026-09-08T00:53:37Z,True
tt06_e54de2110d6ef1dd7343b132,test,ts-route-service,15,15,0,2026-09-08T00:38:37Z,2026-09-08T00:53:37Z,True
tt06_e54de2110d6ef1dd7343b132,test,ts-seat-service,0,0,0,2026-09-08T00:38:37Z,2026-09-08T00:53:37Z,True
tt06_e54de2110d6ef1dd7343b132,test,ts-station-service,0,0,0,2026-09-08T00:38:37Z,2026-09-08T00:53:37Z,True
tt06_e54de2110d6ef1dd7343b132,test,ts-train-service,15,15,0,2026-09-08T00:38:37Z,2026-09-08T00:53:37Z,True
tt06_e54de2110d6ef1dd7343b132,test,ts-travel-service,0,0,0,2026-09-08T00:38:37Z,2026-09-08T00:53:37Z,True
tt06_e54de2110d6ef1dd7343b132,test,ts-travel2-service,0,0,0,2026-09-08T00:38:37Z,2026-09-08T00:53:37Z,True
tt06_e54de2110d6ef1dd7343b132,test,ts-ui-dashboard,0,0,0,2026-09-08T00:38:37Z,2026-09-08T00:53:37Z,True
tt06_e54de2110d6ef1dd7343b132,test,ts-user-service,0,0,0,2026-09-08T00:38:37Z,2026-09-08T00:53:37Z,True
tt06_e54de2110d6ef1dd7343b132,test,tsdb-mysql,547,180,270,2026-09-08T00:38:37Z,2026-09-08T00:53:37Z,True
tt06_e552924cd3d8d705cf3efed9,test,nacos,0,0,0,2026-09-08T17:23:32Z,2026-09-08T17:38:32Z,True
tt06_e552924cd3d8d705cf3efed9,test,nacosdb-mysql,546,180,270,2026-09-08T17:23:32Z,2026-09-08T17:38:32Z,True
tt06_e552924cd3d8d705cf3efed9,test,rabbitmq,0,0,0,2026-09-08T17:23:32Z,2026-09-08T17:38:32Z,True
tt06_e552924cd3d8d705cf3efed9,test,ts-auth-service,0,0,0,2026-09-08T17:23:32Z,2026-09-08T17:38:32Z,True
tt06_e552924cd3d8d705cf3efed9,test,ts-basic-service,0,0,0,2026-09-08T17:23:32Z,2026-09-08T17:38:32Z,True
tt06_e552924cd3d8d705cf3efed9,test,ts-config-service,0,0,0,2026-09-08T17:23:32Z,2026-09-08T17:38:32Z,True
tt06_e552924cd3d8d705cf3efed9,test,ts-contacts-service,0,0,0,2026-09-08T17:23:32Z,2026-09-08T17:38:32Z,True
tt06_e552924cd3d8d705cf3efed9,test,ts-gateway-service,0,0,0,2026-09-08T17:23:32Z,2026-09-08T17:38:32Z,True
tt06_e552924cd3d8d705cf3efed9,test,ts-order-other-service,0,0,0,2026-09-08T17:23:32Z,2026-09-08T17:38:32Z,True
tt06_e552924cd3d8d705cf3efed9,test,ts-order-service,0,0,0,2026-09-08T17:23:32Z,2026-09-08T17:38:32Z,True
tt06_e552924cd3d8d705cf3efed9,test,ts-price-service,40,16,24,2026-09-08T17:23:32Z,2026-09-08T17:38:32Z,True
tt06_e552924cd3d8d705cf3efed9,test,ts-route-service,20,8,12,2026-09-08T17:23:32Z,2026-09-08T17:38:32Z,True
tt06_e552924cd3d8d705cf3efed9,test,ts-seat-service,0,0,0,2026-09-08T17:23:32Z,2026-09-08T17:38:32Z,True
tt06_e552924cd3d8d705cf3efed9,test,ts-station-service,747,0,522,2026-09-08T17:23:32Z,2026-09-08T17:38:32Z,True
tt06_e552924cd3d8d705cf3efed9,test,ts-train-service,80,32,48,2026-09-08T17:23:32Z,2026-09-08T17:38:32Z,True
tt06_e552924cd3d8d705cf3efed9,test,ts-travel-service,0,0,0,2026-09-08T17:23:32Z,2026-09-08T17:38:32Z,True
tt06_e552924cd3d8d705cf3efed9,test,ts-travel2-service,0,0,0,2026-09-08T17:23:32Z,2026-09-08T17:38:32Z,True
tt06_e552924cd3d8d705cf3efed9,test,ts-ui-dashboard,0,0,0,2026-09-08T17:23:32Z,2026-09-08T17:38:32Z,True
tt06_e552924cd3d8d705cf3efed9,test,ts-user-service,0,0,0,2026-09-08T17:23:32Z,2026-09-08T17:38:32Z,True
tt06_e552924cd3d8d705cf3efed9,test,tsdb-mysql,548,180,270,2026-09-08T17:23:32Z,2026-09-08T17:38:32Z,True
tt06_e6adeea79099e73e1e02332b,test,nacos,0,0,0,2026-09-08T15:23:39Z,2026-09-08T15:38:40Z,True
tt06_e6adeea79099e73e1e02332b,test,nacosdb-mysql,548,180,270,2026-09-08T15:23:39Z,2026-09-08T15:38:40Z,True
tt06_e6adeea79099e73e1e02332b,test,rabbitmq,0,0,0,2026-09-08T15:23:39Z,2026-09-08T15:38:40Z,True
tt06_e6adeea79099e73e1e02332b,test,ts-auth-service,0,0,0,2026-09-08T15:23:39Z,2026-09-08T15:38:40Z,True
tt06_e6adeea79099e73e1e02332b,test,ts-basic-service,0,0,0,2026-09-08T15:23:39Z,2026-09-08T15:38:40Z,True
tt06_e6adeea79099e73e1e02332b,test,ts-config-service,0,0,0,2026-09-08T15:23:39Z,2026-09-08T15:38:40Z,True
tt06_e6adeea79099e73e1e02332b,test,ts-contacts-service,0,0,0,2026-09-08T15:23:39Z,2026-09-08T15:38:40Z,True
tt06_e6adeea79099e73e1e02332b,test,ts-gateway-service,0,0,0,2026-09-08T15:23:39Z,2026-09-08T15:38:40Z,True
tt06_e6adeea79099e73e1e02332b,test,ts-order-other-service,0,0,0,2026-09-08T15:23:39Z,2026-09-08T15:38:40Z,True
tt06_e6adeea79099e73e1e02332b,test,ts-order-service,0,0,0,2026-09-08T15:23:39Z,2026-09-08T15:38:40Z,True
tt06_e6adeea79099e73e1e02332b,test,ts-price-service,40,16,24,2026-09-08T15:23:39Z,2026-09-08T15:38:40Z,True
tt06_e6adeea79099e73e1e02332b,test,ts-route-service,47,32,15,2026-09-08T15:23:39Z,2026-09-08T15:38:40Z,True
tt06_e6adeea79099e73e1e02332b,test,ts-seat-service,0,0,0,2026-09-08T15:23:39Z,2026-09-08T15:38:40Z,True
tt06_e6adeea79099e73e1e02332b,test,ts-station-service,0,0,0,2026-09-08T15:23:39Z,2026-09-08T15:38:40Z,True
tt06_e6adeea79099e73e1e02332b,test,ts-train-service,20,8,12,2026-09-08T15:23:39Z,2026-09-08T15:38:40Z,True
tt06_e6adeea79099e73e1e02332b,test,ts-travel-service,0,0,0,2026-09-08T15:23:39Z,2026-09-08T15:38:40Z,True
tt06_e6adeea79099e73e1e02332b,test,ts-travel2-service,0,0,0,2026-09-08T15:23:39Z,2026-09-08T15:38:40Z,True
tt06_e6adeea79099e73e1e02332b,test,ts-ui-dashboard,0,0,0,2026-09-08T15:23:39Z,2026-09-08T15:38:40Z,True
tt06_e6adeea79099e73e1e02332b,test,ts-user-service,0,0,0,2026-09-08T15:23:39Z,2026-09-08T15:38:40Z,True
tt06_e6adeea79099e73e1e02332b,test,tsdb-mysql,548,180,270,2026-09-08T15:23:39Z,2026-09-08T15:38:40Z,True
tt06_e928f226ddea65aa6adad0c7,test,nacos,0,0,0,2026-09-08T05:12:21Z,2026-09-08T05:27:21Z,True
tt06_e928f226ddea65aa6adad0c7,test,nacosdb-mysql,548,182,270,2026-09-08T05:12:21Z,2026-09-08T05:27:21Z,True
tt06_e928f226ddea65aa6adad0c7,test,rabbitmq,0,0,0,2026-09-08T05:12:21Z,2026-09-08T05:27:21Z,True
tt06_e928f226ddea65aa6adad0c7,test,ts-auth-service,0,0,0,2026-09-08T05:12:21Z,2026-09-08T05:27:21Z,True
tt06_e928f226ddea65aa6adad0c7,test,ts-basic-service,0,0,0,2026-09-08T05:12:21Z,2026-09-08T05:27:21Z,True
tt06_e928f226ddea65aa6adad0c7,test,ts-config-service,0,0,0,2026-09-08T05:12:21Z,2026-09-08T05:27:21Z,True
tt06_e928f226ddea65aa6adad0c7,test,ts-contacts-service,0,0,0,2026-09-08T05:12:21Z,2026-09-08T05:27:21Z,True
tt06_e928f226ddea65aa6adad0c7,test,ts-gateway-service,0,0,0,2026-09-08T05:12:21Z,2026-09-08T05:27:21Z,True
tt06_e928f226ddea65aa6adad0c7,test,ts-order-other-service,0,0,0,2026-09-08T05:12:21Z,2026-09-08T05:27:21Z,True
tt06_e928f226ddea65aa6adad0c7,test,ts-order-service,0,0,0,2026-09-08T05:12:21Z,2026-09-08T05:27:21Z,True
tt06_e928f226ddea65aa6adad0c7,test,ts-price-service,40,16,24,2026-09-08T05:12:21Z,2026-09-08T05:27:21Z,True
tt06_e928f226ddea65aa6adad0c7,test,ts-route-service,7921,32,7068,2026-09-08T05:12:21Z,2026-09-08T05:27:21Z,True
tt06_e928f226ddea65aa6adad0c7,test,ts-seat-service,0,0,0,2026-09-08T05:12:21Z,2026-09-08T05:27:21Z,True
tt06_e928f226ddea65aa6adad0c7,test,ts-station-service,0,0,0,2026-09-08T05:12:21Z,2026-09-08T05:27:21Z,True
tt06_e928f226ddea65aa6adad0c7,test,ts-train-service,20,8,12,2026-09-08T05:12:21Z,2026-09-08T05:27:21Z,True
tt06_e928f226ddea65aa6adad0c7,test,ts-travel-service,0,0,0,2026-09-08T05:12:21Z,2026-09-08T05:27:21Z,True
tt06_e928f226ddea65aa6adad0c7,test,ts-travel2-service,0,0,0,2026-09-08T05:12:21Z,2026-09-08T05:27:21Z,True
tt06_e928f226ddea65aa6adad0c7,test,ts-ui-dashboard,0,0,0,2026-09-08T05:12:21Z,2026-09-08T05:27:21Z,True
tt06_e928f226ddea65aa6adad0c7,test,ts-user-service,0,0,0,2026-09-08T05:12:21Z,2026-09-08T05:27:21Z,True
tt06_e928f226ddea65aa6adad0c7,test,tsdb-mysql,546,180,270,2026-09-08T05:12:21Z,2026-09-08T05:27:21Z,True
tt06_e9786453c881e7a3baf8439d,test,nacos,0,0,0,2026-09-08T20:31:14Z,2026-09-08T20:46:14Z,True
tt06_e9786453c881e7a3baf8439d,test,nacosdb-mysql,547,180,270,2026-09-08T20:31:14Z,2026-09-08T20:46:14Z,True
tt06_e9786453c881e7a3baf8439d,test,rabbitmq,0,0,0,2026-09-08T20:31:14Z,2026-09-08T20:46:14Z,True
tt06_e9786453c881e7a3baf8439d,test,ts-auth-service,0,0,0,2026-09-08T20:31:14Z,2026-09-08T20:46:14Z,True
tt06_e9786453c881e7a3baf8439d,test,ts-basic-service,0,0,0,2026-09-08T20:31:14Z,2026-09-08T20:46:14Z,True
tt06_e9786453c881e7a3baf8439d,test,ts-config-service,0,0,0,2026-09-08T20:31:14Z,2026-09-08T20:46:14Z,True
tt06_e9786453c881e7a3baf8439d,test,ts-contacts-service,0,0,0,2026-09-08T20:31:14Z,2026-09-08T20:46:14Z,True
tt06_e9786453c881e7a3baf8439d,test,ts-gateway-service,0,0,0,2026-09-08T20:31:14Z,2026-09-08T20:46:14Z,True
tt06_e9786453c881e7a3baf8439d,test,ts-order-other-service,0,0,0,2026-09-08T20:31:14Z,2026-09-08T20:46:14Z,True
tt06_e9786453c881e7a3baf8439d,test,ts-order-service,0,0,0,2026-09-08T20:31:14Z,2026-09-08T20:46:14Z,True
tt06_e9786453c881e7a3baf8439d,test,ts-price-service,40,16,24,2026-09-08T20:31:14Z,2026-09-08T20:46:14Z,True
tt06_e9786453c881e7a3baf8439d,test,ts-route-service,20,8,12,2026-09-08T20:31:14Z,2026-09-08T20:46:14Z,True
tt06_e9786453c881e7a3baf8439d,test,ts-seat-service,0,0,0,2026-09-08T20:31:14Z,2026-09-08T20:46:14Z,True
tt06_e9786453c881e7a3baf8439d,test,ts-station-service,0,0,0,2026-09-08T20:31:14Z,2026-09-08T20:46:14Z,True
tt06_e9786453c881e7a3baf8439d,test,ts-train-service,47,32,15,2026-09-08T20:31:14Z,2026-09-08T20:46:14Z,True
tt06_e9786453c881e7a3baf8439d,test,ts-travel-service,0,0,0,2026-09-08T20:31:14Z,2026-09-08T20:46:14Z,True
tt06_e9786453c881e7a3baf8439d,test,ts-travel2-service,0,0,0,2026-09-08T20:31:14Z,2026-09-08T20:46:14Z,True
tt06_e9786453c881e7a3baf8439d,test,ts-ui-dashboard,0,0,0,2026-09-08T20:31:14Z,2026-09-08T20:46:14Z,True
tt06_e9786453c881e7a3baf8439d,test,ts-user-service,0,0,0,2026-09-08T20:31:14Z,2026-09-08T20:46:14Z,True
tt06_e9786453c881e7a3baf8439d,test,tsdb-mysql,547,180,270,2026-09-08T20:31:14Z,2026-09-08T20:46:14Z,True
tt06_ea97210372bd086acc9eebff,test,nacos,0,0,0,2026-09-08T07:05:37.803034+00:00,2026-09-08T07:20:37Z,True
tt06_ea97210372bd086acc9eebff,test,nacosdb-mysql,547,180,270,2026-09-08T07:05:37.803034+00:00,2026-09-08T07:20:37Z,True
tt06_ea97210372bd086acc9eebff,test,rabbitmq,0,0,0,2026-09-08T07:05:37.803034+00:00,2026-09-08T07:20:37Z,True
tt06_ea97210372bd086acc9eebff,test,ts-auth-service,0,0,0,2026-09-08T07:05:37.803034+00:00,2026-09-08T07:20:37Z,True
tt06_ea97210372bd086acc9eebff,test,ts-basic-service,0,0,0,2026-09-08T07:05:37.803034+00:00,2026-09-08T07:20:37Z,True
tt06_ea97210372bd086acc9eebff,test,ts-config-service,0,0,0,2026-09-08T07:05:37.803034+00:00,2026-09-08T07:20:37Z,True
tt06_ea97210372bd086acc9eebff,test,ts-contacts-service,0,0,0,2026-09-08T07:05:37.803034+00:00,2026-09-08T07:20:37Z,True
tt06_ea97210372bd086acc9eebff,test,ts-gateway-service,0,0,0,2026-09-08T07:05:37.803034+00:00,2026-09-08T07:20:37Z,True
tt06_ea97210372bd086acc9eebff,test,ts-order-other-service,0,0,0,2026-09-08T07:05:37.803034+00:00,2026-09-08T07:20:37Z,True
tt06_ea97210372bd086acc9eebff,test,ts-order-service,0,0,0,2026-09-08T07:05:37.803034+00:00,2026-09-08T07:20:37Z,True
tt06_ea97210372bd086acc9eebff,test,ts-price-service,42,16,24,2026-09-08T07:05:37.803034+00:00,2026-09-08T07:20:37Z,True
tt06_ea97210372bd086acc9eebff,test,ts-route-service,21,8,12,2026-09-08T07:05:37.803034+00:00,2026-09-08T07:20:37Z,True
tt06_ea97210372bd086acc9eebff,test,ts-seat-service,0,0,0,2026-09-08T07:05:37.803034+00:00,2026-09-08T07:20:37Z,True
tt06_ea97210372bd086acc9eebff,test,ts-station-service,0,0,0,2026-09-08T07:05:37.803034+00:00,2026-09-08T07:20:37Z,True
tt06_ea97210372bd086acc9eebff,test,ts-train-service,81,32,48,2026-09-08T07:05:37.803034+00:00,2026-09-08T07:20:37Z,True
tt06_ea97210372bd086acc9eebff,test,ts-travel-service,0,0,0,2026-09-08T07:05:37.803034+00:00,2026-09-08T07:20:37Z,True
tt06_ea97210372bd086acc9eebff,test,ts-travel2-service,0,0,0,2026-09-08T07:05:37.803034+00:00,2026-09-08T07:20:37Z,True
tt06_ea97210372bd086acc9eebff,test,ts-ui-dashboard,0,0,0,2026-09-08T07:05:37.803034+00:00,2026-09-08T07:20:37Z,True
tt06_ea97210372bd086acc9eebff,test,ts-user-service,0,0,0,2026-09-08T07:05:37.803034+00:00,2026-09-08T07:20:37Z,True
tt06_ea97210372bd086acc9eebff,test,tsdb-mysql,548,182,269,2026-09-08T07:05:37.803034+00:00,2026-09-08T07:20:37Z,True
tt06_eae3528111fa82388b797e8e,test,nacos,0,0,0,2026-09-09T10:01:54.202650+00:00,2026-09-09T10:16:54Z,True
tt06_eae3528111fa82388b797e8e,test,nacosdb-mysql,548,180,270,2026-09-09T10:01:54.202650+00:00,2026-09-09T10:16:54Z,True
tt06_eae3528111fa82388b797e8e,test,rabbitmq,0,0,0,2026-09-09T10:01:54.202650+00:00,2026-09-09T10:16:54Z,True
tt06_eae3528111fa82388b797e8e,test,ts-auth-service,0,0,0,2026-09-09T10:01:54.202650+00:00,2026-09-09T10:16:54Z,True
tt06_eae3528111fa82388b797e8e,test,ts-basic-service,0,0,0,2026-09-09T10:01:54.202650+00:00,2026-09-09T10:16:54Z,True
tt06_eae3528111fa82388b797e8e,test,ts-config-service,0,0,0,2026-09-09T10:01:54.202650+00:00,2026-09-09T10:16:54Z,True
tt06_eae3528111fa82388b797e8e,test,ts-contacts-service,0,0,0,2026-09-09T10:01:54.202650+00:00,2026-09-09T10:16:54Z,True
tt06_eae3528111fa82388b797e8e,test,ts-gateway-service,0,0,0,2026-09-09T10:01:54.202650+00:00,2026-09-09T10:16:54Z,True
tt06_eae3528111fa82388b797e8e,test,ts-order-other-service,0,0,0,2026-09-09T10:01:54.202650+00:00,2026-09-09T10:16:54Z,True
tt06_eae3528111fa82388b797e8e,test,ts-order-service,0,0,0,2026-09-09T10:01:54.202650+00:00,2026-09-09T10:16:54Z,True
tt06_eae3528111fa82388b797e8e,test,ts-price-service,74,30,42,2026-09-09T10:01:54.202650+00:00,2026-09-09T10:16:54Z,True
tt06_eae3528111fa82388b797e8e,test,ts-route-service,40,15,24,2026-09-09T10:01:54.202650+00:00,2026-09-09T10:16:54Z,True
tt06_eae3528111fa82388b797e8e,test,ts-seat-service,0,0,0,2026-09-09T10:01:54.202650+00:00,2026-09-09T10:16:54Z,True
tt06_eae3528111fa82388b797e8e,test,ts-station-service,0,0,0,2026-09-09T10:01:54.202650+00:00,2026-09-09T10:16:54Z,True
tt06_eae3528111fa82388b797e8e,test,ts-train-service,39,15,23,2026-09-09T10:01:54.202650+00:00,2026-09-09T10:16:54Z,True
tt06_eae3528111fa82388b797e8e,test,ts-travel-service,0,0,0,2026-09-09T10:01:54.202650+00:00,2026-09-09T10:16:54Z,True
tt06_eae3528111fa82388b797e8e,test,ts-travel2-service,0,0,0,2026-09-09T10:01:54.202650+00:00,2026-09-09T10:16:54Z,True
tt06_eae3528111fa82388b797e8e,test,ts-ui-dashboard,0,0,0,2026-09-09T10:01:54.202650+00:00,2026-09-09T10:16:54Z,True
tt06_eae3528111fa82388b797e8e,test,ts-user-service,0,0,0,2026-09-09T10:01:54.202650+00:00,2026-09-09T10:16:54Z,True
tt06_eae3528111fa82388b797e8e,test,tsdb-mysql,548,180,270,2026-09-09T10:01:54.202650+00:00,2026-09-09T10:16:54Z,True
tt06_ee7f651138203a82678b6f34,test,nacos,0,0,0,2026-09-06T17:14:35Z,2026-09-06T17:29:35Z,True
tt06_ee7f651138203a82678b6f34,test,nacosdb-mysql,547,180,270,2026-09-06T17:14:35Z,2026-09-06T17:29:35Z,True
tt06_ee7f651138203a82678b6f34,test,rabbitmq,0,0,0,2026-09-06T17:14:35Z,2026-09-06T17:29:35Z,True
tt06_ee7f651138203a82678b6f34,test,ts-auth-service,0,0,0,2026-09-06T17:14:35Z,2026-09-06T17:29:35Z,True
tt06_ee7f651138203a82678b6f34,test,ts-basic-service,0,0,0,2026-09-06T17:14:35Z,2026-09-06T17:29:35Z,True
tt06_ee7f651138203a82678b6f34,test,ts-config-service,0,0,0,2026-09-06T17:14:35Z,2026-09-06T17:29:35Z,True
tt06_ee7f651138203a82678b6f34,test,ts-contacts-service,0,0,0,2026-09-06T17:14:35Z,2026-09-06T17:29:35Z,True
tt06_ee7f651138203a82678b6f34,test,ts-gateway-service,12,0,12,2026-09-06T17:14:35Z,2026-09-06T17:29:35Z,True
tt06_ee7f651138203a82678b6f34,test,ts-order-other-service,0,0,0,2026-09-06T17:14:35Z,2026-09-06T17:29:35Z,True
tt06_ee7f651138203a82678b6f34,test,ts-order-service,0,0,0,2026-09-06T17:14:35Z,2026-09-06T17:29:35Z,True
tt06_ee7f651138203a82678b6f34,test,ts-price-service,30,30,0,2026-09-06T17:14:35Z,2026-09-06T17:29:35Z,True
tt06_ee7f651138203a82678b6f34,test,ts-route-service,15,15,0,2026-09-06T17:14:35Z,2026-09-06T17:29:35Z,True
tt06_ee7f651138203a82678b6f34,test,ts-seat-service,0,0,0,2026-09-06T17:14:35Z,2026-09-06T17:29:35Z,True
tt06_ee7f651138203a82678b6f34,test,ts-station-service,0,0,0,2026-09-06T17:14:35Z,2026-09-06T17:29:35Z,True
tt06_ee7f651138203a82678b6f34,test,ts-train-service,15,15,0,2026-09-06T17:14:35Z,2026-09-06T17:29:35Z,True
tt06_ee7f651138203a82678b6f34,test,ts-travel-service,0,0,0,2026-09-06T17:14:35Z,2026-09-06T17:29:35Z,True
tt06_ee7f651138203a82678b6f34,test,ts-travel2-service,0,0,0,2026-09-06T17:14:35Z,2026-09-06T17:29:35Z,True
tt06_ee7f651138203a82678b6f34,test,ts-ui-dashboard,0,0,0,2026-09-06T17:14:35Z,2026-09-06T17:29:35Z,True
tt06_ee7f651138203a82678b6f34,test,ts-user-service,0,0,0,2026-09-06T17:14:35Z,2026-09-06T17:29:35Z,True
tt06_ee7f651138203a82678b6f34,test,tsdb-mysql,547,180,270,2026-09-06T17:14:35Z,2026-09-06T17:29:35Z,True
tt06_f01b4a52fe185aa71d7fc31f,test,nacos,0,0,0,2026-09-07T06:08:14.755228+00:00,2026-09-07T06:23:14Z,True
tt06_f01b4a52fe185aa71d7fc31f,test,nacosdb-mysql,548,180,270,2026-09-07T06:08:14.755228+00:00,2026-09-07T06:23:14Z,True
tt06_f01b4a52fe185aa71d7fc31f,test,rabbitmq,0,0,0,2026-09-07T06:08:14.755228+00:00,2026-09-07T06:23:14Z,True
tt06_f01b4a52fe185aa71d7fc31f,test,ts-auth-service,0,0,0,2026-09-07T06:08:14.755228+00:00,2026-09-07T06:23:14Z,True
tt06_f01b4a52fe185aa71d7fc31f,test,ts-basic-service,0,0,0,2026-09-07T06:08:14.755228+00:00,2026-09-07T06:23:14Z,True
tt06_f01b4a52fe185aa71d7fc31f,test,ts-config-service,0,0,0,2026-09-07T06:08:14.755228+00:00,2026-09-07T06:23:14Z,True
tt06_f01b4a52fe185aa71d7fc31f,test,ts-contacts-service,0,0,0,2026-09-07T06:08:14.755228+00:00,2026-09-07T06:23:14Z,True
tt06_f01b4a52fe185aa71d7fc31f,test,ts-gateway-service,0,0,0,2026-09-07T06:08:14.755228+00:00,2026-09-07T06:23:14Z,True
tt06_f01b4a52fe185aa71d7fc31f,test,ts-order-other-service,0,0,0,2026-09-07T06:08:14.755228+00:00,2026-09-07T06:23:14Z,True
tt06_f01b4a52fe185aa71d7fc31f,test,ts-order-service,0,0,0,2026-09-07T06:08:14.755228+00:00,2026-09-07T06:23:14Z,True
tt06_f01b4a52fe185aa71d7fc31f,test,ts-price-service,207,48,80,2026-09-07T06:08:14.755228+00:00,2026-09-07T06:23:14Z,True
tt06_f01b4a52fe185aa71d7fc31f,test,ts-route-service,61,24,36,2026-09-07T06:08:14.755228+00:00,2026-09-07T06:23:14Z,True
tt06_f01b4a52fe185aa71d7fc31f,test,ts-seat-service,0,0,0,2026-09-07T06:08:14.755228+00:00,2026-09-07T06:23:14Z,True
tt06_f01b4a52fe185aa71d7fc31f,test,ts-station-service,0,0,0,2026-09-07T06:08:14.755228+00:00,2026-09-07T06:23:14Z,True
tt06_f01b4a52fe185aa71d7fc31f,test,ts-train-service,57,24,32,2026-09-07T06:08:14.755228+00:00,2026-09-07T06:23:14Z,True
tt06_f01b4a52fe185aa71d7fc31f,test,ts-travel-service,0,0,0,2026-09-07T06:08:14.755228+00:00,2026-09-07T06:23:14Z,True
tt06_f01b4a52fe185aa71d7fc31f,test,ts-travel2-service,0,0,0,2026-09-07T06:08:14.755228+00:00,2026-09-07T06:23:14Z,True
tt06_f01b4a52fe185aa71d7fc31f,test,ts-ui-dashboard,0,0,0,2026-09-07T06:08:14.755228+00:00,2026-09-07T06:23:14Z,True
tt06_f01b4a52fe185aa71d7fc31f,test,ts-user-service,0,0,0,2026-09-07T06:08:14.755228+00:00,2026-09-07T06:23:14Z,True
tt06_f01b4a52fe185aa71d7fc31f,test,tsdb-mysql,549,181,270,2026-09-07T06:08:14.755228+00:00,2026-09-07T06:23:14Z,True
tt06_f03ed1df5664b30c2bc544fa,test,nacos,0,0,0,2026-09-07T04:51:56Z,2026-09-07T05:06:56Z,True
tt06_f03ed1df5664b30c2bc544fa,test,nacosdb-mysql,547,181,270,2026-09-07T04:51:56Z,2026-09-07T05:06:56Z,True
tt06_f03ed1df5664b30c2bc544fa,test,rabbitmq,0,0,0,2026-09-07T04:51:56Z,2026-09-07T05:06:56Z,True
tt06_f03ed1df5664b30c2bc544fa,test,ts-auth-service,0,0,0,2026-09-07T04:51:56Z,2026-09-07T05:06:56Z,True
tt06_f03ed1df5664b30c2bc544fa,test,ts-basic-service,0,0,0,2026-09-07T04:51:56Z,2026-09-07T05:06:56Z,True
tt06_f03ed1df5664b30c2bc544fa,test,ts-config-service,0,0,0,2026-09-07T04:51:56Z,2026-09-07T05:06:56Z,True
tt06_f03ed1df5664b30c2bc544fa,test,ts-contacts-service,0,0,0,2026-09-07T04:51:56Z,2026-09-07T05:06:56Z,True
tt06_f03ed1df5664b30c2bc544fa,test,ts-gateway-service,0,0,0,2026-09-07T04:51:56Z,2026-09-07T05:06:56Z,True
tt06_f03ed1df5664b30c2bc544fa,test,ts-order-other-service,0,0,0,2026-09-07T04:51:56Z,2026-09-07T05:06:56Z,True
tt06_f03ed1df5664b30c2bc544fa,test,ts-order-service,0,0,0,2026-09-07T04:51:56Z,2026-09-07T05:06:56Z,True
tt06_f03ed1df5664b30c2bc544fa,test,ts-price-service,9177,48,7908,2026-09-07T04:51:56Z,2026-09-07T05:06:56Z,True
tt06_f03ed1df5664b30c2bc544fa,test,ts-route-service,60,24,36,2026-09-07T04:51:56Z,2026-09-07T05:06:56Z,True
tt06_f03ed1df5664b30c2bc544fa,test,ts-seat-service,0,0,0,2026-09-07T04:51:56Z,2026-09-07T05:06:56Z,True
tt06_f03ed1df5664b30c2bc544fa,test,ts-station-service,0,0,0,2026-09-07T04:51:56Z,2026-09-07T05:06:56Z,True
tt06_f03ed1df5664b30c2bc544fa,test,ts-train-service,56,24,32,2026-09-07T04:51:56Z,2026-09-07T05:06:56Z,True
tt06_f03ed1df5664b30c2bc544fa,test,ts-travel-service,0,0,0,2026-09-07T04:51:56Z,2026-09-07T05:06:56Z,True
tt06_f03ed1df5664b30c2bc544fa,test,ts-travel2-service,0,0,0,2026-09-07T04:51:56Z,2026-09-07T05:06:56Z,True
tt06_f03ed1df5664b30c2bc544fa,test,ts-ui-dashboard,0,0,0,2026-09-07T04:51:56Z,2026-09-07T05:06:56Z,True
tt06_f03ed1df5664b30c2bc544fa,test,ts-user-service,0,0,0,2026-09-07T04:51:56Z,2026-09-07T05:06:56Z,True
tt06_f03ed1df5664b30c2bc544fa,test,tsdb-mysql,546,180,270,2026-09-07T04:51:56Z,2026-09-07T05:06:56Z,True
tt06_f1e739b6e40f117ca98f41e9,test,nacos,0,0,0,2026-09-06T19:52:54.636337+00:00,2026-09-06T20:07:54Z,True
tt06_f1e739b6e40f117ca98f41e9,test,nacosdb-mysql,548,180,270,2026-09-06T19:52:54.636337+00:00,2026-09-06T20:07:54Z,True
tt06_f1e739b6e40f117ca98f41e9,test,rabbitmq,0,0,0,2026-09-06T19:52:54.636337+00:00,2026-09-06T20:07:54Z,True
tt06_f1e739b6e40f117ca98f41e9,test,ts-auth-service,0,0,0,2026-09-06T19:52:54.636337+00:00,2026-09-06T20:07:54Z,True
tt06_f1e739b6e40f117ca98f41e9,test,ts-basic-service,0,0,0,2026-09-06T19:52:54.636337+00:00,2026-09-06T20:07:54Z,True
tt06_f1e739b6e40f117ca98f41e9,test,ts-config-service,0,0,0,2026-09-06T19:52:54.636337+00:00,2026-09-06T20:07:54Z,True
tt06_f1e739b6e40f117ca98f41e9,test,ts-contacts-service,0,0,0,2026-09-06T19:52:54.636337+00:00,2026-09-06T20:07:54Z,True
tt06_f1e739b6e40f117ca98f41e9,test,ts-gateway-service,0,0,0,2026-09-06T19:52:54.636337+00:00,2026-09-06T20:07:54Z,True
tt06_f1e739b6e40f117ca98f41e9,test,ts-order-other-service,0,0,0,2026-09-06T19:52:54.636337+00:00,2026-09-06T20:07:54Z,True
tt06_f1e739b6e40f117ca98f41e9,test,ts-order-service,0,0,0,2026-09-06T19:52:54.636337+00:00,2026-09-06T20:07:54Z,True
tt06_f1e739b6e40f117ca98f41e9,test,ts-price-service,42,16,24,2026-09-06T19:52:54.636337+00:00,2026-09-06T20:07:54Z,True
tt06_f1e739b6e40f117ca98f41e9,test,ts-route-service,158,32,48,2026-09-06T19:52:54.636337+00:00,2026-09-06T20:07:54Z,True
tt06_f1e739b6e40f117ca98f41e9,test,ts-seat-service,0,0,0,2026-09-06T19:52:54.636337+00:00,2026-09-06T20:07:54Z,True
tt06_f1e739b6e40f117ca98f41e9,test,ts-station-service,0,0,0,2026-09-06T19:52:54.636337+00:00,2026-09-06T20:07:54Z,True
tt06_f1e739b6e40f117ca98f41e9,test,ts-train-service,21,8,12,2026-09-06T19:52:54.636337+00:00,2026-09-06T20:07:54Z,True
tt06_f1e739b6e40f117ca98f41e9,test,ts-travel-service,0,0,0,2026-09-06T19:52:54.636337+00:00,2026-09-06T20:07:54Z,True
tt06_f1e739b6e40f117ca98f41e9,test,ts-travel2-service,0,0,0,2026-09-06T19:52:54.636337+00:00,2026-09-06T20:07:54Z,True
tt06_f1e739b6e40f117ca98f41e9,test,ts-ui-dashboard,0,0,0,2026-09-06T19:52:54.636337+00:00,2026-09-06T20:07:54Z,True
tt06_f1e739b6e40f117ca98f41e9,test,ts-user-service,0,0,0,2026-09-06T19:52:54.636337+00:00,2026-09-06T20:07:54Z,True
tt06_f1e739b6e40f117ca98f41e9,test,tsdb-mysql,549,181,270,2026-09-06T19:52:54.636337+00:00,2026-09-06T20:07:54Z,True
tt06_f3c0f6113d1c7ac6406e5f7e,test,nacos,0,0,0,2026-09-08T08:20:03Z,2026-09-08T08:35:03Z,True
tt06_f3c0f6113d1c7ac6406e5f7e,test,nacosdb-mysql,547,180,270,2026-09-08T08:20:03Z,2026-09-08T08:35:03Z,True
tt06_f3c0f6113d1c7ac6406e5f7e,test,rabbitmq,0,0,0,2026-09-08T08:20:03Z,2026-09-08T08:35:03Z,True
tt06_f3c0f6113d1c7ac6406e5f7e,test,ts-auth-service,0,0,0,2026-09-08T08:20:03Z,2026-09-08T08:35:03Z,True
tt06_f3c0f6113d1c7ac6406e5f7e,test,ts-basic-service,0,0,0,2026-09-08T08:20:03Z,2026-09-08T08:35:03Z,True
tt06_f3c0f6113d1c7ac6406e5f7e,test,ts-config-service,0,0,0,2026-09-08T08:20:03Z,2026-09-08T08:35:03Z,True
tt06_f3c0f6113d1c7ac6406e5f7e,test,ts-contacts-service,0,0,0,2026-09-08T08:20:03Z,2026-09-08T08:35:03Z,True
tt06_f3c0f6113d1c7ac6406e5f7e,test,ts-gateway-service,0,0,0,2026-09-08T08:20:03Z,2026-09-08T08:35:03Z,True
tt06_f3c0f6113d1c7ac6406e5f7e,test,ts-order-other-service,0,0,0,2026-09-08T08:20:03Z,2026-09-08T08:35:03Z,True
tt06_f3c0f6113d1c7ac6406e5f7e,test,ts-order-service,0,0,0,2026-09-08T08:20:03Z,2026-09-08T08:35:03Z,True
tt06_f3c0f6113d1c7ac6406e5f7e,test,ts-price-service,40,16,24,2026-09-08T08:20:03Z,2026-09-08T08:35:03Z,True
tt06_f3c0f6113d1c7ac6406e5f7e,test,ts-route-service,20,8,12,2026-09-08T08:20:03Z,2026-09-08T08:35:03Z,True
tt06_f3c0f6113d1c7ac6406e5f7e,test,ts-seat-service,0,0,0,2026-09-08T08:20:03Z,2026-09-08T08:35:03Z,True
tt06_f3c0f6113d1c7ac6406e5f7e,test,ts-station-service,15,0,15,2026-09-08T08:20:03Z,2026-09-08T08:35:03Z,True
tt06_f3c0f6113d1c7ac6406e5f7e,test,ts-train-service,80,32,48,2026-09-08T08:20:03Z,2026-09-08T08:35:03Z,True
tt06_f3c0f6113d1c7ac6406e5f7e,test,ts-travel-service,0,0,0,2026-09-08T08:20:03Z,2026-09-08T08:35:03Z,True
tt06_f3c0f6113d1c7ac6406e5f7e,test,ts-travel2-service,0,0,0,2026-09-08T08:20:03Z,2026-09-08T08:35:03Z,True
tt06_f3c0f6113d1c7ac6406e5f7e,test,ts-ui-dashboard,0,0,0,2026-09-08T08:20:03Z,2026-09-08T08:35:03Z,True
tt06_f3c0f6113d1c7ac6406e5f7e,test,ts-user-service,0,0,0,2026-09-08T08:20:03Z,2026-09-08T08:35:03Z,True
tt06_f3c0f6113d1c7ac6406e5f7e,test,tsdb-mysql,548,182,270,2026-09-08T08:20:03Z,2026-09-08T08:35:03Z,True
tt06_f58b0b7836e50f4fa9efe66f,test,nacos,0,0,0,2026-09-06T05:44:46.821446+00:00,2026-09-06T05:59:46Z,True
tt06_f58b0b7836e50f4fa9efe66f,test,nacosdb-mysql,546,180,270,2026-09-06T05:44:46.821446+00:00,2026-09-06T05:59:46Z,True
tt06_f58b0b7836e50f4fa9efe66f,test,rabbitmq,0,0,0,2026-09-06T05:44:46.821446+00:00,2026-09-06T05:59:46Z,True
tt06_f58b0b7836e50f4fa9efe66f,test,ts-auth-service,0,0,0,2026-09-06T05:44:46.821446+00:00,2026-09-06T05:59:46Z,True
tt06_f58b0b7836e50f4fa9efe66f,test,ts-basic-service,0,0,0,2026-09-06T05:44:46.821446+00:00,2026-09-06T05:59:46Z,True
tt06_f58b0b7836e50f4fa9efe66f,test,ts-config-service,0,0,0,2026-09-06T05:44:46.821446+00:00,2026-09-06T05:59:46Z,True
tt06_f58b0b7836e50f4fa9efe66f,test,ts-contacts-service,0,0,0,2026-09-06T05:44:46.821446+00:00,2026-09-06T05:59:46Z,True
tt06_f58b0b7836e50f4fa9efe66f,test,ts-gateway-service,0,0,0,2026-09-06T05:44:46.821446+00:00,2026-09-06T05:59:46Z,True
tt06_f58b0b7836e50f4fa9efe66f,test,ts-order-other-service,0,0,0,2026-09-06T05:44:46.821446+00:00,2026-09-06T05:59:46Z,True
tt06_f58b0b7836e50f4fa9efe66f,test,ts-order-service,0,0,0,2026-09-06T05:44:46.821446+00:00,2026-09-06T05:59:46Z,True
tt06_f58b0b7836e50f4fa9efe66f,test,ts-price-service,130,48,80,2026-09-06T05:44:46.821446+00:00,2026-09-06T05:59:46Z,True
tt06_f58b0b7836e50f4fa9efe66f,test,ts-route-service,61,24,36,2026-09-06T05:44:46.821446+00:00,2026-09-06T05:59:46Z,True
tt06_f58b0b7836e50f4fa9efe66f,test,ts-seat-service,0,0,0,2026-09-06T05:44:46.821446+00:00,2026-09-06T05:59:46Z,True
tt06_f58b0b7836e50f4fa9efe66f,test,ts-station-service,0,0,0,2026-09-06T05:44:46.821446+00:00,2026-09-06T05:59:46Z,True
tt06_f58b0b7836e50f4fa9efe66f,test,ts-train-service,57,24,32,2026-09-06T05:44:46.821446+00:00,2026-09-06T05:59:46Z,True
tt06_f58b0b7836e50f4fa9efe66f,test,ts-travel-service,0,0,0,2026-09-06T05:44:46.821446+00:00,2026-09-06T05:59:46Z,True
tt06_f58b0b7836e50f4fa9efe66f,test,ts-travel2-service,0,0,0,2026-09-06T05:44:46.821446+00:00,2026-09-06T05:59:46Z,True
tt06_f58b0b7836e50f4fa9efe66f,test,ts-ui-dashboard,0,0,0,2026-09-06T05:44:46.821446+00:00,2026-09-06T05:59:46Z,True
tt06_f58b0b7836e50f4fa9efe66f,test,ts-user-service,0,0,0,2026-09-06T05:44:46.821446+00:00,2026-09-06T05:59:46Z,True
tt06_f58b0b7836e50f4fa9efe66f,test,tsdb-mysql,548,180,270,2026-09-06T05:44:46.821446+00:00,2026-09-06T05:59:46Z,True
tt06_f7697d0fcc48fe8e0875db9d,test,nacos,0,0,0,2026-09-07T19:35:56Z,2026-09-07T19:50:56Z,True
tt06_f7697d0fcc48fe8e0875db9d,test,nacosdb-mysql,547,181,270,2026-09-07T19:35:56Z,2026-09-07T19:50:56Z,True
tt06_f7697d0fcc48fe8e0875db9d,test,rabbitmq,0,0,0,2026-09-07T19:35:56Z,2026-09-07T19:50:56Z,True
tt06_f7697d0fcc48fe8e0875db9d,test,ts-auth-service,0,0,0,2026-09-07T19:35:56Z,2026-09-07T19:50:56Z,True
tt06_f7697d0fcc48fe8e0875db9d,test,ts-basic-service,0,0,0,2026-09-07T19:35:56Z,2026-09-07T19:50:56Z,True
tt06_f7697d0fcc48fe8e0875db9d,test,ts-config-service,0,0,0,2026-09-07T19:35:56Z,2026-09-07T19:50:56Z,True
tt06_f7697d0fcc48fe8e0875db9d,test,ts-contacts-service,0,0,0,2026-09-07T19:35:56Z,2026-09-07T19:50:56Z,True
tt06_f7697d0fcc48fe8e0875db9d,test,ts-gateway-service,0,0,0,2026-09-07T19:35:56Z,2026-09-07T19:50:56Z,True
tt06_f7697d0fcc48fe8e0875db9d,test,ts-order-other-service,0,0,0,2026-09-07T19:35:56Z,2026-09-07T19:50:56Z,True
tt06_f7697d0fcc48fe8e0875db9d,test,ts-order-service,0,0,0,2026-09-07T19:35:56Z,2026-09-07T19:50:56Z,True
tt06_f7697d0fcc48fe8e0875db9d,test,ts-price-service,40,16,24,2026-09-07T19:35:56Z,2026-09-07T19:50:56Z,True
tt06_f7697d0fcc48fe8e0875db9d,test,ts-route-service,7921,32,7130,2026-09-07T19:35:56Z,2026-09-07T19:50:56Z,True
tt06_f7697d0fcc48fe8e0875db9d,test,ts-seat-service,0,0,0,2026-09-07T19:35:56Z,2026-09-07T19:50:56Z,True
tt06_f7697d0fcc48fe8e0875db9d,test,ts-station-service,0,0,0,2026-09-07T19:35:56Z,2026-09-07T19:50:56Z,True
tt06_f7697d0fcc48fe8e0875db9d,test,ts-train-service,20,8,12,2026-09-07T19:35:56Z,2026-09-07T19:50:56Z,True
tt06_f7697d0fcc48fe8e0875db9d,test,ts-travel-service,0,0,0,2026-09-07T19:35:56Z,2026-09-07T19:50:56Z,True
tt06_f7697d0fcc48fe8e0875db9d,test,ts-travel2-service,0,0,0,2026-09-07T19:35:56Z,2026-09-07T19:50:56Z,True
tt06_f7697d0fcc48fe8e0875db9d,test,ts-ui-dashboard,0,0,0,2026-09-07T19:35:56Z,2026-09-07T19:50:56Z,True
tt06_f7697d0fcc48fe8e0875db9d,test,ts-user-service,0,0,0,2026-09-07T19:35:56Z,2026-09-07T19:50:56Z,True
tt06_f7697d0fcc48fe8e0875db9d,test,tsdb-mysql,546,180,270,2026-09-07T19:35:56Z,2026-09-07T19:50:56Z,True
tt06_f7b95403bbf0140b607276f4,test,nacos,0,0,0,2026-09-06T23:03:40.429996+00:00,2026-09-06T23:18:40Z,True
tt06_f7b95403bbf0140b607276f4,test,nacosdb-mysql,547,180,269,2026-09-06T23:03:40.429996+00:00,2026-09-06T23:18:40Z,True
tt06_f7b95403bbf0140b607276f4,test,rabbitmq,0,0,0,2026-09-06T23:03:40.429996+00:00,2026-09-06T23:18:40Z,True
tt06_f7b95403bbf0140b607276f4,test,ts-auth-service,0,0,0,2026-09-06T23:03:40.429996+00:00,2026-09-06T23:18:40Z,True
tt06_f7b95403bbf0140b607276f4,test,ts-basic-service,0,0,0,2026-09-06T23:03:40.429996+00:00,2026-09-06T23:18:40Z,True
tt06_f7b95403bbf0140b607276f4,test,ts-config-service,0,0,0,2026-09-06T23:03:40.429996+00:00,2026-09-06T23:18:40Z,True
tt06_f7b95403bbf0140b607276f4,test,ts-contacts-service,0,0,0,2026-09-06T23:03:40.429996+00:00,2026-09-06T23:18:40Z,True
tt06_f7b95403bbf0140b607276f4,test,ts-gateway-service,0,0,0,2026-09-06T23:03:40.429996+00:00,2026-09-06T23:18:40Z,True
tt06_f7b95403bbf0140b607276f4,test,ts-order-other-service,0,0,0,2026-09-06T23:03:40.429996+00:00,2026-09-06T23:18:40Z,True
tt06_f7b95403bbf0140b607276f4,test,ts-order-service,0,0,0,2026-09-06T23:03:40.429996+00:00,2026-09-06T23:18:40Z,True
tt06_f7b95403bbf0140b607276f4,test,ts-price-service,42,16,24,2026-09-06T23:03:40.429996+00:00,2026-09-06T23:18:40Z,True
tt06_f7b95403bbf0140b607276f4,test,ts-route-service,21,8,12,2026-09-06T23:03:40.429996+00:00,2026-09-06T23:18:40Z,True
tt06_f7b95403bbf0140b607276f4,test,ts-seat-service,0,0,0,2026-09-06T23:03:40.429996+00:00,2026-09-06T23:18:40Z,True
tt06_f7b95403bbf0140b607276f4,test,ts-station-service,0,0,0,2026-09-06T23:03:40.429996+00:00,2026-09-06T23:18:40Z,True
tt06_f7b95403bbf0140b607276f4,test,ts-train-service,81,32,48,2026-09-06T23:03:40.429996+00:00,2026-09-06T23:18:40Z,True
tt06_f7b95403bbf0140b607276f4,test,ts-travel-service,0,0,0,2026-09-06T23:03:40.429996+00:00,2026-09-06T23:18:40Z,True
tt06_f7b95403bbf0140b607276f4,test,ts-travel2-service,0,0,0,2026-09-06T23:03:40.429996+00:00,2026-09-06T23:18:40Z,True
tt06_f7b95403bbf0140b607276f4,test,ts-ui-dashboard,0,0,0,2026-09-06T23:03:40.429996+00:00,2026-09-06T23:18:40Z,True
tt06_f7b95403bbf0140b607276f4,test,ts-user-service,0,0,0,2026-09-06T23:03:40.429996+00:00,2026-09-06T23:18:40Z,True
tt06_f7b95403bbf0140b607276f4,test,tsdb-mysql,547,180,270,2026-09-06T23:03:40.429996+00:00,2026-09-06T23:18:40Z,True
tt06_fd74619259e44424dfe0aa50,test,nacos,0,0,0,2026-09-09T09:25:05.739471+00:00,2026-09-09T09:40:05Z,True
tt06_fd74619259e44424dfe0aa50,test,nacosdb-mysql,546,180,269,2026-09-09T09:25:05.739471+00:00,2026-09-09T09:40:05Z,True
tt06_fd74619259e44424dfe0aa50,test,rabbitmq,0,0,0,2026-09-09T09:25:05.739471+00:00,2026-09-09T09:40:05Z,True
tt06_fd74619259e44424dfe0aa50,test,ts-auth-service,0,0,0,2026-09-09T09:25:05.739471+00:00,2026-09-09T09:40:05Z,True
tt06_fd74619259e44424dfe0aa50,test,ts-basic-service,0,0,0,2026-09-09T09:25:05.739471+00:00,2026-09-09T09:40:05Z,True
tt06_fd74619259e44424dfe0aa50,test,ts-config-service,0,0,0,2026-09-09T09:25:05.739471+00:00,2026-09-09T09:40:05Z,True
tt06_fd74619259e44424dfe0aa50,test,ts-contacts-service,0,0,0,2026-09-09T09:25:05.739471+00:00,2026-09-09T09:40:05Z,True
tt06_fd74619259e44424dfe0aa50,test,ts-gateway-service,150,0,49,2026-09-09T09:25:05.739471+00:00,2026-09-09T09:40:05Z,True
tt06_fd74619259e44424dfe0aa50,test,ts-order-other-service,0,0,0,2026-09-09T09:25:05.739471+00:00,2026-09-09T09:40:05Z,True
tt06_fd74619259e44424dfe0aa50,test,ts-order-service,0,0,0,2026-09-09T09:25:05.739471+00:00,2026-09-09T09:40:05Z,True
tt06_fd74619259e44424dfe0aa50,test,ts-price-service,74,30,42,2026-09-09T09:25:05.739471+00:00,2026-09-09T09:40:05Z,True
tt06_fd74619259e44424dfe0aa50,test,ts-route-service,40,15,24,2026-09-09T09:25:05.739471+00:00,2026-09-09T09:40:05Z,True
tt06_fd74619259e44424dfe0aa50,test,ts-seat-service,0,0,0,2026-09-09T09:25:05.739471+00:00,2026-09-09T09:40:05Z,True
tt06_fd74619259e44424dfe0aa50,test,ts-station-service,0,0,0,2026-09-09T09:25:05.739471+00:00,2026-09-09T09:40:05Z,True
tt06_fd74619259e44424dfe0aa50,test,ts-train-service,39,15,23,2026-09-09T09:25:05.739471+00:00,2026-09-09T09:40:05Z,True
tt06_fd74619259e44424dfe0aa50,test,ts-travel-service,0,0,0,2026-09-09T09:25:05.739471+00:00,2026-09-09T09:40:05Z,True
tt06_fd74619259e44424dfe0aa50,test,ts-travel2-service,0,0,0,2026-09-09T09:25:05.739471+00:00,2026-09-09T09:40:05Z,True
tt06_fd74619259e44424dfe0aa50,test,ts-ui-dashboard,0,0,0,2026-09-09T09:25:05.739471+00:00,2026-09-09T09:40:05Z,True
tt06_fd74619259e44424dfe0aa50,test,ts-user-service,0,0,0,2026-09-09T09:25:05.739471+00:00,2026-09-09T09:40:05Z,True
tt06_fd74619259e44424dfe0aa50,test,tsdb-mysql,548,182,270,2026-09-09T09:25:05.739471+00:00,2026-09-09T09:40:05Z,True
tt06_fd8c476338dcd17bba80e984,test,nacos,0,0,0,2026-09-06T15:22:57.852841+00:00,2026-09-06T15:37:57Z,True
tt06_fd8c476338dcd17bba80e984,test,nacosdb-mysql,547,180,270,2026-09-06T15:22:57.852841+00:00,2026-09-06T15:37:57Z,True
tt06_fd8c476338dcd17bba80e984,test,rabbitmq,0,0,0,2026-09-06T15:22:57.852841+00:00,2026-09-06T15:37:57Z,True
tt06_fd8c476338dcd17bba80e984,test,ts-auth-service,0,0,0,2026-09-06T15:22:57.852841+00:00,2026-09-06T15:37:57Z,True
tt06_fd8c476338dcd17bba80e984,test,ts-basic-service,0,0,0,2026-09-06T15:22:57.852841+00:00,2026-09-06T15:37:57Z,True
tt06_fd8c476338dcd17bba80e984,test,ts-config-service,0,0,0,2026-09-06T15:22:57.852841+00:00,2026-09-06T15:37:57Z,True
tt06_fd8c476338dcd17bba80e984,test,ts-contacts-service,0,0,0,2026-09-06T15:22:57.852841+00:00,2026-09-06T15:37:57Z,True
tt06_fd8c476338dcd17bba80e984,test,ts-gateway-service,0,0,0,2026-09-06T15:22:57.852841+00:00,2026-09-06T15:37:57Z,True
tt06_fd8c476338dcd17bba80e984,test,ts-order-other-service,0,0,0,2026-09-06T15:22:57.852841+00:00,2026-09-06T15:37:57Z,True
tt06_fd8c476338dcd17bba80e984,test,ts-order-service,0,0,0,2026-09-06T15:22:57.852841+00:00,2026-09-06T15:37:57Z,True
tt06_fd8c476338dcd17bba80e984,test,ts-price-service,42,16,24,2026-09-06T15:22:57.852841+00:00,2026-09-06T15:37:57Z,True
tt06_fd8c476338dcd17bba80e984,test,ts-route-service,21,8,12,2026-09-06T15:22:57.852841+00:00,2026-09-06T15:37:57Z,True
tt06_fd8c476338dcd17bba80e984,test,ts-seat-service,0,0,0,2026-09-06T15:22:57.852841+00:00,2026-09-06T15:37:57Z,True
tt06_fd8c476338dcd17bba80e984,test,ts-station-service,0,0,0,2026-09-06T15:22:57.852841+00:00,2026-09-06T15:37:57Z,True
tt06_fd8c476338dcd17bba80e984,test,ts-train-service,154,32,48,2026-09-06T15:22:57.852841+00:00,2026-09-06T15:37:57Z,True
tt06_fd8c476338dcd17bba80e984,test,ts-travel-service,0,0,0,2026-09-06T15:22:57.852841+00:00,2026-09-06T15:37:57Z,True
tt06_fd8c476338dcd17bba80e984,test,ts-travel2-service,0,0,0,2026-09-06T15:22:57.852841+00:00,2026-09-06T15:37:57Z,True
tt06_fd8c476338dcd17bba80e984,test,ts-ui-dashboard,0,0,0,2026-09-06T15:22:57.852841+00:00,2026-09-06T15:37:57Z,True
tt06_fd8c476338dcd17bba80e984,test,ts-user-service,0,0,0,2026-09-06T15:22:57.852841+00:00,2026-09-06T15:37:57Z,True
tt06_fd8c476338dcd17bba80e984,test,tsdb-mysql,548,180,269,2026-09-06T15:22:57.852841+00:00,2026-09-06T15:37:57Z,True
